iteration,ratio,objective,residual,left_bc,right_bc
1,1.0000000000e+00,6.5919642391e+00,8.0847169738e-04,5.8181226254e-01,7.7303290367e-02
2,9.2289224175e-01,6.0836726542e+00,8.1862165825e-04,4.9423128366e-01,1.1405413598e-01
3,8.7038155759e-01,5.7375241020e+00,8.3524972433e-04,4.1682451963e-01,1.5684434772e-01
4,8.4068675380e-01,5.5417770174e+00,8.5866713198e-04,3.5105720162e-01,2.0303463936e-01
5,8.2919409869e-01,5.4660178458e+00,8.9371559443e-04,2.9842123389e-01,2.4809117615e-01
6,8.2848868283e-01,5.4613677697e+00,9.4811490271e-04,2.5941345096e-01,2.8662851453e-01
7,8.3077567925e-01,5.4764435684e+00,1.0257159593e-03,2.3296505213e-01,3.1457674503e-01
8,8.3050688795e-01,5.4746717057e+00,1.1254391866e-03,2.1706177294e-01,3.3029285073e-01
9,8.2530025149e-01,5.4403497444e+00,1.2444721069e-03,2.0955459774e-01,3.3435592055e-01
10,8.1527859794e-01,5.3742873626e+00,1.3806776842e-03,2.0863442123e-01,3.2865625620e-01
11,8.0192844710e-01,5.2862836457e+00,1.5334225027e-03,2.1290162206e-01,3.1557339430e-01
12,7.8717258783e-01,5.1890135490e+00,1.7035686178e-03,2.2123345733e-01,2.9749754071e-01
13,7.7278289078e-01,5.0941571806e+00,1.8932436360e-03,2.3261114955e-01,2.7661523223e-01
14,7.6004741923e-01,5.0102054076e+00,2.1056132391e-03,2.4598117173e-01,2.5482881069e-01
15,7.4960814632e-01,4.9413900939e+00,2.3446646519e-03,2.6017799973e-01,2.3372654617e-01
16,7.4143429914e-01,4.8875083856e+00,2.6149682235e-03,2.7392405272e-01,2.1456527710e-01
17,7.3492881729e-01,4.8446244819e+00,2.9213053640e-03,2.8591552377e-01,1.9825479388e-01
18,7.2916271537e-01,4.8066145442e+00,3.2681487501e-03,2.9498091340e-01,1.8535372615e-01
19,7.2317636903e-01,4.7671527632e+00,3.6592253018e-03,3.0025532842e-01,1.7609402537e-01
20,7.1625030865e-01,4.7214964209e+00,4.0974197909e-03,3.0130127072e-01,1.7043863237e-01
21,7.0805688618e-01,4.6674856730e+00,4.5849867165e-03,2.9813635349e-01,1.6815371811e-01
22,6.9866942286e-01,4.6056038504e+00,5.1238900051e-03,2.9117760062e-01,1.6887038946e-01
23,6.8845953981e-01,4.5383006665e+00,5.7161184959e-03,2.8113692999e-01,1.7212150991e-01
24,6.7793926124e-01,4.4689513664e+00,6.3638905995e-03,2.6890367270e-01,1.7735506594e-01
25,6.6759968403e-01,4.4007932432e+00,7.0697553456e-03,2.5543656945e-01,1.8393579125e-01
26,6.5778014261e-01,4.3360631773e+00,7.8366110101e-03,2.4167315662e-01,1.9114950299e-01
27,6.4859487233e-01,4.2755142041e+00,8.6676664650e-03,2.2845833004e-01,1.9822631776e-01
28,6.3992693942e-01,4.2183755003e+00,9.5663629472e-03,2.1649073064e-01,2.0439018309e-01
29,6.3148997943e-01,4.1627593618e+00,1.0536251590e-02,2.0628768206e-01,2.0893463492e-01
30,6.2293631768e-01,4.1063739294e+00,1.1580967344e-02,1.9817019999e-01,2.1130910516e-01
31,6.1397428742e-01,4.0472965464e+00,1.2704394758e-02,1.9226765633e-01,2.1119156480e-01
32,6.0445443160e-01,3.9845419973e+00,1.3910993934e-02,1.8853686750e-01,2.0852623880e-01
33,5.9439850109e-01,3.9182536630e+00,1.5206101350e-02,1.8678572774e-01,2.0351903141e-01
34,5.8396776603e-01,3.8494946305e+00,1.6596132889e-02,1.8669502437e-01,1.9659481943e-01
35,5.7338992486e-01,3.7797658797e+00,1.8088614568e-02,1.8783584237e-01,1.8833188713e-01
36,5.6287190707e-01,3.7104314826e+00,1.9692089409e-02,1.8968737125e-01,1.7938657105e-01
37,5.5252723999e-01,3.6422398072e+00,2.1415827796e-02,1.9166363776e-01,1.7041876912e-01
38,5.4234212210e-01,3.5750998743e+00,2.3269463331e-02,1.9315759838e-01,1.6202543676e-01
39,5.3219021724e-01,3.5081788804e+00,2.5262525305e-02,1.9360536337e-01,1.5468627214e-01
40,5.2189036521e-01,3.4402826242e+00,2.7404110879e-02,1.9256104529e-01,1.4872680604e-01
41,5.1128221718e-01,3.3703540917e+00,2.9702698812e-02,1.8976299465e-01,1.4430214465e-01
42,5.0028806493e-01,3.2978810333e+00,3.2166387886e-02,1.8517120183e-01,1.4140026271e-01
43,4.8893501218e-01,3.2230421156e+00,3.4803256392e-02,1.7896521091e-01,1.3985867798e-01
44,4.7733259816e-01,3.1465594172e+00,3.7621915340e-02,1.7150731385e-01,1.3938644528e-01
45,4.6561974270e-01,3.0693486929e+00,4.0631890297e-02,1.6328155994e-01,1.3959011436e-01
46,4.5390539304e-01,2.9921281189e+00,4.3843969703e-02,1.5482240915e-01,1.4000600576e-01
47,4.4222848015e-01,2.9151543267e+00,4.7270286828e-02,1.4664320648e-01,1.4014519751e-01
48,4.3055316262e-01,2.8381910510e+00,5.0924081355e-02,1.3917392492e-01,1.3955277205e-01
49,4.1880129368e-01,2.7607231513e+00,5.4819263518e-02,1.3271497190e-01,1.3787540793e-01
50,4.0690451345e-01,2.6823000014e+00,5.8969765902e-02,1.2741087377e-01,1.3492214680e-01
51,3.9484810433e-01,2.6028245836e+00,6.3388839364e-02,1.2324479967e-01,1.3069877028e-01
52,3.8268317634e-01,2.5226338133e+00,6.8088434637e-02,1.2004987895e-01,1.2540465593e-01
53,3.7050274806e-01,2.4423408657e+00,7.3078766465e-02,1.1753391474e-01,1.1939230561e-01
54,3.5839525495e-01,2.3625287041e+00,7.8368090093e-02,1.1531569809e-01,1.1310036480e-01
55,3.4640415632e-01,2.2834838107e+00,8.3962507546e-02,1.1297655851e-01,1.0697557032e-01
56,3.3451634350e-01,2.2051197737e+00,8.9866325259e-02,1.1012694985e-01,1.0139840096e-01
57,3.2268694888e-01,2.1271408275e+00,9.6082635224e-02,1.0648004711e-01,9.6625767648e-02
58,3.1088396374e-01,2.0493359715e+00,1.0261429846e-01,1.0191244632e-01,9.2759713531e-02
59,2.9912294485e-01,1.9718077555e+00,1.0946515948e-01,9.6490293741e-02,8.9743964374e-02
60,2.8746912583e-01,1.8949861974e+00,1.1664097011e-01,9.0451158583e-02,8.7383367121e-02
61,2.7600692861e-01,1.8194278032e+00,1.2415011227e-01,8.4147311747e-02,8.5380457342e-02
62,2.6479940654e-01,1.7455482185e+00,1.3200369477e-01,7.7967613935e-02,8.3386838436e-02
63,2.5386638199e-01,1.6734781116e+00,1.4021442831e-01,7.2257488966e-02,8.1068880856e-02
64,2.4319588559e-01,1.6031385809e+00,1.4879430830e-01,6.7254520953e-02,7.8179910779e-02
65,2.3277881881e-01,1.5344696492e+00,1.5775136650e-01,6.3051365316e-02,7.4620462954e-02
66,2.2263833372e-01,1.4676239341e+00,1.6708628833e-01,5.9590488672e-02,7.0463277400e-02
67,2.1282934928e-01,1.4029634595e+00,1.7679041624e-01,5.6686624885e-02,6.5930679440e-02
68,2.0340963266e-01,1.3408690244e+00,1.8684615195e-01,5.4072011262e-02,6.1330277473e-02
69,1.9440882133e-01,1.2815359980e+00,1.9722874463e-01,5.1459021866e-02,5.6971706450e-02
70,1.8582324875e-01,1.2249402106e+00,2.0791009068e-01,4.8613268882e-02,5.3089741617e-02
71,1.7763993737e-01,1.1709961146e+00,2.1886239946e-01,4.5417819172e-02,4.9795553088e-02
72,1.6986636946e-01,1.1197530329e+00,2.3006123304e-01,4.1904978454e-02,4.7064200044e-02
73,1.6253648874e-01,1.0714347214e+00,2.4148751795e-01,3.8239922374e-02,4.4754795730e-02
74,1.5568839375e-01,1.0262923241e+00,2.5312757492e-01,3.4662239254e-02,4.2654234916e-02
75,1.4933717335e-01,9.8442530632e-01,2.6497089863e-01,3.1408667564e-02,4.0536772460e-02
76,1.4347014386e-01,9.4575005770e-01,2.7700480819e-01,2.8644768521e-02,3.8229756057e-02
77,1.3806760271e-01,9.1013669968e-01,2.8920757771e-01,2.6425980031e-02,3.5666931421e-02
78,1.3312498596e-01,8.7755514681e-01,3.0154186487e-01,2.4694515392e-02,3.2906811684e-02
79,1.2865155489e-01,8.4806644917e-01,3.1395292282e-01,2.3306751624e-02,3.0104599893e-02
80,1.2464859347e-01,8.2167907059e-01,3.2637232542e-01,2.2080607712e-02,2.7450067922e-02
81,1.2109427426e-01,7.9824912548e-01,3.3872535825e-01,2.0852878690e-02,2.5099497288e-02
82,1.1795257840e-01,7.7753917873e-01,3.5094028711e-01,1.9530721009e-02,2.3129168898e-02
83,1.1519443129e-01,7.5935757160e-01,3.6295548081e-01,1.8117435277e-02,2.1522773430e-02
84,1.1280415859e-01,7.4360097945e-01,3.7472313643e-01,1.6698945314e-02,2.0188840106e-02
85,1.1076559996e-01,7.3016287386e-01,3.8620868325e-01,1.5397840180e-02,1.8997577950e-02
86,1.0904691620e-01,7.1883337200e-01,3.9738377929e-01,1.4318364672e-02,1.7826594412e-02
87,1.0760480736e-01,7.0932704210e-01,4.0821689367e-01,1.3507716358e-02,1.6603298485e-02
88,1.0640090591e-01,7.0139096677e-01,4.1866385937e-01,1.2945441529e-02,1.5327268280e-02
89,1.0540847008e-01,6.9484886527e-01,4.2866432667e-01,1.2557503767e-02,1.4060950838e-02
90,1.0460245462e-01,6.8953564018e-01,4.3814757466e-01,1.2245102786e-02,1.2893703766e-02
91,1.0394913055e-01,6.8522895128e-01,4.4704368711e-01,1.1918892153e-02,1.1899634264e-02
92,1.0341075198e-01,6.8167997897e-01,4.5529666543e-01,1.1528575793e-02,1.1109756306e-02
93,1.0295761248e-01,6.7869289964e-01,4.6287333965e-01,1.1075683869e-02,1.0506272316e-02
94,1.0257044128e-01,6.7614068091e-01,4.6976560354e-01,1.0602849536e-02,1.0034658015e-02
95,1.0223159739e-01,6.7390703410e-01,4.7598478198e-01,1.0166458786e-02,9.6257664263e-03
96,1.0191939580e-01,6.7184901237e-01,4.8155045509e-01,9.8086390644e-03,9.2212166637e-03
97,1.0161363438e-01,6.6983344406e-01,4.8647865653e-01,9.5417043194e-03,8.7937740609e-03
98,1.0130266364e-01,6.6778353602e-01,4.9077445269e-01,9.3473698944e-03,8.3535378799e-03
99,1.0098170937e-01,6.6566781700e-01,4.9443343282e-01,9.1867446899e-03,7.9366937280e-03
100,1.0064592281e-01,6.6345432401e-01,4.9745082855e-01,9.0162018314e-03,7.5841476209e-03
101,1.0028893499e-01,6.6110107303e-01,4.9983301759e-01,8.8046044111e-03,7.3222015053e-03
102,9.9907629792e-02,6.5858752280e-01,5.0160515308e-01,8.5452813655e-03,7.1529559791e-03
103,9.9504727740e-02,6.5593160689e-01,5.0281327963e-01,8.2565676421e-03,7.0552644320e-03
104,9.9084865128e-02,6.5316388756e-01,5.0351792574e-01,7.9707670957e-03,6.9938292727e-03
105,9.8650813332e-02,6.5030263364e-01,5.0378382206e-01,7.7186175622e-03,6.9332635030e-03
106,9.8204595503e-02,6.4736118168e-01,5.0366860628e-01,7.5170286000e-03,6.8522286601e-03
107,9.7750814029e-02,6.4436987042e-01,5.0321686268e-01,7.3642847128e-03,6.7510157824e-03
108,9.7295923777e-02,6.4137125015e-01,5.0246018171e-01,7.2426274419e-03,6.6484794952e-03
109,9.6845225630e-02,6.3840026408e-01,5.0142455101e-01,7.1269976906e-03,6.5705738962e-03
110,9.6401741881e-02,6.3547683507e-01,5.0013834238e-01,6.9966753945e-03,6.5371738747e-03
111,9.5968460917e-02,6.3262066245e-01,4.9863952398e-01,6.8449266255e-03,6.5531870350e-03
112,9.5549282107e-02,6.2985745072e-01,4.9697530270e-01,6.6813915037e-03,6.6068232991e-03
113,9.5147690017e-02,6.2721017003e-01,4.9519863725e-01,6.5262462012e-03,6.6749076359e-03
114,9.4765269262e-02,6.2468926609e-01,4.9336043000e-01,6.3998489641e-03,6.7330342717e-03
115,9.4402397344e-02,6.2229722738e-01,4.9150171876e-01,6.3133193180e-03,6.7662317306e-03
116,9.4059750156e-02,6.2003850937e-01,4.8965039849e-01,6.2640421093e-03,6.7747686990e-03
117,9.3738131305e-02,6.1791840941e-01,4.8782262206e-01,6.2373876572e-03,6.7721912637e-03
118,9.3437353736e-02,6.1593569443e-01,4.8602840304e-01,6.2136654742e-03,6.7770639434e-03
119,9.3156120484e-02,6.1408181489e-01,4.8427802324e-01,6.1771506444e-03,6.8032285199e-03
120,9.2893036818e-02,6.1234757677e-01,4.8258659244e-01,6.1229174025e-03,6.8531809375e-03
121,9.2647143154e-02,6.1072665453e-01,4.8097485304e-01,6.0579217970e-03,6.9172582589e-03
122,9.2417278159e-02,6.0921139270e-01,4.7946533561e-01,5.9961965308e-03,6.9784088992e-03
123,9.2201668466e-02,6.0779010132e-01,4.7807782888e-01,5.9509333223e-03,7.0202942006e-03
124,9.1998386432e-02,6.0645007342e-01,4.7682425380e-01,5.9278518893e-03,7.0347301662e-03
125,9.1805969511e-02,6.0518166795e-01,4.7570714355e-01,5.9226495214e-03,7.0248027332e-03
126,9.1623249021e-02,6.0397718102e-01,4.7472155094e-01,5.9233522043e-03,7.0022107102e-03
127,9.1448829666e-02,6.0282741487e-01,4.7385933995e-01,5.9161498211e-03,6.9806575775e-03
128,9.1281238729e-02,6.0172266141e-01,4.7311401367e-01,5.8918786235e-03,6.9689862430e-03
129,9.1119338611e-02,6.0065542161e-01,4.7248327732e-01,5.8498866856e-03,6.9673275575e-03
130,9.0962355088e-02,5.9962059185e-01,4.7196912766e-01,5.7974015363e-03,6.9677452557e-03
131,9.0809615662e-02,5.9861373901e-01,4.7157496214e-01,5.7451166213e-03,6.9587612525e-03
132,9.0660307116e-02,5.9762950242e-01,4.7130158544e-01,5.7015097700e-03,6.9312816486e-03
133,9.0513850760e-02,5.9666406736e-01,4.7114470601e-01,5.6688841432e-03,6.8830517121e-03
134,9.0369990593e-02,5.9571574628e-01,4.7109434009e-01,5.6427652016e-03,6.8193757907e-03
135,9.0228522605e-02,5.9478319436e-01,4.7113651037e-01,5.6146546267e-03,6.7500136793e-03
136,9.0089256913e-02,5.9386515990e-01,4.7125720978e-01,5.5766347796e-03,6.6841603257e-03
137,8.9952012676e-02,5.9296045080e-01,4.7144532204e-01,5.5252914317e-03,6.6262213513e-03
138,8.9816765029e-02,5.9206890315e-01,4.7169369459e-01,5.4631517269e-03,6.5743690357e-03
139,8.9683619086e-02,5.9119120985e-01,4.7199866176e-01,5.3970115259e-03,6.5222433768e-03
140,8.9552617231e-02,5.9032765031e-01,4.7235718369e-01,5.3342171013e-03,6.4628296532e-03
141,8.9423708038e-02,5.8947788551e-01,4.7276389599e-01,5.2791144699e-03,6.3922842965e-03
142,8.9296969493e-02,5.8864242956e-01,4.7321021557e-01,5.2313213237e-03,6.3119004481e-03
143,8.9172513492e-02,5.8782202005e-01,4.7368437052e-01,5.1865228452e-03,6.2272422947e-03
144,8.9050372812e-02,5.8701687306e-01,4.7417354584e-01,5.1391688175e-03,6.1451639049e-03
145,8.8930540107e-02,5.8622694016e-01,4.7466689348e-01,5.0855679438e-03,6.0704364441e-03
146,8.8813009160e-02,5.8545218036e-01,4.7515687346e-01,5.0257691182e-03,6.0037616640e-03
147,8.8697783362e-02,5.8469261602e-01,4.7563922405e-01,4.9633258022e-03,5.9420135804e-03
148,8.8584833327e-02,5.8394805342e-01,4.7611197829e-01,4.9032405950e-03,5.8803670108e-03
149,8.8474069198e-02,5.8321790025e-01,4.7657263279e-01,4.8493859358e-03,5.8151409030e-03
150,8.8365406773e-02,5.8250160143e-01,4.7701695561e-01,4.8026908189e-03,5.7457736693e-03
151,8.8258765804e-02,5.8179862797e-01,4.7743842006e-01,4.7610751353e-03,5.6749456562e-03
152,8.8154046829e-02,5.8110832423e-01,4.7782948613e-01,4.7208606265e-03,5.6070229039e-03
153,8.8051132865e-02,5.8042991906e-01,4.7818368673e-01,4.6789702028e-03,5.5456529371e-03
154,8.7949888849e-02,5.7976252213e-01,4.7849702835e-01,4.6345177107e-03,5.4920315742e-03
155,8.7850198930e-02,5.7910536975e-01,4.7876858711e-01,4.5891427435e-03,5.4445355199e-03
156,8.7751961384e-02,5.7845779136e-01,4.7899931669e-01,4.5459326357e-03,5.3999149241e-03
157,8.7655040582e-02,5.7781889290e-01,4.7919076681e-01,4.5076361857e-03,5.3551765159e-03
158,8.7559351754e-02,5.7718811557e-01,4.7934341431e-01,4.4752741233e-03,5.3091961890e-03
159,8.7464773965e-02,5.7656466216e-01,4.7945585847e-01,4.4477339834e-03,5.2631464787e-03
160,8.7371228095e-02,5.7594801113e-01,4.7952607274e-01,4.4225556776e-03,5.2196378820e-03
161,8.7278641809e-02,5.7533768564e-01,4.7955223918e-01,4.3973992579e-03,5.1811453886e-03
162,8.7186932033e-02,5.7473313808e-01,4.7953450680e-01,4.3712621555e-03,5.1486007869e-03
163,8.7096055254e-02,5.7413408160e-01,4.7947511077e-01,4.3448805809e-03,5.1210164092e-03
164,8.7005945915e-02,5.7354008406e-01,4.7937759757e-01,4.3201213703e-03,5.0961272791e-03
165,8.6916585368e-02,5.7295102254e-01,4.7924625874e-01,4.2988071218e-03,5.0716693513e-03
166,8.6827923882e-02,5.7236656919e-01,4.7908416390e-01,4.2816572823e-03,5.0465832464e-03
167,8.6739938852e-02,5.7178657502e-01,4.7889313102e-01,4.2679370381e-03,5.0214072689e-03
168,8.6652605978e-02,5.7121087983e-01,4.7867402434e-01,4.2559346184e-03,4.9977507442e-03
169,8.6565904349e-02,5.7063934579e-01,4.7842779756e-01,4.2439443059e-03,4.9772104248e-03
170,8.6479841312e-02,5.7007202134e-01,4.7815653682e-01,4.2311572470e-03,4.9603912048e-03
171,8.6394382960e-02,5.6950868294e-01,4.7786340117e-01,4.2179706506e-03,4.9465573393e-03
172,8.6309545117e-02,5.6894943491e-01,4.7755268216e-01,4.2055738159e-03,4.9341013655e-03
173,8.6225273530e-02,5.6839391962e-01,4.7722837329e-01,4.1951383464e-03,4.9214162864e-03
174,8.6141592499e-02,5.6784229726e-01,4.7689390182e-01,4.1870884597e-03,4.9077509902e-03
175,8.6058484506e-02,5.6729445234e-01,4.7655129433e-01,4.1808527894e-03,4.8934631050e-03
176,8.5975941074e-02,5.6675032899e-01,4.7620168328e-01,4.1752229445e-03,4.8796413466e-03
177,8.5893936207e-02,5.6620975584e-01,4.7584599257e-01,4.1690319777e-03,4.8673441634e-03
178,8.5812465950e-02,5.6567270681e-01,4.7548583150e-01,4.1617727838e-03,4.8569147475e-03
179,8.5731503740e-02,5.6513900682e-01,4.7512352467e-01,4.1537610814e-03,4.8477868550e-03
180,8.5651059751e-02,5.6460872293e-01,4.7476184368e-01,4.1458522901e-03,4.8388354480e-03
181,8.5571110813e-02,5.6408170238e-01,4.7440338135e-01,4.1388240643e-03,4.8290081322e-03
182,8.5491608324e-02,5.6355762482e-01,4.7404956818e-01,4.1328934021e-03,4.8179123551e-03
183,8.5412584497e-02,5.6303670257e-01,4.7370123863e-01,4.1276197881e-03,4.8059266992e-03
184,8.5333998642e-02,5.6251866743e-01,4.7335827351e-01,4.1221575812e-03,4.7938819043e-03
185,8.5255846804e-02,5.6200349331e-01,4.7302058339e-01,4.1158008389e-03,4.7824899666e-03
186,8.5178096771e-02,5.6149096787e-01,4.7268834710e-01,4.1083381511e-03,4.7719241120e-03
187,8.5100758149e-02,5.6098115444e-01,4.7236242890e-01,4.1001322679e-03,4.7617400996e-03
188,8.5023806639e-02,5.6047389284e-01,4.7204387188e-01,4.0918267332e-03,4.7511751764e-03
189,8.4947237719e-02,5.5996915326e-01,4.7173330188e-01,4.0839533322e-03,4.7396318987e-03
190,8.4871031044e-02,5.5946680158e-01,4.7143074870e-01,4.0765837766e-03,4.7270217910e-03
191,8.4795196223e-02,5.5896690115e-01,4.7113555670e-01,4.0693734773e-03,4.7137611546e-03
192,8.4719710650e-02,5.5846930295e-01,4.7084668279e-01,4.0617696941e-03,4.7004921362e-03
193,8.4644565847e-02,5.5797395110e-01,4.7056326270e-01,4.0533985011e-03,4.6876701526e-03
194,8.4569757860e-02,5.5748081952e-01,4.7028476000e-01,4.0442706086e-03,4.6753352508e-03
195,8.4495285557e-02,5.5698990077e-01,4.7001111507e-01,4.0347571485e-03,4.6631214209e-03
196,8.4421136507e-02,5.5650111288e-01,4.6974226832e-01,4.0253475308e-03,4.6505369246e-03
197,8.4347303361e-02,5.5601440743e-01,4.6947795153e-01,4.0163393132e-03,4.6373060904e-03
198,8.4273801945e-02,5.5552988872e-01,4.6921756864e-01,4.0077143349e-03,4.6235178597e-03
199,8.4200619825e-02,5.5504747480e-01,4.6896001697e-01,3.9991675876e-03,4.6095782891e-03
200,8.4127737222e-02,5.5456703529e-01,4.6870410442e-01,3.9903707802e-03,4.5959223062e-03
201,8.4055166568e-02,5.5408865213e-01,4.6844911575e-01,3.9811618626e-03,4.5827915892e-03
202,8.3982899953e-02,5.5361227319e-01,4.6819448471e-01,3.9716642350e-03,4.5701144263e-03
203,8.3910939070e-02,5.5313790962e-01,4.6794006228e-01,3.9622047916e-03,4.5575802214e-03
204,8.3839266401e-02,5.5266544595e-01,4.6768569946e-01,3.9530815557e-03,4.5448932797e-03
205,8.3767906248e-02,5.5219504237e-01,4.6743109822e-01,3.9444328286e-03,4.5319618657e-03
206,8.3696820745e-02,5.5172644928e-01,4.6717563272e-01,3.9361263625e-03,4.5189550146e-03
207,8.3626027413e-02,5.5125978217e-01,4.6691852808e-01,3.9279377088e-03,4.5061875135e-03
208,8.3555523990e-02,5.5079502612e-01,4.6665924788e-01,3.9196778089e-03,4.4939001091e-03
209,8.3485306521e-02,5.5033215508e-01,4.6639746428e-01,3.9113019593e-03,4.4821673073e-03
210,8.3415358617e-02,5.4987106100e-01,4.6613302827e-01,3.9029750042e-03,4.4708279893e-03
211,8.3345678583e-02,5.4941173270e-01,4.6586614847e-01,3.8949088193e-03,4.4596497901e-03
212,8.3276287893e-02,5.4895431176e-01,4.6559700370e-01,3.8872652221e-03,4.4484655373e-03
213,8.3207170159e-02,5.4849869013e-01,4.6532541513e-01,3.8800449111e-03,4.4372826815e-03
214,8.3138306167e-02,5.4804474115e-01,4.6505117416e-01,3.8730800152e-03,4.4262767769e-03
215,8.3069714000e-02,5.4759258404e-01,4.6477407217e-01,3.8662122097e-03,4.4156392105e-03
216,8.3001378966e-02,5.4714212194e-01,4.6449401975e-01,3.8593334612e-03,4.4054770842e-03
217,8.2933316322e-02,5.4669345543e-01,4.6421122551e-01,3.8524924312e-03,4.3957303278e-03
218,8.2865495552e-02,5.4624638334e-01,4.6392598748e-01,3.8458171766e-03,4.3862224557e-03
219,8.2797925699e-02,5.4580096528e-01,4.6363869309e-01,3.8394313306e-03,4.3767960742e-03
220,8.2730618628e-02,5.4535727948e-01,4.6334967017e-01,3.8333779667e-03,4.3673827313e-03
221,8.2663570951e-02,5.4491530359e-01,4.6305900812e-01,3.8275814150e-03,4.3580480851e-03
222,8.2596765147e-02,5.4447492212e-01,4.6276670694e-01,3.8218910340e-03,4.3489304371e-03
223,8.2530194436e-02,5.4403609037e-01,4.6247279644e-01,3.8162081037e-03,4.3401210569e-03
224,8.2463874076e-02,5.4359890893e-01,4.6217766404e-01,3.8105105050e-03,4.3316138908e-03
225,8.2397803502e-02,5.4316337407e-01,4.6188166738e-01,3.8048748393e-03,4.3232957833e-03
226,8.2331960673e-02,5.4272934049e-01,4.6158507466e-01,3.7993860897e-03,4.3150405400e-03
227,8.2266371021e-02,5.4229697585e-01,4.6128839254e-01,3.7940966431e-03,4.3067615479e-03
228,8.2201000637e-02,5.4186605662e-01,4.6099159122e-01,3.7889620289e-03,4.2984844185e-03
229,8.2135872128e-02,5.4143673182e-01,4.6069496870e-01,3.7838949356e-03,4.2902813293e-03
230,8.2070971929e-02,5.4100891203e-01,4.6039858460e-01,3.7787999026e-03,4.2822328396e-03
231,8.2006296650e-02,5.4058257490e-01,4.6010246873e-01,3.7736606319e-03,4.2743501253e-03
232,8.1941863246e-02,5.4015783221e-01,4.5980700850e-01,3.7684962153e-03,4.2665861547e-03
233,8.1877649675e-02,5.3973453864e-01,4.5951232314e-01,3.7633732427e-03,4.2588482611e-03
234,8.1813658764e-02,5.3931271285e-01,4.5921871066e-01,3.7583375815e-03,4.2510624044e-03
235,8.1749888818e-02,5.3889234364e-01,4.5892626047e-01,3.7533831783e-03,4.2432253249e-03
236,8.1686345487e-02,5.3847346827e-01,4.5863500237e-01,3.7484546192e-03,4.2353919707e-03
237,8.1623017469e-02,5.3805601224e-01,4.5834484696e-01,3.7434892729e-03,4.2276275344e-03
238,8.1559916066e-02,5.3764005005e-01,4.5805588365e-01,3.7384636234e-03,4.2199529707e-03
239,8.1497016413e-02,5.3722541779e-01,4.5776808262e-01,3.7333876826e-03,4.2123459280e-03
240,8.1434333204e-02,5.3681221232e-01,4.5748159289e-01,3.7283040583e-03,4.2047579773e-03
241,8.1371868133e-02,5.3640044481e-01,4.5719641447e-01,3.7232623436e-03,4.1971406899e-03
242,8.1309604247e-02,5.3599000350e-01,4.5691254735e-01,3.7182688247e-03,4.1894768365e-03
243,8.1247551153e-02,5.3558095172e-01,4.5662996173e-01,3.7132932339e-03,4.1818055324e-03
244,8.1185709982e-02,5.3517329693e-01,4.5634856820e-01,3.7083004136e-03,4.1741724126e-03
245,8.1124073951e-02,5.3476699442e-01,4.5606818795e-01,3.7032724358e-03,4.1666082107e-03
246,8.1062630628e-02,5.3436196223e-01,4.5578876138e-01,3.6982044112e-03,4.1591157205e-03
247,8.1001397532e-02,5.3395831585e-01,4.5551034808e-01,3.6931356881e-03,4.1516609490e-03
248,8.0940373532e-02,5.3355604783e-01,4.5523294806e-01,3.6881079432e-03,4.1442019865e-03
249,8.0879537720e-02,5.3315502033e-01,4.5495641232e-01,3.6831267644e-03,4.1367341764e-03
250,8.0818900266e-02,5.3275530040e-01,4.5468065143e-01,3.6781781819e-03,4.1292868555e-03
251,8.0758467389e-02,5.3235692903e-01,4.5440569520e-01,3.6732428707e-03,4.1218805127e-03
252,8.0698221003e-02,5.3195978701e-01,4.5413124561e-01,3.6682994105e-03,4.1145547293e-03
253,8.0638174671e-02,5.3156396374e-01,4.5385733247e-01,3.6633515265e-03,4.1073118336e-03
254,8.0578315396e-02,5.3116937354e-01,4.5358395576e-01,3.6584164482e-03,4.1001252830e-03
255,8.0518643743e-02,5.3077602014e-01,4.5331102610e-01,3.6535281688e-03,4.0929713286e-03
256,8.0459165363e-02,5.3038394079e-01,4.5303860307e-01,3.6486978643e-03,4.0858360007e-03
257,8.0399883647e-02,5.2999315783e-01,4.5276659727e-01,3.6439218093e-03,4.0787342004e-03
258,8.0340781076e-02,5.2960355580e-01,4.5249491930e-01,3.6391676404e-03,4.0716961958e-03
259,8.0281871778e-02,5.2921522781e-01,4.5222353935e-01,3.6344246473e-03,4.0647443384e-03
260,8.0223136539e-02,5.2882804722e-01,4.5195239782e-01,3.6296923645e-03,4.0578725748e-03
261,8.0164597964e-02,5.2844216302e-01,4.5168158412e-01,3.6249931436e-03,4.0510646068e-03
262,8.0106226665e-02,5.2805738151e-01,4.5141100883e-01,3.6203346681e-03,4.0443027392e-03
263,8.0048037338e-02,5.2767379954e-01,4.5114079118e-01,3.6157325376e-03,4.0375683457e-03
264,7.9990034502e-02,5.2729144692e-01,4.5087087154e-01,3.6111737136e-03,4.0308837779e-03
265,7.9932209681e-02,5.2691026777e-01,4.5060124993e-01,3.6066421308e-03,4.0242597461e-03
266,7.9874557788e-02,5.2653022856e-01,4.5033186674e-01,3.6021298729e-03,4.0177060291e-03
267,7.9817081084e-02,5.2615134418e-01,4.5006284118e-01,3.5976297222e-03,4.0112202987e-03
268,7.9759787481e-02,5.2577366680e-01,4.4979420304e-01,3.5931626335e-03,4.0047839284e-03
269,7.9702662286e-02,5.2539709955e-01,4.4952586293e-01,3.5887304693e-03,3.9983931929e-03
270,7.9645702673e-02,5.2502162382e-01,4.4925788045e-01,3.5843278747e-03,3.9920462295e-03
271,7.9588921639e-02,5.2464732528e-01,4.4899037480e-01,3.5799650941e-03,3.9857299998e-03
272,7.9532306188e-02,5.2427411824e-01,4.4872328639e-01,3.5756155849e-03,3.9794677868e-03
273,7.9475868185e-02,5.2390208095e-01,4.4845673442e-01,3.5712847020e-03,3.9732502773e-03
274,7.9419592940e-02,5.2353111655e-01,4.4819059968e-01,3.5669684876e-03,3.9670830593e-03
275,7.9363486667e-02,5.2316126600e-01,4.4792491198e-01,3.5626720637e-03,3.9609633386e-03
276,7.9307549931e-02,5.2279253304e-01,4.4765987992e-01,3.5583905410e-03,3.9548748173e-03
277,7.9251760694e-02,5.2242477238e-01,4.4739526510e-01,3.5541260149e-03,3.9488249458e-03
278,7.9196152862e-02,5.2205820754e-01,4.4713133574e-01,3.5498903599e-03,3.9427969605e-03
279,7.9140701570e-02,5.2169267461e-01,4.4686797261e-01,3.5456682090e-03,3.9368020371e-03
280,7.9085422076e-02,5.2132827416e-01,4.4660517573e-01,3.5414558370e-03,3.9308541454e-03
281,7.9030283298e-02,5.2096480131e-01,4.4634294510e-01,3.5372488201e-03,3.9249369875e-03
282,7.8975320840e-02,5.2060249075e-01,4.4608134031e-01,3.5330536775e-03,3.9190612733e-03
283,7.8920504185e-02,5.2024114132e-01,4.4582036138e-01,3.5288687795e-03,3.9132093079e-03
284,7.8865862718e-02,5.1988094673e-01,4.4556003809e-01,3.5247064661e-03,3.9073843509e-03
285,7.8811353491e-02,5.1952162385e-01,4.4530022144e-01,3.5205562599e-03,3.9015840739e-03
286,7.8757020018e-02,5.1916345954e-01,4.4504112005e-01,3.5164067522e-03,3.8958273362e-03
287,7.8702831782e-02,5.1880625263e-01,4.4478255510e-01,3.5122709814e-03,3.8900985382e-03
288,7.8648800087e-02,5.1845007762e-01,4.4452455640e-01,3.5081529059e-03,3.8843993098e-03
289,7.8594923236e-02,5.1809492335e-01,4.4426718354e-01,3.5040462390e-03,3.8787277881e-03
290,7.8541193882e-02,5.1774074137e-01,4.4401037693e-01,3.4999425989e-03,3.8730937522e-03
291,7.8487616548e-02,5.1738756150e-01,4.4375413656e-01,3.4958585165e-03,3.8674836978e-03
292,7.8434184451e-02,5.1703533903e-01,4.4349840283e-01,3.4917863086e-03,3.8619076367e-03
293,7.8380915110e-02,5.1668418944e-01,4.4324329495e-01,3.4877234139e-03,3.8563662674e-03
294,7.8327781965e-02,5.1633393764e-01,4.4298866391e-01,3.4836744890e-03,3.8508526050e-03
295,7.8274800839e-02,5.1598468795e-01,4.4273462892e-01,3.4796327818e-03,3.8453731686e-03
296,7.8221972861e-02,5.1563644782e-01,4.4248107076e-01,3.4756155219e-03,3.8399223704e-03
297,7.8169275993e-02,5.1528907195e-01,4.4222792983e-01,3.4716145601e-03,3.8344997447e-03
298,7.8116733405e-02,5.1494271308e-01,4.4197532535e-01,3.4676212817e-03,3.8291176315e-03
299,7.8064327576e-02,5.1459725574e-01,4.4172319770e-01,3.4636380151e-03,3.8237681147e-03
300,7.8012071507e-02,5.1425278559e-01,4.4147151709e-01,3.4596766345e-03,3.8184502628e-03
301,7.7959954458e-02,5.1390923187e-01,4.4122031331e-01,3.4557243343e-03,3.8131675683e-03
302,7.7907980386e-02,5.1356662065e-01,4.4096958637e-01,3.4517941531e-03,3.8079095539e-03
303,7.7856135163e-02,5.1322485879e-01,4.4071924686e-01,3.4478702582e-03,3.8026908878e-03
304,7.7804434612e-02,5.1288405061e-01,4.4046935439e-01,3.4439680167e-03,3.7975017913e-03
305,7.7752888340e-02,5.1254425943e-01,4.4021996856e-01,3.4400867298e-03,3.7923427299e-03
306,7.7701464136e-02,5.1220527291e-01,4.3997094035e-01,3.4362107981e-03,3.7872223184e-03
307,7.7650183474e-02,5.1186723262e-01,4.3972241879e-01,3.4323448781e-03,3.7821363658e-03
308,7.7599035616e-02,5.1153006777e-01,4.3947428465e-01,3.4285006113e-03,3.7770778872e-03
309,7.7548015477e-02,5.1119374484e-01,4.3922662735e-01,3.4246724099e-03,3.7720394321e-03
310,7.7497138879e-02,5.1085836813e-01,4.3897941709e-01,3.4208616707e-03,3.7670333404e-03
311,7.7446393957e-02,5.1052385941e-01,4.3873265386e-01,3.4170534927e-03,3.7620672956e-03
312,7.7395781838e-02,5.1019022614e-01,4.3848633766e-01,3.4132560249e-03,3.7571329158e-03
313,7.7345299134e-02,5.0985744596e-01,4.3824043870e-01,3.4094825387e-03,3.7522180937e-03
314,7.7294950364e-02,5.0952554867e-01,4.3799498677e-01,3.4057206940e-03,3.7473354023e-03
315,7.7244736095e-02,5.0919453800e-01,4.3775001168e-01,3.4019667655e-03,3.7424860056e-03
316,7.7194646153e-02,5.0886434689e-01,4.3750545382e-01,3.3982286695e-03,3.7376605906e-03
317,7.7144691276e-02,5.0853504613e-01,4.3726137280e-01,3.3945064060e-03,3.7328610197e-03
318,7.7094857901e-02,5.0820654631e-01,4.3701776862e-01,3.3907892648e-03,3.7280882243e-03
319,7.7045150550e-02,5.0787887722e-01,4.3677452207e-01,3.3870893531e-03,3.7233461626e-03
320,7.6995574872e-02,5.0755207613e-01,4.3653181195e-01,3.3833903726e-03,3.7186359987e-03
321,7.6946118437e-02,5.0722606108e-01,4.3628948927e-01,3.3797109500e-03,3.7139463238e-03
322,7.6896806108e-02,5.0690099597e-01,4.3604773283e-01,3.3760529477e-03,3.7092734128e-03
323,7.6847590416e-02,5.0657656789e-01,4.3580630422e-01,3.3723905217e-03,3.7046356592e-03
324,7.6798519397e-02,5.0625309348e-01,4.3556541204e-01,3.3687434625e-03,3.7000246812e-03
325,7.6749548969e-02,5.0593028218e-01,4.3532487750e-01,3.3651061822e-03,3.6954341922e-03
326,7.6700721519e-02,5.0560841337e-01,4.3508487940e-01,3.3614828717e-03,3.6908704787e-03
327,7.6652003703e-02,5.0528726727e-01,4.3484526873e-01,3.3578693401e-03,3.6863302812e-03
328,7.6603407954e-02,5.0496692583e-01,4.3460613489e-01,3.3542597666e-03,3.6818194203e-03
329,7.6554938228e-02,5.0464741513e-01,4.3436747789e-01,3.3506632317e-03,3.6773304455e-03
330,7.6506586614e-02,5.0432868302e-01,4.3412923813e-01,3.3470918424e-03,3.6728528794e-03
331,7.6458355372e-02,5.0401074439e-01,4.3389147520e-01,3.3435202204e-03,3.6684067454e-03
332,7.6410228112e-02,5.0369349122e-01,4.3365406990e-01,3.3399492968e-03,3.6639929749e-03
333,7.6362224050e-02,5.0337705016e-01,4.3341708183e-01,3.3363935072e-03,3.6596034188e-03
334,7.6314340360e-02,5.0306140259e-01,4.3318060040e-01,3.3328512218e-03,3.6552292295e-03
335,7.6266564044e-02,5.0274646282e-01,4.3294444680e-01,3.3293205779e-03,3.6508808844e-03
336,7.6218910926e-02,5.0243233517e-01,4.3270879984e-01,3.3258064650e-03,3.6465469748e-03
337,7.6171374223e-02,5.0211897492e-01,4.3247357011e-01,3.3223018982e-03,3.6422386765e-03
338,7.6123946025e-02,5.0180632994e-01,4.3223872781e-01,3.3188024536e-03,3.6379580852e-03
339,7.6076633677e-02,5.0149444863e-01,4.3200427294e-01,3.3153090626e-03,3.6337086931e-03
340,7.6029428703e-02,5.0118327513e-01,4.3177026510e-01,3.3118198626e-03,3.6294809543e-03
341,7.5982330538e-02,5.0087280571e-01,4.3153664470e-01,3.3083525486e-03,3.6252636928e-03
342,7.5935356136e-02,5.0056315213e-01,4.3130350113e-01,3.3049057238e-03,3.6210592370e-03
343,7.5888476675e-02,5.0025412440e-01,4.3107071519e-01,3.3014588989e-03,3.6168822553e-03
344,7.5841713630e-02,4.9994586408e-01,4.3083831668e-01,3.2980206888e-03,3.6127339117e-03
345,7.5795064175e-02,4.9963835254e-01,4.3060636520e-01,3.2945855055e-03,3.6086130422e-03
346,7.5748511356e-02,4.9933147803e-01,4.3037474155e-01,3.2911601011e-03,3.6045133602e-03
347,7.5702077780e-02,4.9902538955e-01,4.3014356494e-01,3.2877577469e-03,3.6004243884e-03
348,7.5655741405e-02,4.9871994182e-01,4.2991280556e-01,3.2843612134e-03,3.5963524133e-03
349,7.5609514664e-02,4.9841521680e-01,4.2968243361e-01,3.2809784170e-03,3.5922999959e-03
350,7.5563390776e-02,4.9811116979e-01,4.2945244908e-01,3.2775988802e-03,3.5882729571e-03
351,7.5517375393e-02,4.9780783802e-01,4.2922288179e-01,3.2742214389e-03,3.5842743237e-03
352,7.5471461732e-02,4.9750517681e-01,4.2899361253e-01,3.2708626240e-03,3.5802936181e-03
353,7.5425649229e-02,4.9720318243e-01,4.2876482010e-01,3.2675091643e-03,3.5763271153e-03
354,7.5379947490e-02,4.9690191820e-01,4.2853641510e-01,3.2641740981e-03,3.5723759793e-03
355,7.5334338432e-02,4.9660126492e-01,4.2830833793e-01,3.2608474139e-03,3.5684450995e-03
356,7.5288829402e-02,4.9630127102e-01,4.2808067799e-01,3.2575260848e-03,3.5645333119e-03
357,7.5243428875e-02,4.9600199237e-01,4.2785343528e-01,3.2542150002e-03,3.5606408492e-03
358,7.5198131767e-02,4.9570339546e-01,4.2762658000e-01,3.2509125303e-03,3.5567688756e-03
359,7.5152921123e-02,4.9540536851e-01,4.2740005255e-01,3.2476074994e-03,3.5529241432e-03
360,7.5107812766e-02,4.9510801584e-01,4.2717388272e-01,3.2443224918e-03,3.5490905866e-03
361,7.5062817435e-02,4.9481140822e-01,4.2694818974e-01,3.2410521526e-03,3.5452696029e-03
362,7.5017897831e-02,4.9451529980e-01,4.2672273517e-01,3.2377922907e-03,3.5414642189e-03
363,7.4973087861e-02,4.9421991408e-01,4.2649775743e-01,3.2345361542e-03,3.5376793239e-03
364,7.4928373963e-02,4.9392516166e-01,4.2627316713e-01,3.2312863041e-03,3.5339132883e-03
365,7.4883757831e-02,4.9363105372e-01,4.2604896426e-01,3.2280413434e-03,3.5301675089e-03
366,7.4839225903e-02,4.9333750084e-01,4.2582502961e-01,3.2248119824e-03,3.5264352337e-03
367,7.4794794003e-02,4.9304460734e-01,4.2560157180e-01,3.2215847168e-03,3.5227187909e-03
368,7.4750459869e-02,4.9275235832e-01,4.2537841201e-01,3.2183788717e-03,3.5190158524e-03
369,7.4706216721e-02,4.9246070907e-01,4.2515563965e-01,3.2151746564e-03,3.5153320059e-03
370,7.4662079251e-02,4.9216975644e-01,4.2493334413e-01,3.2119762618e-03,3.5116649233e-03
371,7.4618009596e-02,4.9187925085e-01,4.2471119761e-01,3.2087862492e-03,3.5080190282e-03
372,7.4574050141e-02,4.9158947170e-01,4.2448955774e-01,3.2056097407e-03,3.5043817479e-03
373,7.4530176020e-02,4.9130025506e-01,4.2426824570e-01,3.2024437096e-03,3.5007572733e-03
374,7.4486395145e-02,4.9101165310e-01,4.2404729128e-01,3.1992804725e-03,3.4971556161e-03
375,7.4442703559e-02,4.9072363973e-01,4.2382672429e-01,3.1961235218e-03,3.4935679287e-03
376,7.4399101829e-02,4.9043621868e-01,4.2360648513e-01,3.1929786783e-03,3.4899946768e-03
377,7.4355585997e-02,4.9014936388e-01,4.2338660359e-01,3.1898431480e-03,3.4864328336e-03
378,7.4312155500e-02,4.8986307159e-01,4.2316704988e-01,3.1867162324e-03,3.4828861244e-03
379,7.4268819379e-02,4.8957740143e-01,4.2294788361e-01,3.1836007256e-03,3.4793510567e-03
380,7.4225578199e-02,4.8929235712e-01,4.2272910476e-01,3.1804849859e-03,3.4758402035e-03
381,7.4182404834e-02,4.8900775984e-01,4.2251056433e-01,3.1773771625e-03,3.4723423887e-03
382,7.4139328106e-02,4.8872379959e-01,4.2229244113e-01,3.1742812134e-03,3.4688548185e-03
383,7.4096345188e-02,4.8844045773e-01,4.2207470536e-01,3.1711999327e-03,3.4653753974e-03
384,7.4053428956e-02,4.8815755546e-01,4.2185720801e-01,3.1681221444e-03,3.4619127400e-03
385,7.4010605404e-02,4.8787526414e-01,4.2164012790e-01,3.1650457531e-03,3.4584677778e-03
386,7.3967868881e-02,4.8759354651e-01,4.2142337561e-01,3.1619821675e-03,3.4550349228e-03
387,7.3925218823e-02,4.8731239885e-01,4.2120695114e-01,3.1589262653e-03,3.4516185988e-03
388,7.3882662576e-02,4.8703186959e-01,4.2099091411e-01,3.1558861956e-03,3.4482090268e-03
389,7.3840166232e-02,4.8675173521e-01,4.2077514529e-01,3.1528449617e-03,3.4448138904e-03
390,7.3797769915e-02,4.8647226021e-01,4.2055973411e-01,3.1498197932e-03,3.4414327238e-03
391,7.3755438588e-02,4.8619321361e-01,4.2034462094e-01,3.1467964873e-03,3.4380627330e-03
392,7.3713199376e-02,4.8591477424e-01,4.2012989521e-01,3.1437771395e-03,3.4347109031e-03
393,7.3671052280e-02,4.8563694209e-01,4.1991552711e-01,3.1407722272e-03,3.4313695505e-03
394,7.3628970738e-02,4.8535954207e-01,4.1970142722e-01,3.1377680134e-03,3.4280435648e-03
395,7.3586969445e-02,4.8508267105e-01,4.1948765516e-01,3.1347793993e-03,3.4247224685e-03
396,7.3545052355e-02,4.8480635509e-01,4.1927427053e-01,3.1317989342e-03,3.4214095213e-03
397,7.3503201950e-02,4.8453047872e-01,4.1906109452e-01,3.1288238242e-03,3.4181147348e-03
398,7.3461454398e-02,4.8425528035e-01,4.1884833574e-01,3.1258575618e-03,3.4148369450e-03
399,7.3419765619e-02,4.8398046941e-01,4.1863584518e-01,3.1228908338e-03,3.4115714952e-03
400,7.3378163022e-02,4.8370622657e-01,4.1842371225e-01,3.1199401710e-03,3.4083114006e-03
401,7.3336638977e-02,4.8343250155e-01,4.1821190715e-01,3.1170020811e-03,3.4050573595e-03
402,7.3295179357e-02,4.8315920122e-01,4.1800037026e-01,3.1140635256e-03,3.4018196166e-03
403,7.3253810156e-02,4.8288649693e-01,4.1778919101e-01,3.1111319549e-03,3.3985986374e-03
404,7.3212505663e-02,4.8261421919e-01,4.1757825017e-01,3.1082101632e-03,3.3953869715e-03
405,7.3171281418e-02,4.8234247044e-01,4.1736772656e-01,3.1052951235e-03,3.3921794966e-03
406,7.3130138268e-02,4.8207125627e-01,4.1715753078e-01,3.1023910269e-03,3.3889815677e-03
407,7.3089068019e-02,4.8180052266e-01,4.1694760323e-01,3.0994913541e-03,3.3858004026e-03
408,7.3048061913e-02,4.8153021187e-01,4.1673797369e-01,3.0965977348e-03,3.3826259896e-03
409,7.3007143683e-02,4.8126048036e-01,4.1652876139e-01,3.0937048141e-03,3.3794669434e-03
410,7.2966283379e-02,4.8099113069e-01,4.1631975770e-01,3.0908214394e-03,3.3763160463e-03
411,7.2925501627e-02,4.8072229885e-01,4.1611108184e-01,3.0879555270e-03,3.3731660806e-03
412,7.2884802384e-02,4.8045401089e-01,4.1590276361e-01,3.0850914773e-03,3.3700331114e-03
413,7.2844160218e-02,4.8018609919e-01,4.1569471359e-01,3.0822309200e-03,3.3669075929e-03
414,7.2803595757e-02,4.7991869971e-01,4.1548693180e-01,3.0793757178e-03,3.3638011664e-03
415,7.2763109849e-02,4.7965181805e-01,4.1527950764e-01,3.0765337870e-03,3.3606973011e-03
416,7.2722684974e-02,4.7938533872e-01,4.1507232189e-01,3.0736967456e-03,3.3576050773e-03
417,7.2682339500e-02,4.7911938280e-01,4.1486555338e-01,3.0708741397e-03,3.3545088954e-03
418,7.2642052516e-02,4.7885381244e-01,4.1465899348e-01,3.0680457130e-03,3.3514362294e-03
419,7.2601844367e-02,4.7858876176e-01,4.1445279121e-01,3.0652219430e-03,3.3483749721e-03
420,7.2561694709e-02,4.7832409665e-01,4.1424682736e-01,3.0624116771e-03,3.3453151118e-03
421,7.2521623038e-02,4.7805994563e-01,4.1404119134e-01,3.0596142169e-03,3.3422613051e-03
422,7.2481622007e-02,4.7779626027e-01,4.1383588314e-01,3.0568197835e-03,3.3392179757e-03
423,7.2441682576e-02,4.7753298096e-01,4.1363084316e-01,3.0540267471e-03,3.3361869864e-03
424,7.2401808982e-02,4.7727013566e-01,4.1342604160e-01,3.0512434896e-03,3.3331657760e-03
425,7.2362014222e-02,4.7700781003e-01,4.1322162747e-01,3.0484660529e-03,3.3301522490e-03
426,7.2322262695e-02,4.7674576938e-01,4.1301733255e-01,3.0456923414e-03,3.3271515276e-03
427,7.2282598763e-02,4.7648430616e-01,4.1281348467e-01,3.0429339968e-03,3.3241480123e-03
428,7.2243000102e-02,4.7622327320e-01,4.1260990500e-01,3.0401817057e-03,3.3211549744e-03
429,7.2203448630e-02,4.7596255131e-01,4.1240653396e-01,3.0374275520e-03,3.3181742765e-03
430,7.2163985035e-02,4.7570240870e-01,4.1220355034e-01,3.0346852727e-03,3.3152007964e-03
431,7.2124565802e-02,4.7544255853e-01,4.1200074553e-01,3.0319453217e-03,3.3122359309e-03
432,7.2085223991e-02,4.7518321872e-01,4.1179829836e-01,3.0292153824e-03,3.3092766535e-03
433,7.2045940953e-02,4.7492426634e-01,4.1159611940e-01,3.0264884699e-03,3.3063262235e-03
434,7.2006731664e-02,4.7466580011e-01,4.1139426827e-01,3.0237713363e-03,3.3033816144e-03
435,7.1967563065e-02,4.7440760210e-01,4.1119259596e-01,3.0210539699e-03,3.3004467841e-03
436,7.1928468497e-02,4.7414989211e-01,4.1099122167e-01,3.0183503404e-03,3.2975168433e-03
437,7.1889441744e-02,4.7389262915e-01,4.1079017520e-01,3.0156555586e-03,3.2945896965e-03
438,7.1850474612e-02,4.7363575920e-01,4.1058939695e-01,3.0129593797e-03,3.2916769851e-03
439,7.1811554950e-02,4.7337920219e-01,4.1038882732e-01,3.0102685560e-03,3.2887691632e-03
440,7.1772702256e-02,4.7312308662e-01,4.1018855572e-01,3.0075779650e-03,3.2858750783e-03
441,7.1733921898e-02,4.7286744788e-01,4.0998858213e-01,3.0049034394e-03,3.2829833217e-03
442,7.1695192118e-02,4.7261214256e-01,4.0978887677e-01,3.0022379942e-03,3.2800885383e-03
443,7.1656520830e-02,4.7235722281e-01,4.0958943963e-01,2.9995741788e-03,3.2772042323e-03
444,7.1617917074e-02,4.7210274823e-01,4.0939030051e-01,2.9969143216e-03,3.2743304037e-03
445,7.1579361353e-02,4.7184859030e-01,4.0919137001e-01,2.9942614492e-03,3.2714605331e-03
446,7.1540865818e-02,4.7159482911e-01,4.0899273753e-01,2.9916088097e-03,3.2686002087e-03
447,7.1502425949e-02,4.7134143487e-01,4.0879437327e-01,2.9889573343e-03,3.2657489646e-03
448,7.1464048808e-02,4.7108845413e-01,4.0859627724e-01,2.9863212258e-03,3.2628965564e-03
449,7.1425739765e-02,4.7083592229e-01,4.0839850903e-01,2.9836965259e-03,3.2600446139e-03
450,7.1387462369e-02,4.7058359906e-01,4.0820086002e-01,2.9810699634e-03,3.2572038472e-03
451,7.1349258157e-02,4.7033175826e-01,4.0800356865e-01,2.9784459621e-03,3.2543728594e-03
452,7.1311103676e-02,4.7008024529e-01,4.0780645609e-01,2.9758277815e-03,3.2515511848e-03
453,7.1273000904e-02,4.6982907318e-01,4.0760961175e-01,2.9732102994e-03,3.2487357967e-03
454,7.1234955210e-02,4.6957827732e-01,4.0741306543e-01,2.9706098139e-03,3.2459113281e-03
455,7.1196959247e-02,4.6932780929e-01,4.0721672773e-01,2.9680130538e-03,3.2430950087e-03
456,7.1159027143e-02,4.6907776222e-01,4.0702065825e-01,2.9654223472e-03,3.2402880024e-03
457,7.1121142792e-02,4.6882802993e-01,4.0682479739e-01,2.9628300108e-03,3.2374933362e-03
458,7.1083311280e-02,4.6857864596e-01,4.0662920475e-01,2.9602395371e-03,3.2347044908e-03
459,7.1045535716e-02,4.6832963079e-01,4.0643385053e-01,2.9576611705e-03,3.2319168095e-03
460,7.1007801689e-02,4.6808088943e-01,4.0623870492e-01,2.9550858308e-03,3.2291326206e-03
461,7.0970125305e-02,4.6783252805e-01,4.0604388714e-01,2.9525167774e-03,3.2263472676e-03
462,7.0932500347e-02,4.6758450568e-01,4.0584924817e-01,2.9499591328e-03,3.2235665713e-03
463,7.0894917490e-02,4.6733676083e-01,4.0565481782e-01,2.9473991599e-03,3.2207949553e-03
464,7.0857395103e-02,4.6708941460e-01,4.0546062589e-01,2.9448408168e-03,3.2180380076e-03
465,7.0819918208e-02,4.6684236825e-01,4.0526667237e-01,2.9422834050e-03,3.2152859494e-03
466,7.0782485393e-02,4.6659561247e-01,4.0507295728e-01,2.9397394974e-03,3.2125259750e-03
467,7.0745105699e-02,4.6634920686e-01,4.0487948060e-01,2.9372046702e-03,3.2097678632e-03
468,7.0707770086e-02,4.6610309184e-01,4.0468624234e-01,2.9346726369e-03,3.2070123125e-03
469,7.0670480248e-02,4.6585727856e-01,4.0449321270e-01,2.9321424663e-03,3.2042639796e-03
470,7.0633244379e-02,4.6561182104e-01,4.0430042148e-01,2.9296071734e-03,3.2015328761e-03
471,7.0596042983e-02,4.6536659077e-01,4.0410774946e-01,2.9270756058e-03,3.1988082919e-03
472,7.0558887927e-02,4.6512166597e-01,4.0391534567e-01,2.9245549813e-03,3.1960769556e-03
473,7.0521791645e-02,4.6487712860e-01,4.0372326970e-01,2.9220483266e-03,3.1933374703e-03
474,7.0484732095e-02,4.6463283338e-01,4.0353131294e-01,2.9195488896e-03,3.1906031072e-03
475,7.0447710974e-02,4.6438879147e-01,4.0333956480e-01,2.9170413036e-03,3.1878815498e-03
476,7.0410731390e-02,4.6414502338e-01,4.0314796567e-01,2.9145299923e-03,3.1851758249e-03
477,7.0373797581e-02,4.6390155703e-01,4.0295663476e-01,2.9120284598e-03,3.1824635807e-03
478,7.0336914916e-02,4.6365842782e-01,4.0276557207e-01,2.9095327482e-03,3.1797527336e-03
479,7.0300067007e-02,4.6341552772e-01,4.0257462859e-01,2.9070510063e-03,3.1770388596e-03
480,7.0263253287e-02,4.6317285299e-01,4.0238392353e-01,2.9045683332e-03,3.1743247528e-03
481,7.0226485060e-02,4.6293047816e-01,4.0219336748e-01,2.9020837974e-03,3.1716271769e-03
482,7.0189753566e-02,4.6268834546e-01,4.0200299025e-01,2.8996008914e-03,3.1689347234e-03
483,7.0153050894e-02,4.6244640276e-01,4.0181279182e-01,2.8971217107e-03,3.1662392430e-03
484,7.0116404451e-02,4.6220483072e-01,4.0162286162e-01,2.8946539387e-03,3.1635430641e-03
485,7.0079788243e-02,4.6196345799e-01,4.0143311024e-01,2.8921889607e-03,3.1608457211e-03
486,7.0043206508e-02,4.6172231250e-01,4.0124353766e-01,2.8897246812e-03,3.1581528019e-03
487,7.0006662919e-02,4.6148141846e-01,4.0105408430e-01,2.8872671537e-03,3.1554661691e-03
488,6.9970156627e-02,4.6124077030e-01,4.0086486936e-01,2.8847993817e-03,3.1527907122e-03
489,6.9933676897e-02,4.6100029722e-01,4.0067574382e-01,2.8823409230e-03,3.1501145568e-03
490,6.9897235596e-02,4.6076007746e-01,4.0048685670e-01,2.8798968997e-03,3.1474251300e-03
491,6.9860824246e-02,4.6052005515e-01,4.0029814839e-01,2.8774528764e-03,3.1447375659e-03
492,6.9824448216e-02,4.6028026566e-01,4.0010955930e-01,2.8750100173e-03,3.1420607120e-03
493,6.9788110333e-02,4.6004072763e-01,3.9992114902e-01,2.8725629672e-03,3.1393948011e-03
494,6.9751788838e-02,4.5980129763e-01,3.9973282814e-01,2.8701156843e-03,3.1367312185e-03
495,6.9715508880e-02,4.5956214145e-01,3.9954471588e-01,2.8676874936e-03,3.1340550631e-03
496,6.9679245310e-02,4.5932309330e-01,3.9935675263e-01,2.8652579058e-03,3.1313763466e-03
497,6.9643020452e-02,4.5908430032e-01,3.9916893840e-01,2.8628332075e-03,3.1287029851e-03
498,6.9606830914e-02,4.5884574018e-01,3.9898127317e-01,2.8604061808e-03,3.1260405667e-03
499,6.9570649005e-02,4.5860723034e-01,3.9879363775e-01,2.8579749633e-03,3.1233844347e-03
500,6.9534504112e-02,4.5836896449e-01,3.9860624075e-01,2.8555493336e-03,3.1207229476e-03
501,6.9498383237e-02,4.5813085698e-01,3.9841899276e-01,2.8531411663e-03,3.1180451624e-03
502,6.9462279033e-02,4.5789285935e-01,3.9823183417e-01,2.8507232200e-03,3.1153792515e-03
503,6.9426206759e-02,4.5765507221e-01,3.9804476500e-01,2.8483059723e-03,3.1127247494e-03
504,6.9390155111e-02,4.5741742104e-01,3.9785784483e-01,2.8458908200e-03,3.1100667547e-03
505,6.9354113636e-02,4.5717983693e-01,3.9767104387e-01,2.8434791602e-03,3.1074001454e-03
506,6.9318107199e-02,4.5694248378e-01,3.9748442173e-01,2.8410744853e-03,3.1047319062e-03
507,6.9282119129e-02,4.5670525171e-01,3.9729785919e-01,2.8386742342e-03,3.1020650640e-03
508,6.9246145751e-02,4.5646811649e-01,3.9711138606e-01,2.8362609446e-03,3.0994121917e-03
509,6.9210187633e-02,4.5623108186e-01,3.9692500234e-01,2.8338509146e-03,3.0967569910e-03
510,6.9174249011e-02,4.5599417575e-01,3.9673873782e-01,2.8314481024e-03,3.0940957367e-03
511,6.9138325364e-02,4.5575736836e-01,3.9655262232e-01,2.8290557675e-03,3.0914186500e-03
512,6.9102413021e-02,4.5552063547e-01,3.9636653662e-01,2.8266629670e-03,3.0887469184e-03
513,6.9066515088e-02,4.5528399758e-01,3.9618054032e-01,2.8242585249e-03,3.0860872939e-03
514,6.9030633543e-02,4.5504746772e-01,3.9599463344e-01,2.8218550142e-03,3.0834283680e-03
515,6.8994767540e-02,4.5481104031e-01,3.9580881596e-01,2.8194573242e-03,3.0807652511e-03
516,6.8958903232e-02,4.5457462408e-01,3.9562308788e-01,2.8170633595e-03,3.0780902598e-03
517,6.8923050509e-02,4.5433828421e-01,3.9543738961e-01,2.8146726545e-03,3.0754166655e-03
518,6.8887195526e-02,4.5410192944e-01,3.9525178075e-01,2.8122740332e-03,3.0727409758e-03
519,6.8851366821e-02,4.5386574790e-01,3.9506623149e-01,2.8098816983e-03,3.0700699426e-03
520,6.8815528791e-02,4.5362950489e-01,3.9488068223e-01,2.8074772563e-03,3.0674049631e-03
521,6.8779693870e-02,4.5339328237e-01,3.9469519258e-01,2.8050874826e-03,3.0647213571e-03
522,6.8743869403e-02,4.5315712877e-01,3.9450979233e-01,2.8027023654e-03,3.0620312318e-03
523,6.8708048893e-02,4.5292100124e-01,3.9432445168e-01,2.8003084008e-03,3.0593466945e-03
524,6.8672222731e-02,4.5268483646e-01,3.9413905144e-01,2.7979069855e-03,3.0566714704e-03
525,6.8636396003e-02,4.5244866796e-01,3.9395371079e-01,2.7955041733e-03,3.0539915897e-03
526,6.8600570972e-02,4.5221251063e-01,3.9376839995e-01,2.7931162622e-03,3.0512947123e-03
527,6.8564731247e-02,4.5197625645e-01,3.9358311892e-01,2.7907243930e-03,3.0485892203e-03
528,6.8528898021e-02,4.5174004510e-01,3.9339786768e-01,2.7883292641e-03,3.0458883848e-03
529,6.8493058578e-02,4.5150379278e-01,3.9321261644e-01,2.7859276161e-03,3.0431901105e-03
530,6.8457205855e-02,4.5126745291e-01,3.9302727580e-01,2.7835161891e-03,3.0405013822e-03
531,6.8421345221e-02,4.5103106089e-01,3.9284202456e-01,2.7811103500e-03,3.0377933290e-03
532,6.8385463394e-02,4.5079452917e-01,3.9265674353e-01,2.7787156869e-03,3.0350629240e-03
533,6.8349593717e-02,4.5055807754e-01,3.9247158170e-01,2.7763196267e-03,3.0323299579e-03
534,6.8313687025e-02,4.5032138191e-01,3.9228621125e-01,2.7739012148e-03,3.0296158511e-03
535,6.8277777507e-02,4.5008466765e-01,3.9210090041e-01,2.7714837343e-03,3.0268928967e-03
536,6.8241852448e-02,4.4984785095e-01,3.9191555977e-01,2.7690641582e-03,3.0241650529e-03
537,6.8205892634e-02,4.4961080514e-01,3.9173015952e-01,2.7666501701e-03,3.0214143917e-03
538,6.8169919256e-02,4.4937366992e-01,3.9154478908e-01,2.7642338537e-03,3.0186541844e-03
539,6.8133928078e-02,4.4913641736e-01,3.9135938883e-01,2.7618054301e-03,3.0158974696e-03
540,6.8097910620e-02,4.4889899157e-01,3.9117386937e-01,2.7593644336e-03,3.0131477397e-03
541,6.8061866602e-02,4.4866139069e-01,3.9098829031e-01,2.7569246013e-03,3.0103854369e-03
542,6.8025786134e-02,4.4842354953e-01,3.9080271125e-01,2.7544873301e-03,3.0075965915e-03
543,6.7989678822e-02,4.4818553142e-01,3.9061707258e-01,2.7520456351e-03,3.0048002955e-03
544,6.7953539015e-02,4.4794729911e-01,3.9043131471e-01,2.7495920658e-03,3.0020063277e-03
545,6.7917378581e-02,4.4770893082e-01,3.9024549723e-01,2.7471317444e-03,2.9992116615e-03
546,6.7881168416e-02,4.4747023471e-01,3.9005956054e-01,2.7446614113e-03,2.9964060523e-03
547,6.7844918692e-02,4.4723127782e-01,3.8987356424e-01,2.7421887498e-03,2.9935825150e-03
548,6.7808635625e-02,4.4699210115e-01,3.8968747854e-01,2.7397179510e-03,2.9907443095e-03
549,6.7772294916e-02,4.4675254449e-01,3.8950121403e-01,2.7372320183e-03,2.9879012145e-03
550,6.7735923690e-02,4.4651278667e-01,3.8931497931e-01,2.7347328141e-03,2.9850478750e-03
551,6.7699504429e-02,4.4627271220e-01,3.8912856579e-01,2.7322277892e-03,2.9821868520e-03
552,6.7663027807e-02,4.4603225961e-01,3.8894197345e-01,2.7297176421e-03,2.9793109279e-03
553,6.7626500606e-02,4.4579147361e-01,3.8875532150e-01,2.7271881700e-03,2.9764270876e-03
554,6.7589916610e-02,4.4555031322e-01,3.8856858015e-01,2.7246570680e-03,2.9735162389e-03
555,6.7553269885e-02,4.4530873932e-01,3.8838165998e-01,2.7221168857e-03,2.9705909546e-03
556,6.7516564952e-02,4.4506678171e-01,3.8819459081e-01,2.7195615694e-03,2.9676575214e-03
557,6.7479794182e-02,4.4482439011e-01,3.8800737262e-01,2.7169843670e-03,2.9647173360e-03
558,6.7442964922e-02,4.4458161294e-01,3.8782009482e-01,2.7143934276e-03,2.9617582913e-03
559,6.7406063890e-02,4.4433836266e-01,3.8763266802e-01,2.7117975987e-03,2.9587720055e-03
560,6.7369085154e-02,4.4409460016e-01,3.8744503260e-01,2.7091931552e-03,2.9557636008e-03
561,6.7332036342e-02,4.4385037571e-01,3.8725730777e-01,2.7065626346e-03,2.9527440201e-03
562,6.7294903043e-02,4.4360559434e-01,3.8706934452e-01,2.7039123233e-03,2.9497125652e-03
563,6.7257693170e-02,4.4336030819e-01,3.8688123226e-01,2.7012457140e-03,2.9466620181e-03
564,6.7220374793e-02,4.4311430678e-01,3.8669285178e-01,2.6985635050e-03,2.9435821343e-03
565,6.7182989731e-02,4.4286786579e-01,3.8650444150e-01,2.6958747767e-03,2.9404675588e-03
566,6.7145501816e-02,4.4262074679e-01,3.8631576300e-01,2.6931574102e-03,2.9373408761e-03
567,6.7107923199e-02,4.4237302989e-01,3.8612690568e-01,2.6904109400e-03,2.9342013877e-03
568,6.7070233251e-02,4.4212457910e-01,3.8593783975e-01,2.6876416523e-03,2.9310323298e-03
569,6.7032448928e-02,4.4187550619e-01,3.8574859500e-01,2.6848579291e-03,2.9278332368e-03
570,6.6994549601e-02,4.4162567519e-01,3.8555914164e-01,2.6820525527e-03,2.9246008489e-03
571,6.6956534141e-02,4.4137507863e-01,3.8536953926e-01,2.6792215649e-03,2.9213323724e-03
572,6.6918405373e-02,4.4112373516e-01,3.8517972827e-01,2.6763542555e-03,2.9180464335e-03
573,6.6880153973e-02,4.4087158330e-01,3.8498964906e-01,2.6734576095e-03,2.9147358146e-03
574,6.6841785309e-02,4.4061865844e-01,3.8479945064e-01,2.6705339551e-03,2.9113867786e-03
575,6.6803266322e-02,4.4036474265e-01,3.8460901380e-01,2.6675830595e-03,2.9079897795e-03
576,6.6764624985e-02,4.4011002034e-01,3.8441842794e-01,2.6646053884e-03,2.9045538977e-03
577,6.6725826260e-02,4.3985426053e-01,3.8422751427e-01,2.6615806855e-03,2.9010940343e-03
578,6.6686900947e-02,4.3959766626e-01,3.8403645158e-01,2.6585187297e-03,2.8976027388e-03
579,6.6647824746e-02,4.3934007734e-01,3.8384521008e-01,2.6554341894e-03,2.8940525372e-03
580,6.6608580137e-02,4.3908137828e-01,3.8365373015e-01,2.6523054112e-03,2.8904594947e-03
581,6.6569179270e-02,4.3882164918e-01,3.8346204162e-01,2.6491405442e-03,2.8868201189e-03
582,6.6529609996e-02,4.3856080994e-01,3.8327014446e-01,2.6459239889e-03,2.8831425589e-03
583,6.6489879662e-02,4.3829890899e-01,3.8307806849e-01,2.6426692493e-03,2.8794149403e-03
584,6.6449965378e-02,4.3803579547e-01,3.8288575411e-01,2.6393667795e-03,2.8756374959e-03
585,6.6409855561e-02,4.3777139299e-01,3.8269317150e-01,2.6360210031e-03,2.8718011454e-03
586,6.6369575076e-02,4.3750586547e-01,3.8250043988e-01,2.6326337829e-03,2.8679086827e-03
587,6.6329092559e-02,4.3723900616e-01,3.8230738044e-01,2.6291962713e-03,2.8639663942e-03
588,6.6288406031e-02,4.3697080202e-01,3.8211414218e-01,2.6257054415e-03,2.8599605430e-03
589,6.6247521991e-02,4.3670129590e-01,3.8192066550e-01,2.6221603621e-03,2.8559027705e-03
590,6.6206439875e-02,4.3643048406e-01,3.8172698021e-01,2.6185705792e-03,2.8517798055e-03
591,6.6165128883e-02,4.3615816347e-01,3.8153302670e-01,2.6149221230e-03,2.8475916479e-03
592,6.6123605121e-02,4.3588444032e-01,3.8133886456e-01,2.6112156920e-03,2.8433417901e-03
593,6.6081851070e-02,4.3560919911e-01,3.8114440441e-01,2.6074610651e-03,2.8390183579e-03
594,6.6039876902e-02,4.3533250690e-01,3.8094970584e-01,2.6036449708e-03,2.8346353211e-03
595,6.5997660578e-02,4.3505421840e-01,3.8075464964e-01,2.5997748598e-03,2.8301819693e-03
596,6.5955213117e-02,4.3477440625e-01,3.8055926561e-01,2.5958518963e-03,2.8256620280e-03
597,6.5912538476e-02,4.3449309655e-01,3.8036358356e-01,2.5918793399e-03,2.8210720047e-03
598,6.5869608680e-02,4.3421010487e-01,3.8016742468e-01,2.5878476445e-03,2.8164205141e-03
599,6.5826434468e-02,4.3392550200e-01,3.7997087836e-01,2.5837626308e-03,2.8116996400e-03
600,6.5783022337e-02,4.3363933079e-01,3.7977394462e-01,2.5796322152e-03,2.8069063555e-03
601,6.5739368050e-02,4.3335156329e-01,3.7957653403e-01,2.5754529051e-03,2.8020499740e-03
602,6.5695460021e-02,4.3306212313e-01,3.7937855721e-01,2.5712205097e-03,2.7971360832e-03
603,6.5651311249e-02,4.3277109601e-01,3.7917995453e-01,2.5669520255e-03,2.7921621222e-03
604,6.5606930775e-02,4.3247854151e-01,3.7898072600e-01,2.5626451243e-03,2.7871364728e-03
605,6.5562310405e-02,4.3218440562e-01,3.7878075242e-01,2.5583091192e-03,2.7820561081e-03
606,6.5517457768e-02,4.3188873865e-01,3.7858000398e-01,2.5539442431e-03,2.7769291773e-03
607,6.5472379646e-02,4.3159158528e-01,3.7837836146e-01,2.5495612063e-03,2.7717612684e-03
608,6.5427066997e-02,4.3129288591e-01,3.7817564607e-01,2.5451597758e-03,2.7665642556e-03
609,6.5381549207e-02,4.3099283427e-01,3.7797185779e-01,2.5407520588e-03,2.7613455895e-03
610,6.5335824863e-02,4.3069142103e-01,3.7776681781e-01,2.5363503955e-03,2.7561099268e-03
611,6.5289907246e-02,4.3038873374e-01,3.7756049633e-01,2.5319547858e-03,2.7508689091e-03
612,6.5243812745e-02,4.3008488044e-01,3.7735274434e-01,2.5275903754e-03,2.7456232347e-03
613,6.5197545598e-02,4.2977988906e-01,3.7714350224e-01,2.5232518092e-03,2.7403868735e-03
614,6.5151135191e-02,4.2947395332e-01,3.7693256140e-01,2.5189563166e-03,2.7351828758e-03
615,6.5104564572e-02,4.2916696146e-01,3.7671968341e-01,2.5147027336e-03,2.7300249785e-03
616,6.5057880927e-02,4.2885922454e-01,3.7650498748e-01,2.5105131790e-03,2.7249106206e-03
617,6.5011080866e-02,4.2855072021e-01,3.7628820539e-01,2.5064151268e-03,2.7198363096e-03
618,6.4964192645e-02,4.2824163474e-01,3.7606933713e-01,2.5023932103e-03,2.7148365043e-03
619,6.4917219656e-02,4.2793199047e-01,3.7584811449e-01,2.4984620977e-03,2.7099256404e-03
620,6.4870188741e-02,4.2762196437e-01,3.7562453747e-01,2.4946331978e-03,2.7051095385e-03
621,6.4823118550e-02,4.2731167935e-01,3.7539854646e-01,2.4909221102e-03,2.7003912255e-03
622,6.4776017559e-02,4.2700119130e-01,3.7517011166e-01,2.4873367511e-03,2.6957711671e-03
623,6.4728899615e-02,4.2669059150e-01,3.7493908405e-01,2.4838761892e-03,2.6912745088e-03
624,6.4681792690e-02,4.2638006434e-01,3.7470549345e-01,2.4805448484e-03,2.6869121939e-03
625,6.4634705828e-02,4.2606966943e-01,3.7446945906e-01,2.4773536716e-03,2.6826674584e-03
626,6.4587638180e-02,4.2575940117e-01,3.7423086166e-01,2.4743122049e-03,2.6785419323e-03
627,6.4540624219e-02,4.2544948682e-01,3.7398985028e-01,2.4714083411e-03,2.6745554060e-03
628,6.4493647839e-02,4.2513982020e-01,3.7374621630e-01,2.4686458055e-03,2.6707146317e-03
629,6.4446732492e-02,4.2483055592e-01,3.7350031734e-01,2.4660197087e-03,2.6670042425e-03
630,6.4399889764e-02,4.2452177033e-01,3.7325218320e-01,2.4635402951e-03,2.6634184178e-03
631,6.4353126436e-02,4.2421350814e-01,3.7300196290e-01,2.4612026755e-03,2.6599518023e-03
632,6.4306439118e-02,4.2390574701e-01,3.7274974585e-01,2.4589973036e-03,2.6566027664e-03
633,6.4259842220e-02,4.2359858193e-01,3.7249568105e-01,2.4569025263e-03,2.6533876080e-03
634,6.4213314832e-02,4.2329187505e-01,3.7223973870e-01,2.4549285881e-03,2.6502849068e-03
635,6.4166883798e-02,4.2298580334e-01,3.7198236585e-01,2.4530778173e-03,2.6472660247e-03
636,6.4120535273e-02,4.2268027551e-01,3.7172350287e-01,2.4513339158e-03,2.6443433017e-03
637,6.4074274060e-02,4.2237532325e-01,3.7146329880e-01,2.4496854749e-03,2.6415169705e-03
638,6.4028093377e-02,4.2207090184e-01,3.7120181322e-01,2.4481220171e-03,2.6387867983e-03
639,6.3982000006e-02,4.2176705599e-01,3.7093937397e-01,2.4466481991e-03,2.6361201890e-03
640,6.3935972755e-02,4.2146364599e-01,3.7067592144e-01,2.4452521466e-03,2.6335201692e-03
641,6.3890017557e-02,4.2116071098e-01,3.7041160464e-01,2.4439264089e-03,2.6309841778e-03
642,6.3844135261e-02,4.2085825652e-01,3.7014648318e-01,2.4426674936e-03,2.6285098866e-03
643,6.3798304109e-02,4.2055613920e-01,3.6988070607e-01,2.4414635263e-03,2.6260796003e-03
644,6.3752529469e-02,4.2025439441e-01,3.6961430311e-01,2.4403093848e-03,2.6236998383e-03
645,6.3706802299e-02,4.1995296255e-01,3.6934736371e-01,2.4392097257e-03,2.6213501114e-03
646,6.3661108473e-02,4.1965175048e-01,3.6907997727e-01,2.4381396361e-03,2.6190378703e-03
647,6.3615466072e-02,4.1935087740e-01,3.6881223321e-01,2.4371042382e-03,2.6167600881e-03
648,6.3569831866e-02,4.1905005835e-01,3.6854413152e-01,2.4360909592e-03,2.6145016309e-03
649,6.3524228460e-02,4.1874944232e-01,3.6827591062e-01,2.4351105094e-03,2.6122427080e-03
650,6.3478639464e-02,4.1844892129e-01,3.6800751090e-01,2.4341377430e-03,2.6100031100e-03
651,6.3433047077e-02,4.1814837791e-01,3.6773905158e-01,2.4331619497e-03,2.6077707298e-03
652,6.3387458363e-02,4.1784785874e-01,3.6747053266e-01,2.4321845267e-03,2.6055481285e-03
653,6.3341859195e-02,4.1754727066e-01,3.6720216274e-01,2.4312082678e-03,2.6033024769e-03
654,6.3296257201e-02,4.1724666394e-01,3.6693397164e-01,2.4302233942e-03,2.6010458823e-03
655,6.3250628929e-02,4.1694588400e-01,3.6666595936e-01,2.4292112794e-03,2.5987811387e-03
656,6.3204957990e-02,4.1664482281e-01,3.6639815569e-01,2.4281684309e-03,2.5964982342e-03
657,6.3159272357e-02,4.1634366475e-01,3.6613070965e-01,2.4271041621e-03,2.5941913482e-03
658,6.3113555643e-02,4.1604230180e-01,3.6586371064e-01,2.4260045029e-03,2.5918546598e-03
659,6.3067782699e-02,4.1574056819e-01,3.6559695005e-01,2.4248694535e-03,2.5894923601e-03
660,6.3021966239e-02,4.1543854773e-01,3.6533060670e-01,2.4236913305e-03,2.5871028192e-03
661,6.2976110221e-02,4.1513626650e-01,3.6506465077e-01,2.4224715307e-03,2.5846899953e-03
662,6.2930184410e-02,4.1483352520e-01,3.6479899287e-01,2.4212028366e-03,2.5822503958e-03
663,6.2884209999e-02,4.1453046352e-01,3.6453375220e-01,2.4199001491e-03,2.5797709823e-03
664,6.2838170032e-02,4.1422696970e-01,3.6426877975e-01,2.4185581133e-03,2.5772608351e-03
665,6.2792054621e-02,4.1392297857e-01,3.6400404572e-01,2.4171548430e-03,2.5747385807e-03
666,6.2745879307e-02,4.1361859255e-01,3.6373952031e-01,2.4157078005e-03,2.5721995626e-03
667,6.2699633635e-02,4.1331374273e-01,3.6347526312e-01,2.4142239708e-03,2.5696239900e-03
668,6.2653308562e-02,4.1300836951e-01,3.6321112514e-01,2.4127054494e-03,2.5670188479e-03
669,6.2606906350e-02,4.1270248778e-01,3.6294704676e-01,2.4111471139e-03,2.5643969420e-03
670,6.2560427846e-02,4.1239610314e-01,3.6268293858e-01,2.4095468689e-03,2.5617696811e-03
671,6.2513870224e-02,4.1208919697e-01,3.6241883039e-01,2.4079040159e-03,2.5591326412e-03
672,6.2467220204e-02,4.1178168170e-01,3.6215460300e-01,2.4062329903e-03,2.5564748794e-03
673,6.2420481176e-02,4.1147357970e-01,3.6189022660e-01,2.4045372847e-03,2.5537980255e-03
674,6.2373658793e-02,4.1116492823e-01,3.6162573099e-01,2.4028113112e-03,2.5511083659e-03
675,6.2326737795e-02,4.1085562669e-01,3.6136087775e-01,2.4010541383e-03,2.5484208018e-03
676,6.2279727507e-02,4.1054573655e-01,3.6109569669e-01,2.3992676288e-03,2.5457362644e-03
677,6.2232608433e-02,4.1023512930e-01,3.6083012819e-01,2.3974613287e-03,2.5430389214e-03
678,6.2185405720e-02,4.0992397070e-01,3.6056429148e-01,2.3956438527e-03,2.5403241161e-03
679,6.2138105240e-02,4.0961216763e-01,3.6029797792e-01,2.3938133381e-03,2.5376055855e-03
680,6.2090689191e-02,4.0929960273e-01,3.6003100872e-01,2.3919567466e-03,2.5349026546e-03
681,6.2043164356e-02,4.0898632072e-01,3.5976341367e-01,2.3900894448e-03,2.5322013535e-03
682,6.1995545145e-02,4.0867241658e-01,3.5949537158e-01,2.3882177193e-03,2.5294867810e-03
683,6.1947811779e-02,4.0835775994e-01,3.5922661424e-01,2.3863459937e-03,2.5267684832e-03
684,6.1899965104e-02,4.0804235637e-01,3.5895708203e-01,2.3844663519e-03,2.5240611285e-03
685,6.1851983648e-02,4.0772606432e-01,3.5868671536e-01,2.3825734388e-03,2.5213614572e-03
686,6.1803888318e-02,4.0740902163e-01,3.5841557384e-01,2.3806826212e-03,2.5186622515e-03
687,6.1755688722e-02,4.0709129162e-01,3.5814377666e-01,2.3788022809e-03,2.5159490760e-03
688,6.1707344737e-02,4.0677260980e-01,3.5787096620e-01,2.3769265972e-03,2.5132377632e-03
689,6.1658873881e-02,4.0645309165e-01,3.5759723186e-01,2.3750353139e-03,2.5105506647e-03
690,6.1610279263e-02,4.0613275766e-01,3.5732263327e-01,2.3731498513e-03,2.5078626350e-03
691,6.1561541667e-02,4.0581148118e-01,3.5704714060e-01,2.3712767288e-03,2.5051573757e-03
692,6.1512663921e-02,4.0548928082e-01,3.5677069426e-01,2.3694070987e-03,2.5024514180e-03
693,6.1463649414e-02,4.0516617894e-01,3.5649323463e-01,2.3675297853e-03,2.4997645523e-03
694,6.1414480345e-02,4.0484205820e-01,3.5621473193e-01,2.3656622507e-03,2.4970704690e-03
695,6.1365166886e-02,4.0451698564e-01,3.5593524575e-01,2.3637949489e-03,2.4943789467e-03
696,6.1315696605e-02,4.0419087932e-01,3.5565477610e-01,2.3619348649e-03,2.4916755501e-03
697,6.1266067240e-02,4.0386372432e-01,3.5537323356e-01,2.3600773420e-03,2.4889716879e-03
698,6.1216283879e-02,4.0353555419e-01,3.5509064794e-01,2.3582172580e-03,2.4862734135e-03
699,6.1166334936e-02,4.0320629254e-01,3.5480698943e-01,2.3563557770e-03,2.4835744407e-03
700,6.1116201197e-02,4.0287581272e-01,3.5452216864e-01,2.3544856813e-03,2.4808787275e-03
701,6.1065903854e-02,4.0254425444e-01,3.5423633456e-01,2.3526318837e-03,2.4781601969e-03
702,6.1015434995e-02,4.0221156552e-01,3.5394951701e-01,2.3507666774e-03,2.4754381739e-03
703,6.0964777102e-02,4.0187763050e-01,3.5366141796e-01,2.3488961160e-03,2.4727252312e-03
704,6.0913926218e-02,4.0154242329e-01,3.5337221622e-01,2.3470139131e-03,2.4700067006e-03
705,6.0862893363e-02,4.0120601654e-01,3.5308191180e-01,2.3451328743e-03,2.4672776926e-03
706,6.0811661867e-02,4.0086830035e-01,3.5279047489e-01,2.3432406597e-03,2.4645416997e-03
707,6.0760225512e-02,4.0052923374e-01,3.5249787569e-01,2.3413456511e-03,2.4617901072e-03
708,6.0708594754e-02,4.0018888563e-01,3.5220408440e-01,2.3394313175e-03,2.4590487592e-03
709,6.0656747553e-02,3.9984711073e-01,3.5190898180e-01,2.3375088349e-03,2.4563041516e-03
710,6.0604695776e-02,3.9950398728e-01,3.5161286592e-01,2.3355709855e-03,2.4535411503e-03
711,6.0552415971e-02,3.9915936068e-01,3.5131543875e-01,2.3336270824e-03,2.4507651106e-03
712,6.0499929330e-02,3.9881337062e-01,3.5101684928e-01,2.3316650186e-03,2.4479872081e-03
713,6.0447205054e-02,3.9846581407e-01,3.5071691871e-01,2.3296833970e-03,2.4452062789e-03
714,6.0394256987e-02,3.9811678231e-01,3.5041573644e-01,2.3276824504e-03,2.4424220901e-03
715,6.0341064503e-02,3.9776613936e-01,3.5011330247e-01,2.3256670684e-03,2.4396167137e-03
716,6.0287634950e-02,3.9741393365e-01,3.4980955720e-01,2.3236374836e-03,2.4368001614e-03
717,6.0233961826e-02,3.9706012234e-01,3.4950456023e-01,2.3215771653e-03,2.4339791853e-03
718,6.0180048525e-02,3.9670472778e-01,3.4919819236e-01,2.3195068352e-03,2.4311465677e-03
719,6.0125874417e-02,3.9634761401e-01,3.4889036417e-01,2.3174004164e-03,2.4283244275e-03
720,6.0071445721e-02,3.9598882198e-01,3.4858125448e-01,2.3152872454e-03,2.4254694581e-03
721,6.0016752262e-02,3.9562828466e-01,3.4827074409e-01,2.3131566122e-03,2.4225974921e-03
722,5.9961796303e-02,3.9526601695e-01,3.4795874357e-01,2.3109903559e-03,2.4197369348e-03
723,5.9906563715e-02,3.9490192570e-01,3.4764522314e-01,2.3088022135e-03,2.4168679956e-03
724,5.9851061561e-02,3.9453605749e-01,3.4733027220e-01,2.3065933492e-03,2.4139850866e-03
725,5.9795277410e-02,3.9416833036e-01,3.4701392055e-01,2.3043726105e-03,2.4110684171e-03
726,5.9739211543e-02,3.9379874617e-01,3.4669598937e-01,2.3021167144e-03,2.4081589654e-03
727,5.9682845030e-02,3.9342718013e-01,3.4637629986e-01,2.2998317145e-03,2.4052562658e-03
728,5.9626209234e-02,3.9305383898e-01,3.4605515003e-01,2.2975339089e-03,2.4023349397e-03
729,5.9569257815e-02,3.9267841727e-01,3.4573242068e-01,2.2952142172e-03,2.3993854411e-03
730,5.9512019877e-02,3.9230110683e-01,3.4540811181e-01,2.2928703111e-03,2.3964291904e-03
731,5.9454473380e-02,3.9192176238e-01,3.4508198500e-01,2.2904959042e-03,2.3934817873e-03
732,5.9396614369e-02,3.9154035784e-01,3.4475415945e-01,2.2881031036e-03,2.3905166890e-03
733,5.9338449907e-02,3.9115693979e-01,3.4442463517e-01,2.2856884170e-03,2.3875420447e-03
734,5.9279969257e-02,3.9077143744e-01,3.4409338236e-01,2.2832578979e-03,2.3845476098e-03
735,5.9221174114e-02,3.9038386196e-01,3.4376037121e-01,2.2807978094e-03,2.3815513123e-03
736,5.9162046112e-02,3.8999409229e-01,3.4342548251e-01,2.2783093154e-03,2.3785517551e-03
737,5.9102594576e-02,3.8960218988e-01,3.4308877587e-01,2.2758024279e-03,2.3755389266e-03
738,5.9042813006e-02,3.8920811191e-01,3.4275031090e-01,2.2732778452e-03,2.3725021165e-03
739,5.8982697729e-02,3.8881183416e-01,3.4240990877e-01,2.2707288153e-03,2.3694639094e-03
740,5.8922250723e-02,3.8841336966e-01,3.4206759930e-01,2.2681525443e-03,2.3664245382e-03
741,5.8861463794e-02,3.8801266439e-01,3.4172335267e-01,2.2655604407e-03,2.3633707315e-03
742,5.8800327617e-02,3.8760965690e-01,3.4137716889e-01,2.2629485466e-03,2.3603003938e-03
743,5.8738855190e-02,3.8720443286e-01,3.4102898836e-01,2.2603166290e-03,2.3572279606e-03
744,5.8677027581e-02,3.8679686747e-01,3.4067869186e-01,2.2576609626e-03,2.3541566916e-03
745,5.8614853268e-02,3.8638701662e-01,3.4032645822e-01,2.2549862042e-03,2.3510695901e-03
746,5.8552318969e-02,3.8597479276e-01,3.3997222781e-01,2.2522993386e-03,2.3479571100e-03
747,5.8489438813e-02,3.8556028903e-01,3.3961591125e-01,2.2495843004e-03,2.3448534776e-03
748,5.8426200085e-02,3.8514342159e-01,3.3925741911e-01,2.2468511015e-03,2.3417491466e-03
749,5.8362600241e-02,3.8472417369e-01,3.3889693022e-01,2.2440971807e-03,2.3386271205e-03
750,5.8298638717e-02,3.8430254161e-01,3.3853432536e-01,2.2413325496e-03,2.3354892619e-03
751,5.8234329358e-02,3.8387861662e-01,3.3816963434e-01,2.2385469638e-03,2.3323511705e-03
752,5.8169645037e-02,3.8345221989e-01,3.3780273795e-01,2.2357376292e-03,2.3292105179e-03
753,5.8104598754e-02,3.8302343711e-01,3.3743369579e-01,2.2329096682e-03,2.3260645103e-03
754,5.8039191354e-02,3.8259227388e-01,3.3706250787e-01,2.2300756536e-03,2.3229008075e-03
755,5.7973418601e-02,3.8215870224e-01,3.3668920398e-01,2.2272230126e-03,2.3197268602e-03
756,5.7907273430e-02,3.8172267564e-01,3.3631363511e-01,2.2243461572e-03,2.3165578023e-03
757,5.7840767708e-02,3.8128427230e-01,3.3593580127e-01,2.2214546334e-03,2.3133924697e-03
758,5.7773896068e-02,3.8084345683e-01,3.3555579185e-01,2.2185558919e-03,2.3102106061e-03
759,5.7706657943e-02,3.8040022552e-01,3.3517360687e-01,2.2156445775e-03,2.3070173338e-03
760,5.7639057290e-02,3.7995460443e-01,3.3478918672e-01,2.2127160337e-03,2.3038256913e-03
761,5.7571093543e-02,3.7950658984e-01,3.3440241218e-01,2.2097744513e-03,2.3006433621e-03
762,5.7502764443e-02,3.7905616686e-01,3.3401343226e-01,2.2068277467e-03,2.2974456660e-03
763,5.7434074792e-02,3.7860336713e-01,3.3362227678e-01,2.2038687021e-03,2.2942402866e-03
764,5.7365025438e-02,3.7814819627e-01,3.3322882652e-01,2.2008947562e-03,2.2910421249e-03
765,5.7295614686e-02,3.7769064307e-01,3.3283308148e-01,2.1979059093e-03,2.2878502496e-03
766,5.7225855817e-02,3.7723079510e-01,3.3243513107e-01,2.1949163638e-03,2.2846499924e-03
767,5.7155743179e-02,3.7676861510e-01,3.3203497529e-01,2.1919307765e-03,2.2814332042e-03
768,5.7085265469e-02,3.7630402856e-01,3.3163243532e-01,2.1889242344e-03,2.2782350425e-03
769,5.7014458009e-02,3.7583726831e-01,3.3122763038e-01,2.1859181579e-03,2.2750454955e-03
770,5.6943295367e-02,3.7536816671e-01,3.3082053065e-01,2.1829111502e-03,2.2718524560e-03
771,5.6871787997e-02,3.7489679269e-01,3.3041122556e-01,2.1799034439e-03,2.2686531302e-03
772,5.6799943531e-02,3.7442319654e-01,3.2999956608e-01,2.1768976003e-03,2.2654654458e-03
773,5.6727762531e-02,3.7394738197e-01,3.2958555222e-01,2.1738859359e-03,2.2622970864e-03
774,5.6655248108e-02,3.7346936949e-01,3.2916927338e-01,2.1708770655e-03,2.2591324523e-03
775,5.6582404498e-02,3.7298918702e-01,3.2875084877e-01,2.1678858902e-03,2.2559477948e-03
776,5.6509236789e-02,3.7250686809e-01,3.2832995057e-01,2.1648923866e-03,2.2527992260e-03
777,5.6435737068e-02,3.7202236056e-01,3.2790669799e-01,2.1618972532e-03,2.2496688180e-03
778,5.6361925680e-02,3.7153579853e-01,3.2748126984e-01,2.1589221433e-03,2.2465307266e-03
779,5.6287788215e-02,3.7104708701e-01,3.2705351710e-01,2.1559558809e-03,2.2434010170e-03
780,5.6213344451e-02,3.7055635639e-01,3.2662340999e-01,2.1529989317e-03,2.2402957547e-03
781,5.6138586195e-02,3.7006355263e-01,3.2619094849e-01,2.1500531584e-03,2.2372072563e-03
782,5.6063527574e-02,3.6956876889e-01,3.2575616241e-01,2.1471225191e-03,2.2341380827e-03
783,5.5988145984e-02,3.6907185614e-01,3.2531905174e-01,2.1442086436e-03,2.2310719360e-03
784,5.5912476179e-02,3.6857304350e-01,3.2487967610e-01,2.1413227078e-03,2.2280139383e-03
785,5.5836489622e-02,3.6807214282e-01,3.2443773746e-01,2.1384430584e-03,2.2249973845e-03
786,5.5760208916e-02,3.6756930314e-01,3.2399338484e-01,2.1355836652e-03,2.2220080718e-03
787,5.5683630954e-02,3.6706450395e-01,3.2354682684e-01,2.1327575669e-03,2.2190101445e-03
788,5.5606751215e-02,3.6655771546e-01,3.2309794426e-01,2.1299542859e-03,2.2160229273e-03
789,5.5529567155e-02,3.6604892090e-01,3.2264640927e-01,2.1271619480e-03,2.2130892612e-03
790,5.5452090360e-02,3.6553819664e-01,3.2219246030e-01,2.1243945230e-03,2.2101791110e-03
791,5.5374311505e-02,3.6502548121e-01,3.2173633575e-01,2.1216599271e-03,2.2072545253e-03
792,5.5296235677e-02,3.6451080814e-01,3.2127779722e-01,2.1189507097e-03,2.2043504287e-03
793,5.5217849312e-02,3.6399408802e-01,3.2081654668e-01,2.1162519697e-03,2.2015022114e-03
794,5.5139162582e-02,3.6347538792e-01,3.2035297155e-01,2.1135755815e-03,2.1986661013e-03
795,5.5060158251e-02,3.6295459419e-01,3.1988710165e-01,2.1109362133e-03,2.1958132274e-03
796,5.4980855817e-02,3.6243183538e-01,3.1941869855e-01,2.1083175670e-03,2.1929959767e-03
797,5.4901238607e-02,3.6190700158e-01,3.1894770265e-01,2.1057145204e-03,2.1902152803e-03
798,5.4821298428e-02,3.6138003878e-01,3.1847423315e-01,2.1031377837e-03,2.1874427330e-03
799,5.4741044604e-02,3.6085100845e-01,3.1799840927e-01,2.1005887538e-03,2.1846711170e-03
800,5.4660455378e-02,3.6031976715e-01,3.1751999259e-01,2.0980506670e-03,2.1819267422e-03
801,5.4579546290e-02,3.5978641734e-01,3.1703907251e-01,2.0955344662e-03,2.1792000625e-03
802,5.4498298410e-02,3.5925083421e-01,3.1655579805e-01,2.0930352621e-03,2.1764682606e-03
803,5.4416711171e-02,3.5871301405e-01,3.1606996059e-01,2.0905490965e-03,2.1737562492e-03
804,5.4334772424e-02,3.5817287676e-01,3.1558158994e-01,2.0880708471e-03,2.1710577421e-03
805,5.4252492623e-02,3.5763049126e-01,3.1509086490e-01,2.0856033079e-03,2.1683592349e-03
806,5.4169848316e-02,3.5708570294e-01,3.1459760666e-01,2.0831418224e-03,2.1656679455e-03
807,5.4086852784e-02,3.5653859936e-01,3.1410190463e-01,2.0806856919e-03,2.1629838739e-03
808,5.4003485963e-02,3.5598904826e-01,3.1360375881e-01,2.0782316569e-03,2.1602972411e-03
809,5.3919740226e-02,3.5543699935e-01,3.1310302019e-01,2.0757748280e-03,2.1576231811e-03
810,5.3835635068e-02,3.5488258116e-01,3.1259998679e-01,2.0733235870e-03,2.1549358498e-03
811,5.3751140539e-02,3.5432559624e-01,3.1209439039e-01,2.0708672237e-03,2.1522534080e-03
812,5.3666259180e-02,3.5376606137e-01,3.1158643961e-01,2.0683968905e-03,2.1495653782e-03
813,5.3580981952e-02,3.5320391692e-01,3.1107598543e-01,2.0659193397e-03,2.1468738560e-03
814,5.3495315351e-02,3.5263920575e-01,3.1056320667e-01,2.0634352695e-03,2.1441646386e-03
815,5.3409249206e-02,3.5207186081e-01,3.1004792452e-01,2.0609265193e-03,2.1414670628e-03
816,5.3322779844e-02,3.5150185786e-01,3.0953040719e-01,2.0583979785e-03,2.1387471352e-03
817,5.3235895397e-02,3.5092911869e-01,3.0901053548e-01,2.0558498800e-03,2.1360083483e-03
818,5.3148597277e-02,3.5035365261e-01,3.0848824978e-01,2.0532773342e-03,2.1332628094e-03
819,5.3060885203e-02,3.4977545775e-01,3.0796357989e-01,2.0506838337e-03,2.1305039991e-03
820,5.2972754370e-02,3.4919450246e-01,3.0743655562e-01,2.0480586682e-03,2.1277361084e-03
821,5.2884197998e-02,3.4861074202e-01,3.0690726638e-01,2.0454055630e-03,2.1249419078e-03
822,5.2795222867e-02,3.4802422114e-01,3.0637568235e-01,2.0427245181e-03,2.1221293136e-03
823,5.2705815980e-02,3.4743485413e-01,3.0584171414e-01,2.0400122739e-03,2.1193018183e-03
824,5.2615969708e-02,3.4684259072e-01,3.0530536175e-01,2.0372597501e-03,2.1164631471e-03
825,5.2525693657e-02,3.4624749422e-01,3.0476689339e-01,2.0344757941e-03,2.1135841962e-03
826,5.2434986980e-02,3.4564955905e-01,3.0422618985e-01,2.0316527225e-03,2.1106842905e-03
827,5.2343835266e-02,3.4504869021e-01,3.0368304253e-01,2.0287828520e-03,2.1077818237e-03
828,5.2252242472e-02,3.4444491379e-01,3.0313777924e-01,2.0258740988e-03,2.1048393101e-03
829,5.2160202098e-02,3.4383818693e-01,3.0259031057e-01,2.0229285583e-03,2.1018590778e-03
830,5.2067723186e-02,3.4322856925e-01,3.0204048753e-01,2.0199385472e-03,2.0988697652e-03
831,5.1974794151e-02,3.4261598438e-01,3.0148839951e-01,2.0169084892e-03,2.0958499517e-03
832,5.1881417254e-02,3.4200044721e-01,3.0093404651e-01,2.0138334949e-03,2.0928066224e-03
833,5.1787597581e-02,3.4138199128e-01,3.0037760735e-01,2.0107198507e-03,2.0897185896e-03
834,5.1693316482e-02,3.4076049365e-01,2.9981881380e-01,2.0075547509e-03,2.0866130944e-03
835,5.1598584695e-02,3.4013602510e-01,2.9925775528e-01,2.0043377299e-03,2.0834892057e-03
836,5.1503398547e-02,3.3950856142e-01,2.9869470000e-01,2.0010836888e-03,2.0803024527e-03
837,5.1407746170e-02,3.3887802437e-01,2.9812926054e-01,1.9977767952e-03,2.0770996343e-03
838,5.1311643388e-02,3.3824451827e-01,2.9756158590e-01,1.9944200758e-03,2.0738733001e-03
839,5.1215084266e-02,3.3760800399e-01,2.9699179530e-01,1.9910186529e-03,2.0706022624e-03
840,5.1118054395e-02,3.3696838655e-01,2.9641973972e-01,1.9875743892e-03,2.0672902465e-03
841,5.1020568749e-02,3.3632576466e-01,2.9584544897e-01,1.9840837922e-03,2.0639477298e-03
842,5.0922611506e-02,3.3568003401e-01,2.9526877403e-01,1.9805317279e-03,2.0605942700e-03
843,5.0824199619e-02,3.3503130637e-01,2.9469019175e-01,1.9769473001e-03,2.0571642090e-03
844,5.0725308505e-02,3.3437941968e-01,2.9410919547e-01,1.9733142108e-03,2.0537083037e-03
845,5.0625948054e-02,3.3372443914e-01,2.9352578521e-01,1.9696210511e-03,2.0502444822e-03
846,5.0526125047e-02,3.3306640945e-01,2.9294031858e-01,1.9658864476e-03,2.0467226859e-03
847,5.0425825357e-02,3.3240523748e-01,2.9235288501e-01,1.9621090032e-03,2.0431263838e-03
848,5.0325047287e-02,3.3174091205e-01,2.9176270962e-01,1.9582693931e-03,2.0395508036e-03
849,5.0223795077e-02,3.3107346110e-01,2.9117032886e-01,1.9543878734e-03,2.0359253976e-03
850,5.0122059684e-02,3.3040282503e-01,2.9057604074e-01,1.9504680531e-03,2.0322103519e-03
851,5.0019852411e-02,3.2972907834e-01,2.8997915983e-01,1.9464950310e-03,2.0284967031e-03
852,4.9917146979e-02,3.2905204780e-01,2.8937971592e-01,1.9424691563e-03,2.0247639623e-03
853,4.9813972210e-02,3.2837192342e-01,2.8877842426e-01,1.9384106854e-03,2.0209392533e-03
854,4.9710307194e-02,3.2768856734e-01,2.8817465901e-01,1.9343046006e-03,2.0170861389e-03
855,4.9606143737e-02,3.2700192556e-01,2.8756812215e-01,1.9301414723e-03,2.0132388454e-03
856,4.9501492577e-02,3.2631206885e-01,2.8695964813e-01,1.9259414403e-03,2.0093007479e-03
857,4.9396336759e-02,3.2561888546e-01,2.8634878993e-01,1.9216997316e-03,2.0053097978e-03
858,4.9290700866e-02,3.2492253743e-01,2.8573504090e-01,1.9174035406e-03,2.0013460889e-03
859,4.9184557490e-02,3.2422284409e-01,2.8511911631e-01,1.9130699802e-03,1.9973027520e-03
860,4.9077905784e-02,3.2351979986e-01,2.8450110555e-01,1.9087019609e-03,1.9931674469e-03
861,4.8970748289e-02,3.2281342149e-01,2.8387993574e-01,1.9042727072e-03,1.9890759140e-03
862,4.8863088681e-02,3.2210373320e-01,2.8325635195e-01,1.8998101586e-03,1.9849280361e-03
863,4.8754910004e-02,3.2139062323e-01,2.8263065219e-01,1.8953176914e-03,1.9806795754e-03
864,4.8646218475e-02,3.2067413256e-01,2.8200191259e-01,1.8907784251e-03,1.9764436875e-03
865,4.8537014659e-02,3.1995426491e-01,2.8137052059e-01,1.8861889839e-03,1.9721854478e-03
866,4.8427278213e-02,3.1923088618e-01,2.8073686361e-01,1.8815756775e-03,1.9678266253e-03
867,4.8317031740e-02,3.1850414537e-01,2.8010034561e-01,1.8769203452e-03,1.9634596538e-03
868,4.8206246702e-02,3.1777385436e-01,2.7946084738e-01,1.8722150708e-03,1.9590856973e-03
869,4.8094927054e-02,3.1704003923e-01,2.7881905437e-01,1.8674849998e-03,1.9546134863e-03
870,4.7983077884e-02,3.1630273350e-01,2.7817428112e-01,1.8627175596e-03,1.9501276547e-03
871,4.7870689301e-02,3.1556187198e-01,2.7752652764e-01,1.8579054158e-03,1.9456290174e-03
872,4.7757757067e-02,3.1481742673e-01,2.7687624097e-01,1.8530675443e-03,1.9410509849e-03
873,4.7644280334e-02,3.1406939216e-01,2.7622306347e-01,1.8481931183e-03,1.9364397740e-03
874,4.7530253450e-02,3.1331773102e-01,2.7556657791e-01,1.8432791112e-03,1.9318362465e-03
875,4.7415679243e-02,3.1256246194e-01,2.7490758896e-01,1.8383441493e-03,1.9271430792e-03
876,4.7300548103e-02,3.1180352159e-01,2.7424561977e-01,1.8333699554e-03,1.9224202260e-03
877,4.7184850708e-02,3.1104084849e-01,2.7358028293e-01,1.8283517566e-03,1.9177048234e-03
878,4.7068593272e-02,3.1027448364e-01,2.7291247249e-01,1.8233074807e-03,1.9128936110e-03
879,4.6951776079e-02,3.0950442888e-01,2.7224141359e-01,1.8182356143e-03,1.9080658676e-03
880,4.6834380763e-02,3.0873056315e-01,2.7156689763e-01,1.8131200923e-03,1.9032465061e-03
881,4.6716412691e-02,3.0795292184e-01,2.7088984847e-01,1.8079944421e-03,1.8983129412e-03
882,4.6597872711e-02,3.0717151053e-01,2.7020922303e-01,1.8028259510e-03,1.8934027757e-03
883,4.6478745001e-02,3.0638622493e-01,2.6952543855e-01,1.7976240488e-03,1.8884545425e-03
884,4.6359040297e-02,3.0559713580e-01,2.6883894205e-01,1.7924004933e-03,1.8834188813e-03
885,4.6238743341e-02,3.0480414256e-01,2.6814851165e-01,1.7871392192e-03,1.8784237327e-03
886,4.6117854698e-02,3.0400724895e-01,2.6745525002e-01,1.7818505876e-03,1.8733491888e-03
887,4.5996382562e-02,3.0320650898e-01,2.6675885916e-01,1.7765418161e-03,1.8682231894e-03
888,4.5874302351e-02,3.0240176059e-01,2.6605853438e-01,1.7711889232e-03,1.8631337443e-03
889,4.5751628758e-02,3.0159310065e-01,2.6535543799e-01,1.7658254365e-03,1.8579409225e-03
890,4.5628344828e-02,3.0078041740e-01,2.6464873552e-01,1.7604226014e-03,1.8527455395e-03
891,4.5504468647e-02,2.9996383004e-01,2.6393848658e-01,1.7549936892e-03,1.8475404941e-03
892,4.5379973935e-02,2.9914316535e-01,2.6322525740e-01,1.7495402135e-03,1.8422506982e-03
893,4.5254865496e-02,2.9831845500e-01,2.6250812411e-01,1.7440522788e-03,1.8369809259e-03
894,4.5129152937e-02,2.9748976231e-01,2.6178771257e-01,1.7385431565e-03,1.8316619098e-03
895,4.5002824109e-02,2.9665700719e-01,2.6106393337e-01,1.7330100527e-03,1.8262972590e-03
896,4.4875877598e-02,2.9582018033e-01,2.6033630967e-01,1.7274445854e-03,1.8209423870e-03
897,4.4748308601e-02,2.9497925006e-01,2.5960549712e-01,1.7218559515e-03,1.8155192956e-03
898,4.4620115139e-02,2.9413420334e-01,2.5887101889e-01,1.7162384465e-03,1.8100800226e-03
899,4.4491298344e-02,2.9328504764e-01,2.5813269615e-01,1.7105891602e-03,1.8046458717e-03
900,4.4361863583e-02,2.9243181832e-01,2.5739139318e-01,1.7049262533e-03,1.7991163768e-03
901,4.4231801250e-02,2.9157445207e-01,2.5664570928e-01,1.6992330784e-03,1.7936412478e-03
902,4.4101100324e-02,2.9071287625e-01,2.5589692593e-01,1.6935160384e-03,1.7880790401e-03
903,4.3969774652e-02,2.8984718211e-01,2.5514447689e-01,1.6877673334e-03,1.7825032119e-03
904,4.3837832145e-02,2.8897742182e-01,2.5438806415e-01,1.6819934826e-03,1.7769421684e-03
905,4.3705247089e-02,2.8810342588e-01,2.5362855196e-01,1.6761985607e-03,1.7712889239e-03
906,4.3572026832e-02,2.8722524270e-01,2.5286480784e-01,1.6703723231e-03,1.7656711861e-03
907,4.3438182393e-02,2.8634294495e-01,2.5209760666e-01,1.6645244323e-03,1.7600092106e-03
908,4.3303710100e-02,2.8545650840e-01,2.5132700801e-01,1.6586598940e-03,1.7542901915e-03
909,4.3168597801e-02,2.8456585295e-01,2.5055205822e-01,1.6527520493e-03,1.7486274010e-03
910,4.3032858777e-02,2.8367106616e-01,2.4977430701e-01,1.6468383837e-03,1.7428374849e-03
911,4.2896487377e-02,2.8277211078e-01,2.4899193645e-01,1.6408857191e-03,1.7371317372e-03
912,4.2759487840e-02,2.8186901473e-01,2.4820666015e-01,1.6349132638e-03,1.7313221470e-03
913,4.2621856774e-02,2.8096175566e-01,2.4741734564e-01,1.6289070481e-03,1.7255339772e-03
914,4.2483598137e-02,2.8005035967e-01,2.4662439525e-01,1.6228763852e-03,1.7197200796e-03
915,4.2344717295e-02,2.7913486212e-01,2.4582803249e-01,1.6168296570e-03,1.7138533294e-03
916,4.2205215380e-02,2.7821527049e-01,2.4502754211e-01,1.6107478878e-03,1.7080249963e-03
917,4.2065092956e-02,2.7729158849e-01,2.4422401190e-01,1.6046487726e-03,1.7021090025e-03
918,4.1924344091e-02,2.7636377700e-01,2.4341636896e-01,1.5985097270e-03,1.6962309601e-03
919,4.1782988563e-02,2.7543196641e-01,2.4260553718e-01,1.5923584579e-03,1.6902845819e-03
920,4.1641018177e-02,2.7449610271e-01,2.4179080129e-01,1.5861724969e-03,1.6843576450e-03
921,4.1498439151e-02,2.7355622686e-01,2.4097272754e-01,1.5799648827e-03,1.6783850733e-03
922,4.1355252615e-02,2.7261234634e-01,2.4015115201e-01,1.5737261856e-03,1.6723932931e-03
923,4.1211477782e-02,2.7166458778e-01,2.3932597041e-01,1.5674558235e-03,1.6664059367e-03
924,4.1067101090e-02,2.7071286179e-01,2.3849776387e-01,1.5611632261e-03,1.6603466356e-03
925,4.0922135254e-02,2.6975725219e-01,2.3766539991e-01,1.5548355877e-03,1.6543496167e-03
926,4.0776593273e-02,2.6879784465e-01,2.3683072627e-01,1.5484910691e-03,1.6482208157e-03
927,4.0630470342e-02,2.6783460751e-01,2.3599143326e-01,1.5421034768e-03,1.6422139015e-03
928,4.0483781154e-02,2.6686763763e-01,2.3515069485e-01,1.5357090160e-03,1.6359853325e-03
929,4.0336535883e-02,2.6589700207e-01,2.3430407047e-01,1.5292497119e-03,1.6300433781e-03
930,4.0188734810e-02,2.6492270268e-01,2.3345866799e-01,1.5228183474e-03,1.6235850053e-03
931,4.0040388391e-02,2.6394480839e-01,2.3260308802e-01,1.5162626514e-03,1.6179094091e-03
932,3.9891513579e-02,2.6296343096e-01,2.3175628483e-01,1.5098256990e-03,1.6108889831e-03
933,3.9742114895e-02,2.6197860017e-01,2.3088687658e-01,1.5031058574e-03,1.6060664784e-03
934,3.9592198555e-02,2.6099035703e-01,2.3004870117e-01,1.4967874158e-03,1.5973781701e-03
935,3.9441792252e-02,2.5999888405e-01,2.2914700210e-01,1.4896843350e-03,1.5955037670e-03
936,3.9290890192e-02,2.5900414307e-01,2.2835372388e-01,1.4839214273e-03,1.5811204212e-03
937,3.9139529531e-02,2.5800637901e-01,2.2734956443e-01,1.4755815500e-03,1.5901000006e-03
938,3.8987775120e-02,2.5700601935e-01,2.2674264014e-01,1.4720424078e-03,1.5542955371e-03
939,3.8835833086e-02,2.5600442290e-01,2.2534985840e-01,1.4591079671e-03,1.6063484363e-03
940,3.8684563412e-02,2.5500725862e-01,2.2551329434e-01,1.4646840282e-03,1.4847123530e-03
941,3.8537029785e-02,2.5403472222e-01,2.2258493304e-01,1.4332572464e-03,1.7117217649e-03
942,3.8398810423e-02,2.5312358513e-01,2.2540357709e-01,1.4752160059e-03,1.2967848452e-03
943,3.8263241502e-02,2.5222991966e-01,2.1917204559e-01,1.3872759882e-03,1.9185114652e-03
944,3.8093599723e-02,2.5111164711e-01,2.2355733812e-01,1.4785870444e-03,1.2768438319e-03
945,3.7915354324e-02,2.4993665982e-01,2.2009092569e-01,1.4211456291e-03,1.5634277370e-03
946,3.7774765813e-02,2.4900990538e-01,2.1781994402e-01,1.3847745722e-03,1.7342214705e-03
947,3.7630534076e-02,2.4805913493e-01,2.2091853619e-01,1.4517997624e-03,1.2622601353e-03
948,3.7456898552e-02,2.4691453576e-01,2.1683520079e-01,1.3780457666e-03,1.6298877308e-03
949,3.7301415439e-02,2.4588959664e-01,2.1603867412e-01,1.3728167396e-03,1.6122754896e-03
950,3.7159945049e-02,2.4495702889e-01,2.1793657541e-01,1.4236510033e-03,1.2783943675e-03
951,3.6994516990e-02,2.4386653304e-01,2.1395047009e-01,1.3565134723e-03,1.6350927763e-03
952,3.6833053855e-02,2.4280217383e-01,2.1379165351e-01,1.3677857351e-03,1.5332662733e-03
953,3.6688660492e-02,2.4185033794e-01,2.1486468613e-01,1.4025049750e-03,1.2960602762e-03
954,3.6528775330e-02,2.4079638068e-01,2.1122071147e-01,1.3387207873e-03,1.6188460868e-03
955,3.6365476242e-02,2.3971991893e-01,2.1145381033e-01,1.3530665310e-03,1.4735443983e-03
956,3.6217327193e-02,2.3874332570e-01,2.1192952991e-01,1.3710766798e-03,1.3103028759e-03
957,3.6060977460e-02,2.3771267384e-01,2.0864488184e-01,1.3130294392e-03,1.5937497374e-03
958,3.5897664950e-02,2.3663612362e-01,2.0909301937e-01,1.3321245788e-03,1.4221858000e-03
959,3.5745886662e-02,2.3563560657e-01,2.0898222923e-01,1.3410069514e-03,1.3243308058e-03
960,3.5591750103e-02,2.3461954389e-01,2.0603278279e-01,1.2940623565e-03,1.5646137763e-03
961,3.5429527580e-02,2.3355017882e-01,2.0660458505e-01,1.3180351816e-03,1.3765242184e-03
962,3.5274487244e-02,2.3252815846e-01,2.0595698059e-01,1.3169698650e-03,1.3401479227e-03
963,3.5121398428e-02,2.3151900247e-01,2.0344212651e-01,1.2780023972e-03,1.5296852216e-03
964,3.4961161899e-02,2.3046272900e-01,2.0410716534e-01,1.3006937224e-03,1.3348626671e-03
965,3.4803532438e-02,2.2942364123e-01,2.0297586918e-01,1.2875221437e-03,1.3572550379e-03
966,3.4650220680e-02,2.2841301560e-01,2.0097658038e-01,1.2576577719e-03,1.4859857038e-03
967,3.4492495854e-02,2.2737329919e-01,2.0159003139e-01,1.2786703883e-03,1.2996563455e-03
968,3.4333525773e-02,2.2632537410e-01,1.9998463988e-01,1.2581559131e-03,1.3759175781e-03
969,3.4178740873e-02,2.2530503757e-01,1.9855806231e-01,1.2417427497e-03,1.4329547994e-03
970,3.4023231058e-02,2.2427992243e-01,1.9891984761e-01,1.2591088889e-03,1.2768985471e-03
971,3.3864715338e-02,2.2323499247e-01,1.9698441029e-01,1.2334424537e-03,1.3916157186e-03
972,3.3707981884e-02,2.2220181115e-01,1.9620053470e-01,1.2285156408e-03,1.3716120739e-03
973,3.3553230326e-02,2.2118169442e-01,1.9611702859e-01,1.2356826337e-03,1.2707839487e-03
974,3.3396603822e-02,2.2014921810e-01,1.9413204491e-01,1.2079939479e-03,1.3937234180e-03
975,3.3239001769e-02,2.1911031101e-01,1.9390711188e-01,1.2120862957e-03,1.3082335936e-03
976,3.3083278619e-02,2.1808378957e-01,1.9318042696e-01,1.2075155973e-03,1.2828207109e-03
977,3.2928217797e-02,2.1706163418e-01,1.9148474932e-01,1.1864221888e-03,1.3712663203e-03
978,3.2771772274e-02,2.1603035089e-01,1.9149987400e-01,1.1957813986e-03,1.2572662672e-03
979,3.2615104658e-02,2.1499760356e-01,1.9012454152e-01,1.1811789591e-03,1.3061272912e-03
980,3.2459784866e-02,2.1397374105e-01,1.8905173242e-01,1.1716495501e-03,1.3205513824e-03
981,3.2304914491e-02,2.1295284107e-01,1.8884044886e-01,1.1763997609e-03,1.2348394375e-03
982,3.2149249973e-02,2.1192670614e-01,1.8717683852e-01,1.1562379077e-03,1.3187488075e-03
983,3.1993411254e-02,2.1089942288e-01,1.8677084148e-01,1.1568993796e-03,1.2559588067e-03
984,3.1838426300e-02,2.0987776760e-01,1.8591760099e-01,1.1500611436e-03,1.2459554709e-03
985,3.1684064680e-02,2.0886022132e-01,1.8456171453e-01,1.1351938592e-03,1.2946568895e-03
986,3.1529493963e-02,2.0784129668e-01,1.8434312940e-01,1.1391293956e-03,1.2106873328e-03
987,3.1374647747e-02,2.0682055596e-01,1.8289910257e-01,1.1236113496e-03,1.2685339898e-03
988,3.1220168015e-02,2.0580223110e-01,1.8224623799e-01,1.1208456708e-03,1.2347536394e-03
989,3.1066349905e-02,2.0478826761e-01,1.8151290715e-01,1.1166697368e-03,1.2108662631e-03
990,3.0912898561e-02,2.0377672184e-01,1.8018773198e-01,1.1030278401e-03,1.2558711460e-03
991,3.0759442979e-02,2.0276514813e-01,1.7986831069e-01,1.1047518346e-03,1.1849319562e-03
992,3.0605993472e-02,2.0175361447e-01,1.7851260304e-01,1.0904367082e-03,1.2336644577e-03
993,3.0452856056e-02,2.0074413810e-01,1.7790439725e-01,1.0875154985e-03,1.1964585865e-03
994,3.0300219059e-02,1.9973796047e-01,1.7703530192e-01,1.0807714425e-03,1.1894943891e-03
995,3.0148040944e-02,1.9873480778e-01,1.7591331899e-01,1.0704421438e-03,1.2117067818e-03
996,2.9996155988e-02,1.9773358759e-01,1.7545028031e-01,1.0699733393e-03,1.1583573651e-03
997,2.9844470946e-02,1.9673368521e-01,1.7410841584e-01,1.0566989658e-03,1.2058279244e-03
998,2.9693009693e-02,1.9573525805e-01,1.7367035151e-01,1.0564384283e-03,1.1500522960e-03
999,2.9541857706e-02,1.9473886956e-01,1.7248000205e-01,1.0452161077e-03,1.1806706898e-03
1000,2.9391112044e-02,1.9374515954e-01,1.7179308832e-01,1.0409995448e-03,1.1542075081e-03
1001,2.9240813821e-02,1.9275439903e-01,1.7091132700e-01,1.0339557193e-03,1.1503514834e-03
1002,2.9090950038e-02,1.9176650234e-01,1.6992959380e-01,1.0255587986e-03,1.1581319850e-03
1003,2.8941505579e-02,1.9078136981e-01,1.6931371391e-01,1.0223181453e-03,1.1244474445e-03
1004,2.8792461088e-02,1.8979887385e-01,1.6811898351e-01,1.0113265598e-03,1.1566624744e-03
1005,2.8643827020e-02,1.8881908339e-01,1.6767352819e-01,1.0105618276e-03,1.1039937381e-03
1006,2.8495605493e-02,1.8784201238e-01,1.6634640098e-01,9.9799467716e-04,1.1515665101e-03
1007,2.8347838328e-02,1.8686793651e-01,1.6602833569e-01,9.9874904845e-04,1.0852110572e-03
1008,2.8200544738e-02,1.8589698244e-01,1.6457544267e-01,9.8445860203e-04,1.1476953514e-03
1009,2.8053809917e-02,1.8492971174e-01,1.6443198919e-01,9.8715233617e-04,1.0626198491e-03
1010,2.7907715666e-02,1.8396666367e-01,1.6274990141e-01,9.6992560429e-04,1.1517505627e-03
1011,2.7762463877e-02,1.8300916906e-01,1.6295158863e-01,9.7692501731e-04,1.0288330959e-03
1012,2.7618443355e-02,1.8205979094e-01,1.6077700257e-01,9.5372850774e-04,1.1745502707e-03
1013,2.7476249039e-02,1.8112245109e-01,1.6169756651e-01,9.7000884125e-04,9.7247958183e-04
1014,2.7337239207e-02,1.8020610325e-01,1.5852063894e-01,9.3427847605e-04,1.2342679547e-03
1015,2.7201986898e-02,1.7931452487e-01,1.6078363359e-01,9.6862373175e-04,8.8446540758e-04
1016,2.7071446045e-02,1.7845400423e-01,1.5601596236e-01,9.1087527107e-04,1.3329288922e-03
1017,2.6936454965e-02,1.7756414786e-01,1.5978246927e-01,9.6956233028e-04,8.0860557500e-04
1018,2.6791032508e-02,1.7660552822e-01,1.5429137647e-01,8.9648860740e-04,1.3349265791e-03
1019,2.6630068520e-02,1.7554445937e-01,1.5724472702e-01,9.4765762333e-04,8.8231568225e-04
1020,2.6474041898e-02,1.7451593745e-01,1.5446762741e-01,9.1064331355e-04,1.0941877263e-03
1021,2.6336139713e-02,1.7360689119e-01,1.5347033739e-01,8.9949986432e-04,1.1141555151e-03
1022,2.6209788138e-02,1.7277398612e-01,1.5481910110e-01,9.2367053730e-04,8.7181793060e-04
1023,2.6078881931e-02,1.7191105708e-01,1.5080972016e-01,8.6947920499e-04,1.2406544993e-03
1024,2.5933269732e-02,1.7095118668e-01,1.5318781137e-01,9.1407832224e-04,8.6225918494e-04
1025,2.5783692751e-02,1.6996518057e-01,1.5024438500e-01,8.7811524281e-04,1.0939643253e-03
1026,2.5643753429e-02,1.6904270556e-01,1.4989273250e-01,8.8108895579e-04,1.0339083383e-03
1027,2.5514648701e-02,1.6819165181e-01,1.5030859411e-01,8.9397933334e-04,8.9432642562e-04
1028,2.5385837275e-02,1.6734253149e-01,1.4722877741e-01,8.5239054170e-04,1.1589848436e-03
1029,2.5248431412e-02,1.6643675696e-01,1.4901649952e-01,8.8417687220e-04,8.5784890689e-04
1030,2.5106365096e-02,1.6550026089e-01,1.4630682766e-01,8.4767275257e-04,1.0716705583e-03
1031,2.4968247457e-02,1.6458979435e-01,1.4630877972e-01,8.5290445713e-04,9.7519694827e-04
1032,2.4837639212e-02,1.6372882947e-01,1.4607566595e-01,8.5523090092e-04,9.1008545132e-04
1033,2.4709895309e-02,1.6288674623e-01,1.4374761283e-01,8.2703097723e-04,1.0868823156e-03
1034,2.4578760649e-02,1.6202231124e-01,1.4498682320e-01,8.5246848175e-04,8.5108028725e-04
1035,2.4443615008e-02,1.6113143601e-01,1.4236262441e-01,8.2032621140e-04,1.0565549601e-03
1036,2.4308144701e-02,1.6023842059e-01,1.4278395474e-01,8.3287915913e-04,9.1256736778e-04
1037,2.4176449860e-02,1.5937029291e-01,1.4177298546e-01,8.2336203195e-04,9.3636877136e-04
1038,2.4048621046e-02,1.5852764994e-01,1.4038351178e-01,8.0785248429e-04,1.0065613315e-03
1039,2.3921795755e-02,1.5769162215e-01,1.4094528556e-01,8.2086882321e-04,8.5376482457e-04
1040,2.3793524730e-02,1.5684606414e-01,1.3859714568e-01,7.9252937576e-04,1.0323624592e-03
1041,2.3663268276e-02,1.5598741826e-01,1.3935840130e-01,8.0977065954e-04,8.5313105956e-04
1042,2.3532785348e-02,1.5512727946e-01,1.3748450577e-01,7.8953965567e-04,9.7473763162e-04
1043,2.3403849452e-02,1.5427733865e-01,1.3727279007e-01,7.9287320841e-04,9.0758170700e-04
1044,2.3277149053e-02,1.5344213415e-01,1.3661590219e-01,7.8927265713e-04,8.9335045777e-04
1045,2.3152096209e-02,1.5261779027e-01,1.3524815440e-01,7.7510537812e-04,9.6185825532e-04
1046,2.3027634628e-02,1.5179734398e-01,1.3555513322e-01,7.8405707609e-04,8.4016402252e-04
1047,2.2903005698e-02,1.5097579453e-01,1.3357281685e-01,7.6144980267e-04,9.7884796560e-04
1048,2.2777895423e-02,1.5015107207e-01,1.3414373994e-01,7.7455164865e-04,8.2618155284e-04
1049,2.2652649164e-02,1.4932545321e-01,1.3221907616e-01,7.5387820834e-04,9.5675949706e-04
1050,2.2527645980e-02,1.4850143669e-01,1.3246838748e-01,7.6315779006e-04,8.4014714230e-04
1051,2.2403333309e-02,1.4768197201e-01,1.3104239106e-01,7.4956880417e-04,9.1438926756e-04
1052,2.2279916010e-02,1.4686840959e-01,1.3071960211e-01,7.5054075569e-04,8.6433999240e-04
1053,2.2157411813e-02,1.4606086630e-01,1.2990483642e-01,7.4452796252e-04,8.7107502623e-04
1054,2.2035717300e-02,1.4525866043e-01,1.2902660668e-01,7.3747086572e-04,8.8573456742e-04
1055,2.1914754626e-02,1.4446127880e-01,1.2873142958e-01,7.3812605115e-04,8.3485891810e-04
1056,2.1794451807e-02,1.4366824692e-01,1.2739557028e-01,7.2543625720e-04,9.0183143038e-04
1057,2.1674832507e-02,1.4287972078e-01,1.2752607465e-01,7.3205807712e-04,8.0330646597e-04
1058,2.1556024093e-02,1.4209653996e-01,1.2576833367e-01,7.1452482371e-04,9.1829575831e-04
1059,2.1438190027e-02,1.4131978201e-01,1.2635912001e-01,7.2710553650e-04,7.6896068640e-04
1060,2.1321802400e-02,1.4055255894e-01,1.2407625467e-01,7.0278102066e-04,9.4484939473e-04
1061,2.1207137914e-02,1.3979669474e-01,1.2532797456e-01,7.2336377343e-04,7.2350824485e-04
1062,2.1095361362e-02,1.3905986771e-01,1.2225078046e-01,6.8854837446e-04,9.9236029200e-04
1063,2.0985926551e-02,1.3833847735e-01,1.2447378039e-01,7.2196731344e-04,6.6450238228e-04
1064,2.0879916192e-02,1.3763966085e-01,1.2033000588e-01,6.7293405300e-04,1.0580314556e-03
1065,2.0770952696e-02,1.3692137739e-01,1.2355989218e-01,7.2196009569e-04,6.1418843688e-04
1066,2.0657466285e-02,1.3617327902e-01,1.1877492070e-01,6.6238676663e-04,1.0774490656e-03
1067,2.0530629197e-02,1.3533717347e-01,1.2189098448e-01,7.1252306225e-04,6.3209584914e-04
1068,2.0399377062e-02,1.3447196409e-01,1.1827839911e-01,6.6638755379e-04,9.5296895597e-04
1069,2.0272787569e-02,1.3363749068e-01,1.1923930794e-01,6.8473519059e-04,7.5508310692e-04
1070,2.0158833587e-02,1.3288631011e-01,1.1847235262e-01,6.7789136665e-04,7.6350441668e-04
1071,2.0054937788e-02,1.3220143272e-01,1.1656406522e-01,6.5551022999e-04,9.0822647326e-04
1072,1.9952532933e-02,1.3152638357e-01,1.1817809939e-01,6.8394123809e-04,6.5088720294e-04
1073,1.9844978861e-02,1.3081739098e-01,1.1473682523e-01,6.4267253038e-04,9.6538400976e-04
1074,1.9728178269e-02,1.3004744565e-01,1.1675099283e-01,6.7942874739e-04,6.5021653427e-04
1075,1.9607998223e-02,1.2925522309e-01,1.1399240047e-01,6.4726255368e-04,8.7901967345e-04
1076,1.9490909770e-02,1.2848338019e-01,1.1445844173e-01,6.5966404509e-04,7.4282975402e-04
1077,1.9381145208e-02,1.2775981613e-01,1.1380711943e-01,6.5438670572e-04,7.4088294059e-04
1078,1.9276977513e-02,1.2707314640e-01,1.1220907420e-01,6.3508981839e-04,8.5131742526e-04
1079,1.9173616394e-02,1.2639179360e-01,1.1328295618e-01,6.5387174254e-04,6.5701198764e-04
1080,1.9067543941e-02,1.2569256779e-01,1.1058674753e-01,6.2148692086e-04,8.8909507031e-04
1081,1.8957007347e-02,1.2496391451e-01,1.1196760833e-01,6.4753257902e-04,6.5209803870e-04
1082,1.8844622508e-02,1.2422307767e-01,1.0964579880e-01,6.2234309735e-04,8.3538482431e-04
1083,1.8733210250e-02,1.2348865205e-01,1.1005921662e-01,6.3493044581e-04,7.0801307447e-04
1084,1.8625085048e-02,1.2277589459e-01,1.0908042639e-01,6.2686036108e-04,7.4268644676e-04
1085,1.8520275158e-02,1.2208499154e-01,1.0811284930e-01,6.1785883736e-04,7.7935535228e-04
1086,1.8417345442e-02,1.2140648253e-01,1.0843162984e-01,6.2612467445e-04,6.7136058351e-04
1087,1.8314669962e-02,1.2072964944e-01,1.0647389293e-01,6.0383894015e-04,8.2173669944e-04
1088,1.8210899621e-02,1.2004559906e-01,1.0741551220e-01,6.2197138323e-04,6.4103730256e-04
1089,1.8106019231e-02,1.1935423128e-01,1.0517941415e-01,5.9799291193e-04,8.1948877778e-04
1090,1.8000071742e-02,1.1865582922e-01,1.0602660477e-01,6.1608420219e-04,6.4683821984e-04
1091,1.7894124394e-02,1.1795742810e-01,1.0416522622e-01,5.9710571077e-04,7.8211445361e-04
1092,1.7788797979e-02,1.1726312013e-01,1.0445393622e-01,6.0622498859e-04,6.7469343776e-04
1093,1.7684626186e-02,1.1657642340e-01,1.0330633819e-01,5.9519283241e-04,7.3181570042e-04
1094,1.7581716956e-02,1.1589804944e-01,1.0288677365e-01,5.9352506651e-04,7.0760247763e-04
1095,1.7479925262e-02,1.1522704223e-01,1.0244191438e-01,5.9181737015e-04,6.8669544999e-04
1096,1.7379014388e-02,1.1456184136e-01,1.0138420761e-01,5.8286392596e-04,7.3489942588e-04
1097,1.7278821436e-02,1.1390137300e-01,1.0148715973e-01,5.8979011374e-04,6.5163121326e-04
1098,1.7179291376e-02,1.1324527441e-01,9.9929645658e-02,5.7563511655e-04,7.5592775829e-04
1099,1.7080396589e-02,1.1259336350e-01,1.0048378259e-01,5.8856309624e-04,6.2239501858e-04
1100,1.6982393853e-02,1.1194733297e-01,9.8505914211e-02,5.6833901908e-04,7.7580282232e-04
1101,1.6885242197e-02,1.1130691273e-01,9.9521212280e-02,5.8585591614e-04,5.9271411737e-04
1102,1.6789580284e-02,1.1067631282e-01,9.7078464925e-02,5.5867282208e-04,8.0111192074e-04
1103,1.6694998043e-02,1.1005283007e-01,9.8636157811e-02,5.8272748720e-04,5.5893970421e-04
1104,1.6602533401e-02,1.0944330646e-01,9.5607817173e-02,5.4840440862e-04,8.3514454309e-04
1105,1.6510222331e-02,1.0883479519e-01,9.7775116563e-02,5.8157532476e-04,5.2439252613e-04
1106,1.6418969813e-02,1.0823326185e-01,9.4168394804e-02,5.4005609127e-04,8.6643063696e-04
1107,1.6323680954e-02,1.0760512110e-01,9.6760220826e-02,5.8009265922e-04,5.0439737970e-04
1108,1.6225603127e-02,1.0695859557e-01,9.3032985926e-02,5.3551379824e-04,8.5704721278e-04
1109,1.6120927313e-02,1.0626857635e-01,9.5326676965e-02,5.7152920635e-04,5.2266073180e-04
1110,1.6014955382e-02,1.0557001317e-01,9.2439204454e-02,5.3653860232e-04,7.7654223423e-04
1111,1.5910550616e-02,1.0488178069e-01,9.3449980021e-02,5.5433646776e-04,5.8884359896e-04
1112,1.5811672288e-02,1.0422997829e-01,9.2187613249e-02,5.4142583394e-04,6.6281069303e-04
1113,1.5718715916e-02,1.0361721320e-01,9.1483719647e-02,5.3664721781e-04,6.7670212593e-04
1114,1.5629897960e-02,1.0303172842e-01,9.1826610267e-02,5.4656434804e-04,5.7394744363e-04
1115,1.5542823207e-02,1.0245773476e-01,8.9759625494e-02,5.2492471877e-04,7.4488623068e-04
1116,1.5454787386e-02,1.0187740577e-01,9.1117829084e-02,5.4894341156e-04,5.2701425739e-04
1117,1.5365034854e-02,1.0128576029e-01,8.8420607150e-02,5.1838834770e-04,7.6812697807e-04
1118,1.5271819795e-02,1.0067128995e-01,9.0030804276e-02,5.4469180759e-04,5.1935674855e-04
1119,1.5176868810e-02,1.0004537646e-01,8.7505295873e-02,5.1478104433e-04,7.3922699085e-04
1120,1.5080743846e-02,9.9411724135e-02,8.8621862233e-02,5.3326698253e-04,5.4571923101e-04
1121,1.4985797948e-02,9.8785844166e-02,8.6890652776e-02,5.1379785873e-04,6.7572126864e-04
1122,1.4893001364e-02,9.8174132407e-02,8.7049305439e-02,5.1994505338e-04,5.9253763175e-04
1123,1.4802737252e-02,9.7579114605e-02,8.6330816150e-02,5.1515304949e-04,6.0967676109e-04
1124,1.4714622172e-02,9.6998263150e-02,8.5504047573e-02,5.0945265684e-04,6.3996890094e-04
1125,1.4628009833e-02,9.6427317709e-02,8.5666082799e-02,5.1679578610e-04,5.5932771647e-04
1126,1.4542349661e-02,9.5862648915e-02,8.4094345570e-02,5.0136912614e-04,6.7546119681e-04
1127,1.4457091858e-02,9.5300632529e-02,8.4886610508e-02,5.1614118274e-04,5.2526098443e-04
1128,1.4372282553e-02,9.4741572626e-02,8.2829907537e-02,4.9366522580e-04,6.9750129478e-04
1129,1.4287309574e-02,9.4181433786e-02,8.4024146199e-02,5.1291979617e-04,5.0280895084e-04
1130,1.4202714028e-02,9.3623782974e-02,8.1673115492e-02,4.8655847786e-04,7.0850824704e-04
1131,1.4117563529e-02,9.3062473927e-02,8.3081789315e-02,5.0882366486e-04,4.8924481962e-04
1132,1.4032693403e-02,9.2503013089e-02,8.0602012575e-02,4.8119862913e-04,7.0890143979e-04
1133,1.3946977919e-02,9.1937979683e-02,8.2051523030e-02,5.0433713477e-04,4.8430848983e-04
1134,1.3861438824e-02,9.1374109033e-02,7.9631723464e-02,4.7734682448e-04,6.9689174416e-04
1135,1.3775210983e-02,9.0805698186e-02,8.0939754844e-02,4.9834063975e-04,4.8825365957e-04
1136,1.3689357961e-02,9.0239758138e-02,7.8771397471e-02,4.7414418077e-04,6.7269185092e-04
1137,1.3603503951e-02,8.9673811570e-02,7.9769447446e-02,4.9074739218e-04,4.9968902022e-04
1138,1.3518413496e-02,8.9112898335e-02,7.7982805669e-02,4.7154267668e-04,6.4146658406e-04
1139,1.3433978093e-02,8.8556303177e-02,7.8577257693e-02,4.8307105317e-04,5.1483348943e-04
1140,1.3350478750e-02,8.8005878497e-02,7.7203616500e-02,4.6959755127e-04,6.1062863097e-04
1141,1.3267816783e-02,8.7460973766e-02,7.7408544719e-02,4.7627076856e-04,5.2897213027e-04
1142,1.3185968597e-02,8.6921433453e-02,7.6396189630e-02,4.6740740072e-04,5.8511696989e-04
1143,1.3104823217e-02,8.6386526003e-02,7.6298877597e-02,4.6986865345e-04,5.3889618721e-04
1144,1.3024294035e-02,8.5855680518e-02,7.5555987656e-02,4.6399480198e-04,5.6597450748e-04
1145,1.2944319948e-02,8.5328494199e-02,7.5253732502e-02,4.6346112504e-04,5.4401502712e-04
1146,1.2864836038e-02,8.4804539103e-02,7.4689589441e-02,4.5964843594e-04,5.5184651865e-04
1147,1.2785823442e-02,8.4283690900e-02,7.4251778424e-02,4.5747443801e-04,5.4571678629e-04
1148,1.2707265279e-02,8.3765838295e-02,7.3807738721e-02,4.5534165110e-04,5.4046825971e-04
1149,1.2629159711e-02,8.3250969183e-02,7.3267742991e-02,4.5212733676e-04,5.4619525326e-04
1150,1.2551514791e-02,8.2739136647e-02,7.2932966053e-02,4.5139645226e-04,5.2922061877e-04
1151,1.2474360824e-02,8.2230540458e-02,7.2281129658e-02,4.4678366976e-04,5.4815743351e-04
1152,1.2397764001e-02,8.1725616939e-02,7.2100266814e-02,4.4769566739e-04,5.1483936841e-04
1153,1.2321859104e-02,8.1225254573e-02,7.1257598698e-02,4.4066150440e-04,5.5610405980e-04
1154,1.2246945579e-02,8.0731427297e-02,7.1362860501e-02,4.4480935321e-04,4.9204734387e-04
1155,1.2173727927e-02,8.0248779152e-02,7.0117443800e-02,4.3311141781e-04,5.8002211154e-04
1156,1.2103640649e-02,7.9786766320e-02,7.0833511651e-02,4.4443819206e-04,4.5088725165e-04
1157,1.2040400296e-02,7.9369888175e-02,6.8691715598e-02,4.2244981159e-04,6.4536742866e-04
1158,1.1990047288e-02,7.9037962947e-02,7.0761948824e-02,4.4986212743e-04,3.7773925578e-04
1159,1.1967971842e-02,7.8892442398e-02,6.6712662578e-02,4.0515101864e-04,8.1282696920e-04
1160,1.1972664083e-02,7.8923373483e-02,7.1350216866e-02,4.6648344141e-04,2.9083219124e-04
1161,1.1999771128e-02,7.9102062155e-02,6.4539596438e-02,3.8318685256e-04,1.0730597423e-03
1162,1.1898580552e-02,7.8435017494e-02,7.0888929069e-02,4.8000438255e-04,2.7460444835e-04
1163,1.1698098541e-02,7.7113447245e-02,6.4899183810e-02,3.9510519127e-04,8.2632113481e-04
1164,1.1520297472e-02,7.5941388961e-02,6.6936053336e-02,4.2811510502e-04,4.7241846914e-04
1165,1.1505383091e-02,7.5843073893e-02,6.7873433232e-02,4.4093633187e-04,3.5602771095e-04
1166,1.1534788433e-02,7.6036912855e-02,6.3465304673e-02,3.7527005770e-04,8.8189076632e-04
1167,1.1423655772e-02,7.5304330327e-02,6.7751161754e-02,4.4355142745e-04,3.1176544144e-04
1168,1.1261516887e-02,7.4235516600e-02,6.4358875155e-02,3.9806932909e-04,5.8959482703e-04
1169,1.1199281964e-02,7.3825266212e-02,6.3832245767e-02,3.9753949386e-04,6.0176255647e-04
1170,1.1200205027e-02,7.3831351008e-02,6.6191449761e-02,4.4135533972e-04,3.2263476169e-04
1171,1.1129867822e-02,7.3367690668e-02,6.2125012279e-02,3.8214720553e-04,7.4212061008e-04
1172,1.0996551634e-02,7.2488875128e-02,6.4187392592e-02,4.1823342326e-04,4.1191483615e-04
1173,1.0932874368e-02,7.2069116868e-02,6.3859000802e-02,4.1373100248e-04,4.0728057502e-04
1174,1.0917203284e-02,7.1965813637e-02,6.1285201460e-02,3.7367112236e-04,6.9439009530e-04
1175,1.0841805905e-02,7.1468796814e-02,6.3867449760e-02,4.1553957271e-04,3.4459514427e-04
1176,1.0735367922e-02,7.0767161436e-02,6.1603344977e-02,3.8377457531e-04,5.3260708228e-04
1177,1.0676860641e-02,7.0381483529e-02,6.1070222408e-02,3.8050510921e-04,5.5062101455e-04
1178,1.0644520847e-02,7.0168300765e-02,6.2564231455e-02,4.0949502727e-04,3.5091189784e-04
1179,1.0574722171e-02,6.9708190393e-02,5.9830501676e-02,3.7165702088e-04,6.1611185083e-04
1180,1.0484010832e-02,6.9110224489e-02,6.0882546008e-02,3.9230956463e-04,4.3045825441e-04
1181,1.0428323388e-02,6.8743134849e-02,6.0769699514e-02,3.9311446017e-04,4.0422906750e-04
1182,1.0388137950e-02,6.8478233879e-02,5.8841381222e-02,3.6501957220e-04,5.9866567608e-04
1183,1.0318953567e-02,6.8022172898e-02,6.0400284827e-02,3.9156130515e-04,3.7062750198e-04
1184,1.0240388163e-02,6.7504272563e-02,5.8940976858e-02,3.7239564699e-04,4.8393392353e-04
1185,1.0185261500e-02,6.7140879575e-02,5.8346770704e-02,3.6751595326e-04,5.1189493388e-04
1186,1.0138958044e-02,6.6835648846e-02,5.9287030250e-02,3.8670052891e-04,3.6816133070e-04
1187,1.0075215470e-02,6.6415460082e-02,5.7382430881e-02,3.6181311589e-04,5.4148980416e-04
1188,1.0004024925e-02,6.5946174553e-02,5.7942703366e-02,3.7413722021e-04,4.2620991007e-04
1189,9.9482501335e-03,6.5578509122e-02,5.7754851878e-02,3.7388340570e-04,4.0848230128e-04
1190,9.8996679831e-03,6.5258257324e-02,5.6401744485e-02,3.5527755972e-04,5.3037371254e-04
1191,9.8395347988e-03,6.4861861523e-02,5.7340163738e-02,3.7159596104e-04,3.8057382335e-04
1192,9.7738903292e-03,6.4429135527e-02,5.6188084185e-02,3.5696369014e-04,4.6714144992e-04
1193,9.7173443881e-03,6.4056386705e-02,5.5840194225e-02,3.5517042852e-04,4.6644880786e-04
1194,9.6671519465e-03,6.3725519925e-02,5.6249514222e-02,3.6518977140e-04,3.8241079892e-04
1195,9.6112966952e-03,6.3357324107e-02,5.4876156151e-02,3.4857864375e-04,4.9953814596e-04
1196,9.5498366657e-03,6.2952181790e-02,5.5318318307e-02,3.5868381383e-04,4.0470255772e-04
1197,9.4928572023e-03,6.2576575205e-02,5.4832678288e-02,3.5425368696e-04,4.2013599887e-04
1198,9.4416953930e-03,6.2239318388e-02,5.4048333317e-02,3.4487622906e-04,4.7422229545e-04
1199,9.3887189642e-03,6.1890099663e-02,5.4548133165e-02,3.5430147545e-04,3.7989518023e-04
1200,9.3313717803e-03,6.1512069078e-02,5.3493089974e-02,3.4118921030e-04,4.6070868848e-04
1201,9.2747852561e-03,6.1139052734e-02,5.3507987410e-02,3.4414749825e-04,4.1895903996e-04
1202,9.2225612925e-03,6.0794794234e-02,5.3372818977e-02,3.4526630770e-04,3.9693122380e-04
1203,9.1715327117e-03,6.0458415654e-02,5.2488707006e-02,3.3563468605e-04,4.6133619617e-04
1204,9.1178445773e-03,6.0104505392e-02,5.2835192531e-02,3.4363544546e-04,3.8329584640e-04
1205,9.0628797527e-03,5.9742179234e-02,5.2064642310e-02,3.3518573036e-04,4.3256796198e-04
1206,9.0099978765e-03,5.9393583797e-02,5.1846537739e-02,3.3438610262e-04,4.2031850899e-04
1207,8.9594457676e-03,5.9060346102e-02,5.1833983511e-02,3.3639717731e-04,3.8623908767e-04
1208,8.9086510076e-03,5.8725508861e-02,5.1028322428e-02,3.2729055965e-04,4.4242807780e-04
1209,8.8562999967e-03,5.8380412869e-02,5.1225736737e-02,3.3265934326e-04,3.8280826993e-04
1210,8.8039166676e-03,5.8035103837e-02,5.0624538213e-02,3.2701168675e-04,4.1404485819e-04
1211,8.7531450778e-03,5.7700419333e-02,5.0324808806e-02,3.2566138543e-04,4.1189967305e-04
1212,8.7036348845e-03,5.7374049909e-02,5.0290044397e-02,3.2787965029e-04,3.8052088348e-04
1213,8.6539082480e-03,5.7046253700e-02,4.9589265138e-02,3.2053896575e-04,4.2515990208e-04
1214,8.6034333141e-03,5.6713524740e-02,4.9685496837e-02,3.2406559330e-04,3.7873719702e-04
1215,8.5530965887e-03,5.6381706847e-02,4.9163352698e-02,3.1890871469e-04,4.0292670019e-04
1216,8.5037932669e-03,5.6056701113e-02,4.8891652375e-02,3.1727011083e-04,3.9923476288e-04
1217,8.4553760980e-03,5.5737536866e-02,4.8791021109e-02,3.1813693931e-04,3.7651462480e-04
1218,8.4070649254e-03,5.5419071345e-02,4.8197470605e-02,3.1246186700e-04,4.0969820111e-04
1219,8.3584500330e-03,5.5098603712e-02,4.8226922750e-02,3.1536701135e-04,3.7180108484e-04
1220,8.3098698252e-03,5.4778364720e-02,4.7715730965e-02,3.1090027187e-04,3.9536310942e-04
1221,8.2618649863e-03,5.4461918538e-02,4.7511193901e-02,3.1044779462e-04,3.8462466910e-04
1222,8.2145659898e-03,5.4150125245e-02,4.7313395888e-02,3.0992832035e-04,3.7374460953e-04
1223,8.1676505018e-03,5.3840860026e-02,4.6839646995e-02,3.0562051688e-04,3.9450079203e-04
1224,8.1207675793e-03,5.3531809477e-02,4.6814281493e-02,3.0731706647e-04,3.6443572026e-04
1225,8.0738906965e-03,5.3222798742e-02,4.6313729137e-02,3.0278615304e-04,3.8812082494e-04
1226,8.0272493654e-03,5.2915340755e-02,4.6187087893e-02,3.0331115704e-04,3.6951413495e-04
1227,7.9810689651e-03,5.2610921208e-02,4.5876879245e-02,3.0145584606e-04,3.7194835022e-04
1228,7.9353648953e-03,5.2309641615e-02,4.5536622405e-02,2.9917628854e-04,3.7812563824e-04
1229,7.8899749297e-03,5.2010432584e-02,4.5418001711e-02,2.9971534968e-04,3.5952773760e-04
1230,7.8447404443e-03,5.1712248474e-02,4.4966015965e-02,2.9580900446e-04,3.7881423486e-04
1231,7.7996300394e-03,5.1414882299e-02,4.4880539179e-02,2.9662612360e-04,3.5680818837e-04
1232,7.7547363251e-03,5.1118944539e-02,4.4486295432e-02,2.9345159419e-04,3.6981332232e-04
1233,7.7101683705e-03,5.0825154176e-02,4.4288497418e-02,2.9287271900e-04,3.6079293932e-04
1234,7.6659681716e-03,5.0533788046e-02,4.4038984925e-02,2.9169063782e-04,3.5778965685e-04
1235,7.6220981123e-03,5.0244598184e-02,4.3704070151e-02,2.8944908991e-04,3.6460370757e-04
1236,7.5784801346e-03,4.9957070034e-02,4.3566253036e-02,2.8970564017e-04,3.4937605960e-04
1237,7.5350634829e-03,4.9670869019e-02,4.3172039092e-02,2.8663891135e-04,3.6324406392e-04
1238,7.4918455437e-03,4.9385977909e-02,4.3050568551e-02,2.8696411755e-04,3.4657682409e-04
1239,7.4488602244e-03,4.9102620222e-02,4.2693872005e-02,2.8426747303e-04,3.5660734284e-04
1240,7.4061428455e-03,4.8821028788e-02,4.2508620769e-02,2.8372550150e-04,3.4751527710e-04
1241,7.3637201092e-03,4.8541379627e-02,4.2240150273e-02,2.8216603096e-04,3.4795689862e-04
1242,7.3215869999e-03,4.8263639677e-02,4.1968215257e-02,2.8060632758e-04,3.4893612610e-04
1243,7.2797198531e-03,4.7987652943e-02,4.1781235486e-02,2.8012902476e-04,3.4051272087e-04
1244,7.2380957104e-03,4.7713268083e-02,4.1450958699e-02,2.7786975261e-04,3.4836117993e-04
1245,7.1967047529e-03,4.7440420371e-02,4.1305236518e-02,2.7786308783e-04,3.3565529156e-04
1246,7.1555394219e-03,4.7169059981e-02,4.0964357555e-02,2.7541219606e-04,3.4505804069e-04
1247,7.1146044150e-03,4.6899217879e-02,4.0815092623e-02,2.7528568171e-04,3.3312683809e-04
1248,7.0739075381e-03,4.6630945522e-02,4.0501490235e-02,2.7313904138e-04,3.3980648732e-04
1249,7.0334576566e-03,4.6364301350e-02,4.0319118649e-02,2.7260664501e-04,3.3191163675e-04
1250,6.9932599979e-03,4.6099319821e-02,4.0050059557e-02,2.7103981120e-04,3.3388621523e-04
1251,6.9533112066e-03,4.5835978817e-02,3.9826035500e-02,2.7002621209e-04,3.3096811967e-04
1252,6.9136114945e-03,4.5574279735e-02,3.9601866156e-02,2.6900108787e-04,3.2824027585e-04
1253,6.8741557755e-03,4.5314189047e-02,3.9342977107e-02,2.6753015118e-04,3.2959104283e-04
1254,6.8349390696e-03,4.5055673923e-02,3.9154548198e-02,2.6687321952e-04,3.2323933556e-04
1255,6.7959601051e-03,4.4798725983e-02,3.8872387260e-02,2.6507538860e-04,3.2755848952e-04
1256,6.7572136192e-03,4.4543310534e-02,3.8707889616e-02,2.6467069983e-04,3.1887140358e-04
1257,6.7186989764e-03,4.4289423386e-02,3.8412217051e-02,2.6271920069e-04,3.2500142697e-04
1258,6.6804143751e-03,4.4037052663e-02,3.8262564689e-02,2.6250362862e-04,3.1494518043e-04
1259,6.6423637713e-03,4.3786224443e-02,3.7959333509e-02,2.6048650034e-04,3.2220259891e-04
1260,6.6045436329e-03,4.3536915444e-02,3.7821251899e-02,2.6039779186e-04,3.1116855098e-04
1261,6.5669567856e-03,4.3289144291e-02,3.7511665374e-02,2.5828302023e-04,3.1946488889e-04
1262,6.5296019578e-03,4.3042902602e-02,3.7387665361e-02,2.5831046514e-04,3.0721325311e-04
1263,6.4924802446e-03,4.2798197595e-02,3.7066925317e-02,2.5602980168e-04,3.1709743780e-04
1264,6.4555963433e-03,4.2555060238e-02,3.6964543164e-02,2.5627537980e-04,3.0277631595e-04
1265,6.4189555876e-03,4.2313525686e-02,3.6621257663e-02,2.5373787503e-04,3.1548892730e-04
1266,6.3825650767e-03,4.2073640740e-02,3.6554999650e-02,2.5439562160e-04,2.9746847576e-04
1267,6.3464435304e-03,4.1835528798e-02,3.6169350147e-02,2.5138765341e-04,3.1523019425e-04
1268,6.3106146488e-03,4.1599346092e-02,3.6165453494e-02,2.5274089421e-04,2.9064837145e-04
1269,6.2751319775e-03,4.1365445592e-02,3.5703204572e-02,2.4884904269e-04,3.1737505924e-04
1270,6.2400767533e-03,4.1134362807e-02,3.5808335990e-02,2.5139865465e-04,2.8120403294e-04
1271,6.2056180550e-03,4.0907212300e-02,3.5207275301e-02,2.4592925911e-04,3.2406445825e-04
1272,6.1720030544e-03,4.0685623419e-02,3.5505890846e-02,2.5063724024e-04,2.6733599952e-04
1273,6.1398335402e-03,4.0473563131e-02,3.4651570022e-02,2.4234513694e-04,3.3985418850e-04
1274,6.1098464365e-03,4.0275889216e-02,3.5300072283e-02,2.5100089260e-04,2.4658080656e-04
1275,6.0841407273e-03,4.0106438100e-02,3.3983707428e-02,2.3757557210e-04,3.7469749805e-04
1276,6.0644428725e-03,3.9976590546e-02,3.5262670368e-02,2.5345393806e-04,2.1793806809e-04
1277,6.0571883149e-03,3.9928768761e-02,3.3136110753e-02,2.3091834737e-04,4.4834741857e-04
1278,6.0607940659e-03,3.9952537743e-02,3.5455122590e-02,2.5934199221e-04,1.9039951439e-04
1279,6.0853109620e-03,4.0114152245e-02,3.2145939767e-02,2.2271675698e-04,5.7410448790e-04
1280,6.0890930500e-03,4.0139083634e-02,3.5624034703e-02,2.6734062703e-04,1.8416428065e-04
1281,6.0699736193e-03,4.0013049031e-02,3.1542722136e-02,2.1856467356e-04,6.2846799847e-04
1282,5.9610123311e-03,3.9294780116e-02,3.4810181707e-02,2.6308911038e-04,1.8537073629e-04
1283,5.8401016305e-03,3.8497741101e-02,3.2185655087e-02,2.2862266633e-04,4.0258592344e-04
1284,5.7677584048e-03,3.8020857144e-02,3.2865133137e-02,2.3694362608e-04,2.7862878051e-04
1285,5.7693726518e-03,3.8031498203e-02,3.3496581018e-02,2.4434021907e-04,2.0915150526e-04
1286,5.7948779179e-03,3.8199628005e-02,3.1319402158e-02,2.1759096126e-04,4.7043163795e-04
1287,5.7697387122e-03,3.8033911260e-02,3.3694721758e-02,2.5085365633e-04,1.8306530546e-04
1288,5.6970172758e-03,3.7554534152e-02,3.1198864803e-02,2.2183608962e-04,4.1373082786e-04
1289,5.6191499436e-03,3.7041235482e-02,3.2267004251e-02,2.3957111989e-04,2.3785200028e-04
1290,5.5898683644e-03,3.6848212359e-02,3.2115217298e-02,2.3892895842e-04,2.3437052732e-04
1291,5.5944416464e-03,3.6878359271e-02,3.0780795962e-02,2.2048667597e-04,3.8926964044e-04
1292,5.5796620654e-03,3.6780932802e-02,3.2472390682e-02,2.4191550619e-04,1.8893870583e-04
1293,5.5302919704e-03,3.6455486901e-02,3.0527489260e-02,2.1602446213e-04,3.7677530781e-04
1294,5.4698014146e-03,3.6056735320e-02,3.1461521983e-02,2.2926759266e-04,2.3025374685e-04
1295,5.4366070090e-03,3.5837918986e-02,3.1154612079e-02,2.2750454082e-04,2.4082613527e-04
1296,5.4274613986e-03,3.5777631449e-02,3.0169229954e-02,2.1720143559e-04,3.4363870509e-04
1297,5.4102560319e-03,3.5664214287e-02,3.1350255013e-02,2.3547318415e-04,1.9592273748e-04
1298,5.3713075489e-03,3.5407467280e-02,2.9808202758e-02,2.1643888613e-04,3.4348756890e-04
1299,5.3237503251e-03,3.5093971761e-02,3.0539497733e-02,2.2715187515e-04,2.2829552472e-04
1300,5.2915768549e-03,3.4881885396e-02,3.0232463032e-02,2.2343163437e-04,2.4151059915e-04
1301,5.2748752275e-03,3.4771788865e-02,2.9514983296e-02,2.1457817638e-04,3.1110239797e-04
1302,5.2551225201e-03,3.4641579725e-02,3.0373379588e-02,2.2704541334e-04,1.9977461488e-04
1303,5.2223947673e-03,3.4425839549e-02,2.9135100543e-02,2.1279562498e-04,3.1627828139e-04
1304,5.1831878098e-03,3.4167388687e-02,2.9701421037e-02,2.2253162751e-04,2.2406512289e-04
1305,5.1519448902e-03,3.3961436478e-02,2.9334548861e-02,2.1963116887e-04,2.4305759871e-04
1306,5.1306703339e-03,3.3821195364e-02,2.8819862753e-02,2.1406568703e-04,2.8606757405e-04
1307,5.1095232842e-03,3.3681794768e-02,2.9406925663e-02,2.2248920868e-04,2.0499769016e-04
1308,5.0811876199e-03,3.3495007083e-02,2.8431462124e-02,2.1017951076e-04,2.9617498512e-04
1309,5.0477003731e-03,3.3274260350e-02,2.8917290270e-02,2.1723646205e-04,2.1846055461e-04
1310,5.0174060175e-03,3.3074561041e-02,2.8505289927e-02,2.1311950695e-04,2.4380760442e-04
1311,4.9933439420e-03,3.2915944699e-02,2.8182007372e-02,2.1056916739e-04,2.6282455656e-04
1312,4.9712893352e-03,3.2770561520e-02,2.8519017622e-02,2.1673513402e-04,2.0841926744e-04
1313,4.9460471706e-03,3.2604166074e-02,2.7732703835e-02,2.0809238777e-04,2.7905384195e-04
1314,4.9168568239e-03,3.2411744352e-02,2.8141159564e-02,2.1461072902e-04,2.1244773234e-04
1315,4.8878667791e-03,3.2220643014e-02,2.7672145516e-02,2.0930184110e-04,2.4554791162e-04
1316,4.8622103419e-03,3.2051516697e-02,2.7544729412e-02,2.0826392574e-04,2.4241479696e-04
1317,4.8391670472e-03,3.1899616122e-02,2.7671057731e-02,2.1059039864e-04,2.1226542594e-04
1318,4.8157068661e-03,3.1744967448e-02,2.7084346861e-02,2.0414899336e-04,2.6191308280e-04
1319,4.7899185426e-03,3.1574971741e-02,2.7408624068e-02,2.0962605777e-04,2.0700870664e-04
1320,4.7629320460e-03,3.1397077721e-02,2.6893898845e-02,2.0454663900e-04,2.4577125441e-04
1321,4.7368804444e-03,3.1225346494e-02,2.6916584000e-02,2.0620303985e-04,2.2467320377e-04
1322,4.7127943510e-03,3.1066571828e-02,2.6829298586e-02,2.0618223061e-04,2.1754510817e-04
1323,4.6897792066e-03,3.0914856819e-02,2.6453392580e-02,2.0224279433e-04,2.4390361796e-04
1324,4.6662683408e-03,3.0759874033e-02,2.6660235599e-02,2.0561253768e-04,2.0435130864e-04
1325,4.6416775899e-03,3.0597772682e-02,2.6177369058e-02,2.0037230570e-04,2.4166805088e-04
1326,4.6166107203e-03,3.0432532774e-02,2.6301905513e-02,2.0295848662e-04,2.1010423370e-04
1327,4.5921628050e-03,3.0271372991e-02,2.6040421799e-02,2.0083892741e-04,2.2225618886e-04
1328,4.5687894767e-03,3.0117296847e-02,2.5869220495e-02,1.9985789550e-04,2.2494974837e-04
1329,4.5460743436e-03,2.9967559502e-02,2.5898063555e-02,2.0126451273e-04,2.0568507898e-04
1330,4.5232871216e-03,2.9817346949e-02,2.5521064177e-02,1.9740984135e-04,2.3221844458e-04
1331,4.5000165756e-03,2.9663948342e-02,2.5650337338e-02,1.9975024043e-04,2.0161084831e-04
1332,4.4764841644e-03,2.9508823529e-02,2.5304283947e-02,1.9615420024e-04,2.2429975797e-04
1333,4.4531669249e-03,2.9355117120e-02,2.5304786861e-02,1.9694019284e-04,2.0809282432e-04
1334,4.4304096899e-03,2.9205102241e-02,2.5149060413e-02,1.9592793251e-04,2.0967623277e-04
1335,4.4081735011e-03,2.9058522079e-02,2.4944771081e-02,1.9441657059e-04,2.1695852047e-04
1336,4.3861617026e-03,2.8913421091e-02,2.4963015690e-02,1.9565899856e-04,1.9938155310e-04
1337,4.3640917668e-03,2.8767936863e-02,2.4649227038e-02,1.9274391525e-04,2.1912706143e-04
1338,4.3418749335e-03,2.8621484293e-02,2.4706747383e-02,1.9427711959e-04,1.9719656848e-04
1339,4.3196573232e-03,2.8475026600e-02,2.4434046820e-02,1.9167203573e-04,2.1242594812e-04
1340,4.2976404739e-03,2.8329892317e-02,2.4399984628e-02,1.9195800996e-04,2.0103275892e-04
1341,4.2759468590e-03,2.8186888783e-02,2.4255689234e-02,1.9094067102e-04,2.0217928977e-04
1342,4.2545664299e-03,2.8045949759e-02,2.4088649079e-02,1.8972503312e-04,2.0600503194e-04
1343,4.2333814284e-03,2.7906298987e-02,2.4060208350e-02,1.9024185895e-04,1.9436721050e-04
1344,4.2122760037e-03,2.7767172782e-02,2.3812530562e-02,1.8811361224e-04,2.0735061844e-04
1345,4.1911880626e-03,2.7628161828e-02,2.3824749514e-02,1.8907550839e-04,1.9126573170e-04
1346,4.1701400865e-03,2.7489414322e-02,2.3584617302e-02,1.8692341109e-04,2.0355629385e-04
1347,4.1492029633e-03,2.7351397555e-02,2.3558450863e-02,1.8729064323e-04,1.9200402312e-04
1348,4.1284412942e-03,2.7214537375e-02,2.3387826979e-02,1.8591069966e-04,1.9676034572e-04
1349,4.1078886333e-03,2.7079054969e-02,2.3282742128e-02,1.8534403353e-04,1.9428724772e-04
1350,4.0875351617e-03,2.6944885612e-02,2.3193186149e-02,1.8500366423e-04,1.9016627630e-04
1351,4.0673381947e-03,2.6811747928e-02,2.3018239066e-02,1.8367370649e-04,1.9567717391e-04
1352,4.0472592154e-03,2.6679388015e-02,2.2982683033e-02,1.8399076362e-04,1.8567973166e-04
1353,4.0272738528e-03,2.6547645219e-02,2.2777987644e-02,1.8226323300e-04,1.9470253028e-04
1354,4.0073732590e-03,2.6416461216e-02,2.2754609585e-02,1.8263290985e-04,1.8355224165e-04
1355,3.9875761716e-03,2.6285959524e-02,2.2562237456e-02,1.8097685825e-04,1.9139534561e-04
1356,3.9678979549e-03,2.6156241423e-02,2.2514814511e-02,1.8102755712e-04,1.8311513122e-04
1357,3.9483557570e-03,2.6027419954e-02,2.2360283881e-02,1.7984669830e-04,1.8686690601e-04
1358,3.9289603506e-03,2.5899566128e-02,2.2271018475e-02,1.7946433218e-04,1.8339042435e-04
1359,3.9097104464e-03,2.5772671448e-02,2.2160895169e-02,1.7885320995e-04,1.8232440925e-04
1360,3.8905977972e-03,2.5646681548e-02,2.2032035515e-02,1.7801605281e-04,1.8344855926e-04
1361,3.8716145972e-03,2.5521544972e-02,2.1958913654e-02,1.7779759946e-04,1.7846553237e-04
1362,3.8527489964e-03,2.5397183606e-02,2.1804232150e-02,1.7659719742e-04,1.8269794236e-04
1363,3.8339971095e-03,2.5273571839e-02,2.1752810106e-02,1.7657180433e-04,1.7550437769e-04
1364,3.8153543096e-03,2.5150679168e-02,2.1587802097e-02,1.7522856069e-04,1.8105914933e-04
1365,3.7968199609e-03,2.5028501404e-02,2.1542204544e-02,1.7527598538e-04,1.7335370649e-04
1366,3.7783959353e-03,2.4907050887e-02,2.1379334852e-02,1.7398860655e-04,1.7878299695e-04
1367,3.7600816326e-03,2.4786323658e-02,2.1328702569e-02,1.7399473290e-04,1.7176737310e-04
1368,3.7418811850e-03,2.4666346959e-02,2.1176654845e-02,1.7282986664e-04,1.7613935051e-04
1369,3.7237946280e-03,2.4547121022e-02,2.1115798503e-02,1.7268852389e-04,1.7044373089e-04
1370,3.7058196658e-03,2.4428630713e-02,2.0978499204e-02,1.7165325698e-04,1.7335990560e-04
1371,3.6879593534e-03,2.4310896173e-02,2.0905835554e-02,1.7134414520e-04,1.6916191089e-04
1372,3.6702134614e-03,2.4193915888e-02,2.0782925189e-02,1.7046570429e-04,1.7063337145e-04
1373,3.6525752436e-03,2.4077645387e-02,2.0698964596e-02,1.7003678659e-04,1.6783128376e-04
1374,3.6350492033e-03,2.3962114356e-02,2.0588248968e-02,1.6931191203e-04,1.6807463544e-04
1375,3.6176319674e-03,2.3847300559e-02,2.0495209843e-02,1.6878615133e-04,1.6642292030e-04
1376,3.6003207809e-03,2.3733185837e-02,2.0394727588e-02,1.6816529387e-04,1.6568052524e-04
1377,3.5831190169e-03,2.3619792424e-02,2.0295208320e-02,1.6754008539e-04,1.6491832503e-04
1378,3.5660184282e-03,2.3507065955e-02,2.0203284919e-02,1.6698561376e-04,1.6339248396e-04
1379,3.5490246836e-03,2.3395043798e-02,2.0098643377e-02,1.6628437152e-04,1.6335566761e-04
1380,3.5321323084e-03,2.3283689865e-02,2.0013999194e-02,1.6580802912e-04,1.6116103507e-04
1381,3.5153425213e-03,2.3173012189e-02,1.9904289395e-02,1.6505930398e-04,1.6181297542e-04
1382,3.4986558873e-03,2.3063014494e-02,1.9826941192e-02,1.6467351816e-04,1.5893380623e-04
1383,3.4820705169e-03,2.2953684325e-02,1.9711343572e-02,1.6385951312e-04,1.6037456226e-04
1384,3.4655838669e-03,2.2845004918e-02,1.9643271342e-02,1.6356208653e-04,1.5661127691e-04
1385,3.4492016945e-03,2.2737014224e-02,1.9519278780e-02,1.6263533325e-04,1.5913820243e-04
1386,3.4329198674e-03,2.2629685001e-02,1.9464448094e-02,1.6246057930e-04,1.5406310558e-04
1387,3.4167466150e-03,2.2523071500e-02,1.9326737151e-02,1.6137001512e-04,1.5826341405e-04
1388,3.4006786704e-03,2.2417152184e-02,1.9291840494e-02,1.6140936350e-04,1.5112179972e-04
1389,3.3847321396e-03,2.2312033223e-02,1.9130874425e-02,1.6006916121e-04,1.5804672148e-04
1390,3.3689179541e-03,2.2207786678e-02,1.9128322601e-02,1.6046478413e-04,1.4748162357e-04
1391,3.3532669312e-03,2.2104615695e-02,1.8927490339e-02,1.5868955234e-04,1.5902298037e-04
1392,3.3378239100e-03,2.2002815851e-02,1.8979966640e-02,1.5967035142e-04,1.4261456090e-04
1393,3.3226852974e-03,2.1903022658e-02,1.8709156662e-02,1.5712756431e-04,1.6225903528e-04
1394,3.3079958363e-03,2.1806190256e-02,1.8857786432e-02,1.5913942480e-04,1.3570096053e-04
1395,3.2940841828e-03,2.1714485134e-02,1.8461370841e-02,1.5524524497e-04,1.7006618145e-04
1396,3.2814097491e-03,2.1630935720e-02,1.8782233819e-02,1.5913115931e-04,1.2573903950e-04
1397,3.2711372598e-03,2.1563219838e-02,1.8157672137e-02,1.5281315427e-04,1.8774162163e-04
1398,3.2645711316e-03,2.1519936156e-02,1.8791332841e-02,1.6014144057e-04,1.1271889525e-04
1399,3.2657570131e-03,2.1527753444e-02,1.7755687237e-02,1.4945755538e-04,2.2774907120e-04
1400,3.2768074514e-03,2.1600597538e-02,1.8943836913e-02,1.6307654732e-04,1.0259950795e-04
1401,3.3090346615e-03,2.1813038155e-02,1.7216885462e-02,1.4494516654e-04,3.1467009103e-04
1402,3.3509504092e-03,2.2089345264e-02,1.9251469523e-02,1.6900133051e-04,1.1478624219e-04
1403,3.4144997801e-03,2.2508260445e-02,1.6645785421e-02,1.4042301336e-04,4.4582449482e-04
1404,3.4120194068e-03,2.2491909913e-02,1.9354740158e-02,1.7474478227e-04,1.3897220197e-04
1405,3.3591577868e-03,2.2143448004e-02,1.6554126516e-02,1.4038330119e-04,4.1854882147e-04
1406,3.2184469083e-03,2.1215886925e-02,1.8527228385e-02,1.6556869377e-04,1.0329717043e-04
1407,3.1204665126e-03,2.0570003660e-02,1.7385073006e-02,1.4938696404e-04,1.6910610429e-04
1408,3.1189045044e-03,2.0559706958e-02,1.7182873562e-02,1.4580876450e-04,1.9187456928e-04
1409,3.1741476359e-03,2.0923867705e-02,1.8335701898e-02,1.5940192679e-04,9.9414661236e-05
1410,3.2050125744e-03,2.1127328277e-02,1.6474982724e-02,1.3846829825e-04,3.2676625415e-04
1411,3.1471198144e-03,2.0745701273e-02,1.8144119531e-02,1.6124486865e-04,9.8913296824e-05
1412,3.0668463170e-03,2.0216541248e-02,1.6822243109e-02,1.4570202620e-04,1.9372778479e-04
1413,3.0331955722e-03,1.9994716742e-02,1.7021045089e-02,1.4889931481e-04,1.4846785052e-04
1414,3.0564873457e-03,2.0148255280e-02,1.7605775967e-02,1.5574328427e-04,9.8504649941e-05
1415,3.0788815755e-03,2.0295877242e-02,1.6322707757e-02,1.3784486509e-04,2.5947208633e-04
1416,3.0474716612e-03,2.0088824211e-02,1.7610633746e-02,1.5261520457e-04,9.5203846286e-05
1417,2.9938020171e-03,1.9735035836e-02,1.6561329365e-02,1.3967382256e-04,1.7769682745e-04
1418,2.9656621690e-03,1.9549538963e-02,1.6738820821e-02,1.4287057274e-04,1.3820124150e-04
1419,2.9741288689e-03,1.9605351146e-02,1.7111431807e-02,1.4937168453e-04,1.0002024646e-04
1420,2.9827804179e-03,1.9662381848e-02,1.6099873930e-02,1.3779169240e-04,2.1845909941e-04
1421,2.9590159430e-03,1.9505727279e-02,1.7039097846e-02,1.5081284801e-04,9.5850096841e-05
1422,2.9217589615e-03,1.9260130590e-02,1.6253340989e-02,1.4031419414e-04,1.6036475427e-04
1423,2.9012645970e-03,1.9125032471e-02,1.6363037750e-02,1.4132131764e-04,1.3487815158e-04
1424,2.9023923412e-03,1.9132466521e-02,1.6680145636e-02,1.4514352370e-04,1.0008856771e-04
1425,2.9019693974e-03,1.9129678491e-02,1.5880456194e-02,1.3561962987e-04,1.8930259102e-04
1426,2.8820048031e-03,1.8998072599e-02,1.6575843096e-02,1.4525913866e-04,9.6963813121e-05
1427,2.8548135190e-03,1.8818828627e-02,1.5959698707e-02,1.3849894458e-04,1.4741404448e-04
1428,2.8384837621e-03,1.8711183453e-02,1.5993492678e-02,1.3976369519e-04,1.3200538524e-04
1429,2.8347083143e-03,1.8686295836e-02,1.6230208799e-02,1.4316025772e-04,1.0244845180e-04
1430,2.8293217100e-03,1.8650787533e-02,1.5605499037e-02,1.3503058290e-04,1.6949826386e-04
1431,2.8124378471e-03,1.8539489713e-02,1.6134656966e-02,1.4149985509e-04,9.8983422504e-05
1432,2.7915152229e-03,1.8401568523e-02,1.5666035935e-02,1.3570273586e-04,1.3785052579e-04
1433,2.7771202632e-03,1.8306677463e-02,1.5679579228e-02,1.3638225209e-04,1.2632757716e-04
1434,2.7701400389e-03,1.8260664074e-02,1.5836866572e-02,1.3921306527e-04,1.0316668340e-04
1435,2.7623967533e-03,1.8209620612e-02,1.5334424563e-02,1.3372303511e-04,1.5379657270e-04
1436,2.7480420764e-03,1.8114995095e-02,1.5719663352e-02,1.3922547805e-04,1.0030769045e-04
1437,2.7309266884e-03,1.8002171069e-02,1.5331380069e-02,1.3446198136e-04,1.3261711865e-04
1438,2.7173013065e-03,1.7912353040e-02,1.5355340205e-02,1.3472276623e-04,1.2097851140e-04
1439,2.7082860636e-03,1.7852924881e-02,1.5447623096e-02,1.3582677639e-04,1.0470340931e-04
1440,2.6994336652e-03,1.7794570187e-02,1.5067800879e-02,1.3133557513e-04,1.4134135563e-04
1441,2.6869487606e-03,1.7712270143e-02,1.5355434269e-02,1.3537472114e-04,1.0030886187e-04
1442,2.6723099666e-03,1.7615771736e-02,1.5013199300e-02,1.3182820112e-04,1.2842904835e-04
1443,2.6591355554e-03,1.7528926488e-02,1.5049228445e-02,1.3296172256e-04,1.1500808614e-04
1444,2.6488295470e-03,1.7460989649e-02,1.5061533079e-02,1.3361191668e-04,1.0633374040e-04
1445,2.6393408521e-03,1.7398440512e-02,1.4782672748e-02,1.3034844596e-04,1.3122832752e-04
1446,2.6281430573e-03,1.7324625049e-02,1.4994290657e-02,1.3306415349e-04,9.9969285657e-05
1447,2.6152814079e-03,1.7239841516e-02,1.4698632993e-02,1.2949253141e-04,1.2462832092e-04
1448,2.6026259589e-03,1.7156417249e-02,1.4762340114e-02,1.3050783309e-04,1.0889987607e-04
1449,2.5915715824e-03,1.7083547194e-02,1.4707239345e-02,1.3023105566e-04,1.0739973368e-04
1450,2.5815757929e-03,1.7017655307e-02,1.4513570815e-02,1.2832877110e-04,1.2207966938e-04
1451,2.5711230460e-03,1.6948751174e-02,1.4645716175e-02,1.3040212798e-04,9.9901371868e-05
1452,2.5595882065e-03,1.6872713924e-02,1.4385229908e-02,1.2749289453e-04,1.2125551439e-04
1453,2.5476294872e-03,1.6793882474e-02,1.4464979991e-02,1.2866228644e-04,1.0422796186e-04
1454,2.5363089894e-03,1.6719258158e-02,1.4357892796e-02,1.2749221059e-04,1.0864432261e-04
1455,2.5258754392e-03,1.6650480567e-02,1.4248464257e-02,1.2636398606e-04,1.1383764650e-04
1456,2.5156855465e-03,1.6583309160e-02,1.4310112223e-02,1.2743195111e-04,9.9887744000e-05
1457,2.5050592177e-03,1.6513260780e-02,1.4094389044e-02,1.2522979523e-04,1.1665737838e-04
1458,2.4939208670e-03,1.6439837171e-02,1.4169974253e-02,1.2659025379e-04,1.0039604240e-04
1459,2.4827829402e-03,1.6366416356e-02,1.4021892101e-02,1.2515651179e-04,1.0929592099e-04
1460,2.4720990922e-03,1.6295988811e-02,1.3978754170e-02,1.2489240908e-04,1.0683105211e-04
1461,2.4618575082e-03,1.6228476656e-02,1.3971100561e-02,1.2497017451e-04,1.0076743638e-04
1462,2.4516867238e-03,1.6161431209e-02,1.3815947808e-02,1.2324779527e-04,1.1130054918e-04
1463,2.4412727411e-03,1.6092782607e-02,1.3872012496e-02,1.2412708020e-04,9.7949930932e-05
1464,2.4306411495e-03,1.6022699536e-02,1.3713074848e-02,1.2250540021e-04,1.0845706129e-04
1465,2.4200503353e-03,1.5952885267e-02,1.3715400361e-02,1.2287725986e-04,1.0087123519e-04
1466,2.4097268963e-03,1.5884833527e-02,1.3644207269e-02,1.2236539624e-04,1.0169722373e-04
1467,2.3996531018e-03,1.5818427433e-02,1.3550884090e-02,1.2153023272e-04,1.0522409139e-04
1468,2.3896514138e-03,1.5752496663e-02,1.3563512824e-02,1.2189825065e-04,9.7000134701e-05
1469,2.3795608420e-03,1.5685979975e-02,1.3423915952e-02,1.2039430294e-04,1.0581209790e-04
1470,2.3693696249e-03,1.5618799836e-02,1.3444519602e-02,1.2080931629e-04,9.6618707175e-05
1471,2.3591962268e-03,1.5551737160e-02,1.3335365802e-02,1.1971995991e-04,1.0191717593e-04
1472,2.3491590242e-03,1.5485572279e-02,1.3298030943e-02,1.1953305511e-04,9.9221084383e-05
1473,2.3392829089e-03,1.5420469281e-02,1.3256019913e-02,1.1931597692e-04,9.7128962807e-05
1474,2.3295038894e-03,1.5356006334e-02,1.3157395646e-02,1.1841670494e-04,1.0144436237e-04
1475,2.3197277926e-03,1.5291562653e-02,1.3159576803e-02,1.1867883586e-04,9.4519753475e-05
1476,2.3099214615e-03,1.5226919670e-02,1.3045173138e-02,1.1752328282e-04,1.0065137030e-04
1477,2.3001118192e-03,1.5162254858e-02,1.3039493933e-02,1.1763927614e-04,9.4636816357e-05
1478,2.2903629809e-03,1.5097990865e-02,1.2956001796e-02,1.1685148638e-04,9.7347423434e-05
1479,2.2807144525e-03,1.5034388111e-02,1.2907242402e-02,1.1650213128e-04,9.6212439530e-05
1480,2.2711598144e-03,1.4971404278e-02,1.2869050726e-02,1.1630006338e-04,9.3935297627e-05
1481,2.2616605676e-03,1.4908785583e-02,1.2781569734e-02,1.1552089563e-04,9.7200696473e-05
1482,2.2521826366e-03,1.4846307400e-02,1.2769471854e-02,1.1560630810e-04,9.2077250883e-05
1483,2.2427160875e-03,1.4783904247e-02,1.2674240395e-02,1.1468611046e-04,9.6280273283e-05
1484,2.2332740155e-03,1.4721662446e-02,1.2655954808e-02,1.1464380805e-04,9.1926958703e-05
1485,2.2238831315e-03,1.4659758075e-02,1.2581860647e-02,1.1394582543e-04,9.3843918876e-05
1486,2.2145604777e-03,1.4598303474e-02,1.2535896152e-02,1.1359143537e-04,9.2649293947e-05
1487,2.2053032196e-03,1.4537279960e-02,1.2491848320e-02,1.1328089749e-04,9.1262263595e-05
1488,2.1961024475e-03,1.4476628799e-02,1.2419270352e-02,1.1265421927e-04,9.3081624073e-05
1489,2.1869381173e-03,1.4416217862e-02,1.2394763529e-02,1.1258253653e-04,8.9562898211e-05
1490,2.1778033590e-03,1.4356001862e-02,1.2313294224e-02,1.1183469178e-04,9.2436072009e-05
1491,2.1687002654e-03,1.4295994595e-02,1.2289355509e-02,1.1173229723e-04,8.8931614300e-05
1492,2.1596366866e-03,1.4236247807e-02,1.2217720971e-02,1.1106488091e-04,9.0787798399e-05
1493,2.1506235540e-03,1.4176833560e-02,1.2179213576e-02,1.1077992531e-04,8.8982073066e-05
1494,2.1416630929e-03,1.4117766521e-02,1.2126264162e-02,1.1033740157e-04,8.8812827016e-05
1495,2.1327535462e-03,1.4059035107e-02,1.2069357559e-02,1.0986250709e-04,8.9105240477e-05
1496,2.1238924149e-03,1.4000622847e-02,1.2032745406e-02,1.0962474335e-04,8.7162996351e-05
1497,2.1150701801e-03,1.3942466991e-02,1.1964546517e-02,1.0901925998e-04,8.8772787421e-05
1498,2.1062877426e-03,1.3884573476e-02,1.1935098097e-02,1.0884576477e-04,8.6101776105e-05
1499,2.0975393274e-03,1.3826904236e-02,1.1866714805e-02,1.0821539763e-04,8.7803542556e-05
1500,2.0888321752e-03,1.3769507001e-02,1.1834020726e-02,1.0798715084e-04,8.5561470769e-05
1501,2.0801666835e-03,1.3712384389e-02,1.1773790233e-02,1.0744924657e-04,8.6410167569e-05
1502,2.0715469051e-03,1.3655563118e-02,1.1731289327e-02,1.0711995128e-04,8.5307423433e-05
1503,2.0629723544e-03,1.3599039987e-02,1.1682353914e-02,1.0672183998e-04,8.4946768766e-05
1504,2.0544414863e-03,1.3542804809e-02,1.1629583314e-02,1.0627959273e-04,8.5042549472e-05
1505,2.0459527553e-03,1.3486847398e-02,1.1590286158e-02,1.0598215886e-04,8.3673963672e-05
1506,2.0375066119e-03,1.3431170722e-02,1.1531325057e-02,1.0545462283e-04,8.4529943706e-05
1507,2.0290975195e-03,1.3375738286e-02,1.1496893130e-02,1.0519679199e-04,8.2687722170e-05
1508,2.0207281803e-03,1.3320567901e-02,1.1436893605e-02,1.0465049854e-04,8.3716935478e-05
1509,2.0123987618e-03,1.3265660673e-02,1.1401970871e-02,1.0439050675e-04,8.1978476373e-05
1510,2.0041086197e-03,1.3211012352e-02,1.1345195584e-02,1.0389008821e-04,8.2691585703e-05
1511,1.9958588752e-03,1.3156630332e-02,1.1306193657e-02,1.0358938016e-04,8.1454287283e-05
1512,1.9876504026e-03,1.3102520374e-02,1.1255247518e-02,1.0315162217e-04,8.1575664808e-05
1513,1.9794823276e-03,1.3048676716e-02,1.1211049743e-02,1.0278294212e-04,8.0979749328e-05
1514,1.9713541382e-03,1.2995095982e-02,1.1166309007e-02,1.0240104893e-04,8.0477650044e-05
1515,1.9632672295e-03,1.2941787369e-02,1.1117551476e-02,1.0197077791e-04,8.0452809925e-05
1516,1.9552200473e-03,1.2888740632e-02,1.1077611707e-02,1.0163799016e-04,7.9474899394e-05
1517,1.9472118766e-03,1.2835951056e-02,1.1025831103e-02,1.0117673810e-04,7.9835255747e-05
1518,1.9392426642e-03,1.2783418293e-02,1.0988670401e-02,1.0087873670e-04,7.8596043750e-05
1519,1.9313100790e-03,1.2731126975e-02,1.0935815983e-02,1.0040644702e-04,7.9124656622e-05
1520,1.9234159930e-03,1.2679089443e-02,1.0899687186e-02,1.0011615814e-04,7.7824071923e-05
1521,1.9155612716e-03,1.2627311400e-02,1.0847566649e-02,9.9645287264e-05,7.8329190728e-05
1522,1.9077434511e-03,1.2575776607e-02,1.0811106302e-02,9.9343596958e-05,7.7123433584e-05
1523,1.8999636089e-03,1.2524492166e-02,1.0760747828e-02,9.8887583590e-05,7.7486845839e-05
1524,1.8922234491e-03,1.2473469309e-02,1.0723112151e-02,9.8572301795e-05,7.6463416917e-05
1525,1.8845205435e-03,1.2422692031e-02,1.0674871504e-02,9.8141041235e-05,7.6641015767e-05
1526,1.8768527728e-03,1.2372146361e-02,1.0635825805e-02,9.7809992440e-05,7.5822070357e-05
1527,1.8692229362e-03,1.2321850751e-02,1.0589727201e-02,9.7400472441e-05,7.5811884017e-05
1528,1.8616330293e-03,1.2271818356e-02,1.0549477302e-02,9.7052186902e-05,7.5181917055e-05
1529,1.8540772949e-03,1.2222011224e-02,1.0505456477e-02,9.6658055554e-05,7.4997413321e-05
1530,1.8465607219e-03,1.2172462244e-02,1.0464189574e-02,9.6292998933e-05,7.4534269515e-05
1531,1.8390793457e-03,1.2123145279e-02,1.0421955958e-02,9.5916671853e-05,7.4202260294e-05
1532,1.8316356651e-03,1.2074076803e-02,1.0379845276e-02,9.5542309282e-05,7.3880844866e-05
1533,1.8242266691e-03,1.2025236967e-02,1.0339069180e-02,9.5181989309e-05,7.3434792284e-05
1534,1.8168559340e-03,1.1976649344e-02,1.0296416469e-02,9.4800772786e-05,7.3222516221e-05
1535,1.8095186031e-03,1.1928281921e-02,1.0256941430e-02,9.4449846074e-05,7.2684204497e-05
1536,1.8022185793e-03,1.1880160426e-02,1.0213888250e-02,9.4058203103e-05,7.2569018812e-05
1537,1.7949559951e-03,1.1832285731e-02,1.0175726376e-02,9.3718066637e-05,7.1937873145e-05
1538,1.7877260911e-03,1.1784626462e-02,1.0132208467e-02,9.3318223662e-05,7.1923575888e-05
1539,1.7805337503e-03,1.1737214809e-02,1.0095329955e-02,9.2990529083e-05,7.1197959187e-05
1540,1.7733753083e-03,1.1690026615e-02,1.0051241145e-02,9.2584312370e-05,7.1294234658e-05
1541,1.7662527959e-03,1.1643075268e-02,1.0015830398e-02,9.2271671747e-05,7.0452821092e-05
1542,1.7591638202e-03,1.1596344993e-02,9.9708745256e-03,9.1853988124e-05,7.0693058660e-05
1543,1.7521107476e-03,1.1549851391e-02,9.9373953417e-03,9.1558234999e-05,6.9687368523e-05
1544,1.7450928365e-03,1.1503589572e-02,9.8910229281e-03,9.1121728474e-05,7.0134934504e-05
1545,1.7381093010e-03,1.1457554356e-02,9.8602110520e-03,9.0850895504e-05,6.8883433414e-05
1546,1.7311590372e-03,1.1411738466e-02,9.8114451393e-03,9.0386718512e-05,6.9642614108e-05
1547,1.7242457804e-03,1.1366166524e-02,9.7844656557e-03,9.0154782811e-05,6.8015302531e-05
1548,1.7173691154e-03,1.1320835794e-02,9.7317453474e-03,8.9648616267e-05,6.9260429882e-05
1549,1.7105272940e-03,1.1275734752e-02,9.7106155008e-03,8.9477187430e-05,6.7034736276e-05
1550,1.7037244575e-03,1.1230890697e-02,9.6513312310e-03,8.8898559625e-05,6.9057387009e-05
1551,1.6969633520e-03,1.1186321732e-02,9.6395192668e-03,8.8822693215e-05,6.5857559093e-05
1552,1.6902497524e-03,1.1142065923e-02,9.5691746101e-03,8.8125976617e-05,6.9163150329e-05
1553,1.6835899369e-03,1.1098164658e-02,9.5725525171e-03,8.8207278168e-05,6.4353938797e-05
1554,1.6770007092e-03,1.1054728704e-02,9.4834109768e-03,8.7311949756e-05,6.9819820055e-05
1555,1.6705080915e-03,1.1011929600e-02,9.5121879131e-03,8.7660468125e-05,6.2313702074e-05
1556,1.6641552277e-03,1.0970051750e-02,9.3907015398e-03,8.6425272457e-05,7.1509748523e-05
1557,1.6580225600e-03,1.0929625423e-02,9.4630150124e-03,8.7230982899e-05,5.9430054534e-05
1558,1.6522634758e-03,1.0891661746e-02,9.2850942165e-03,8.5408923042e-05,7.5247829955e-05
1559,1.6471018800e-03,1.0857636691e-02,9.4335861504e-03,8.7019798229e-05,5.5385255109e-05
1560,1.6430658297e-03,1.0831031192e-02,9.1557120904e-03,8.4168415924e-05,8.3363491285e-05
1561,1.6408242927e-03,1.0816255060e-02,9.4397887588e-03,8.7230699137e-05,5.0415932492e-05
1562,1.6421791381e-03,1.0825186153e-02,8.9837573469e-03,8.2566417404e-05,1.0157646466e-04
1563,1.6487944632e-03,1.0868794139e-02,9.5096174628e-03,8.8281900389e-05,4.7635767260e-05
1564,1.6665877596e-03,1.0986086912e-02,8.7421657518e-03,8.0479738244e-05,1.4391237346e-04
1565,1.6965959936e-03,1.1183900118e-02,9.6807060763e-03,9.0977213404e-05,5.9342190070e-05
1566,1.7536136737e-03,1.1559758626e-02,8.4182806313e-03,7.8097342339e-05,2.3605045862e-04
1567,1.8130284240e-03,1.1951418535e-02,9.9340155721e-03,9.6084193501e-05,1.0565610137e-04
1568,1.8881892531e-03,1.2446876033e-02,8.1170378253e-03,7.6380893006e-05,3.5660291906e-04
1569,1.8658235621e-03,1.2299442198e-02,9.9639501423e-03,9.9724791653e-05,1.3382441830e-04
1570,1.7862405868e-03,1.1774834071e-02,8.1808175892e-03,7.6711534348e-05,2.8269010363e-04
1571,1.6400599510e-03,1.0811216547e-02,9.3565061688e-03,9.0365087090e-05,5.5105949286e-05
1572,1.5639752292e-03,1.0309668782e-02,8.8087012991e-03,8.1769481767e-05,6.8327266490e-05
1573,1.5926302514e-03,1.0498561664e-02,8.5339639336e-03,7.8175427916e-05,1.1828434799e-04
1574,1.6626996045e-03,1.0960456333e-02,9.4278268516e-03,8.8657732704e-05,6.4605221269e-05
1575,1.6935016640e-03,1.1163502408e-02,8.1677325070e-03,7.5485317211e-05,2.2409166559e-04
1576,1.6301824759e-03,1.0746104585e-02,9.2634717003e-03,8.9927154477e-05,5.8336132497e-05
1577,1.5530872735e-03,1.0237895767e-02,8.4553509951e-03,7.9213801655e-05,9.9040677014e-05
1578,1.5309448426e-03,1.0091933655e-02,8.5653550923e-03,8.0061217886e-05,7.2596638347e-05
1579,1.5666124602e-03,1.0327053315e-02,9.0114306659e-03,8.4514693299e-05,4.7047571570e-05
1580,1.5989141345e-03,1.0539984796e-02,8.1712501124e-03,7.3799907113e-05,1.6307356418e-04
1581,1.5738736846e-03,1.0374919046e-02,9.0462388471e-03,8.2791753812e-05,5.0076265325e-05
1582,1.5243495398e-03,1.0048457654e-02,8.3379186690e-03,7.5024072430e-05,9.6029820270e-05
1583,1.4996018339e-03,9.8853216623e-03,8.4986668080e-03,7.7713717474e-05,6.0951766500e-05
1584,1.5148438028e-03,9.9857961759e-03,8.7252752855e-03,8.1819220213e-05,4.4232867367e-05
1585,1.5345725806e-03,1.0115847574e-02,8.1052780151e-03,7.4181196396e-05,1.2687576236e-04
1586,1.5217826095e-03,1.0031536542e-02,8.7623624131e-03,8.2294864114e-05,4.4622549467e-05
1587,1.4905387584e-03,9.8255781922e-03,8.2157412544e-03,7.4497147580e-05,8.6486550572e-05
1588,1.4718451766e-03,9.7023507697e-03,8.3752302453e-03,7.5876814662e-05,5.6835233408e-05
1589,1.4776670250e-03,9.7407281864e-03,8.5252821445e-03,7.7731936472e-05,4.3812666263e-05
1590,1.4877905065e-03,9.8074618145e-03,8.0494666472e-03,7.2643888416e-05,1.0315562395e-04
1591,1.4794749249e-03,9.7526457976e-03,8.5312603042e-03,7.9116201960e-05,4.3022348109e-05
1592,1.4589196768e-03,9.6171463374e-03,8.0873817205e-03,7.3747753049e-05,7.9228702816e-05
1593,1.4448760311e-03,9.5245711273e-03,8.2143694162e-03,7.5251722592e-05,5.5768443417e-05
1594,1.4456819405e-03,9.5298836532e-03,8.3148237318e-03,7.6166325016e-05,4.5339667849e-05
1595,1.4499433039e-03,9.5579744084e-03,7.9648355022e-03,7.1678623499e-05,8.7635264208e-05
1596,1.4438205833e-03,9.5176136529e-03,8.3377882838e-03,7.5995223597e-05,4.1987314034e-05
1597,1.4297212418e-03,9.4246712979e-03,7.9805152491e-03,7.1949856647e-05,7.2465751146e-05
1598,1.4186088693e-03,9.3514189357e-03,8.0837141722e-03,7.3576207797e-05,5.3194267821e-05
1599,1.4163249744e-03,9.3363635824e-03,8.1228977069e-03,7.4454670539e-05,4.6891917009e-05
1600,1.4169972094e-03,9.3407949316e-03,7.8575089574e-03,7.1224276326e-05,7.7104319644e-05
1601,1.4122329943e-03,9.3093893956e-03,8.1355785951e-03,7.4468232924e-05,4.2912848585e-05
1602,1.4022289045e-03,9.2434427934e-03,7.8519629315e-03,7.0675472671e-05,6.8472509156e-05
1603,1.3930556647e-03,9.1829731246e-03,7.9554663971e-03,7.1715257945e-05,5.1035411161e-05
1604,1.3889354415e-03,9.1558127606e-03,7.9574100673e-03,7.1830152592e-05,4.8010118917e-05
1605,1.3873868064e-03,9.1456042137e-03,7.7640814707e-03,6.9830821303e-05,6.8321453000e-05
1606,1.3834194939e-03,9.1194518318e-03,7.9618524760e-03,7.2575581726e-05,4.3184354581e-05
1607,1.3760261670e-03,9.0707152849e-03,7.7207693830e-03,6.9758410973e-05,6.5236177761e-05
1608,1.3681952250e-03,9.0190939954e-03,7.8202253208e-03,7.0935209806e-05,4.8951660574e-05
1609,1.3630222825e-03,8.9849941432e-03,7.7873049304e-03,7.0325368142e-05,4.9443555326e-05
1610,1.3600040241e-03,8.9650978916e-03,7.6639098115e-03,6.8664754508e-05,6.1454054958e-05
1611,1.3563498797e-03,8.9410099026e-03,7.8034661710e-03,7.0262773079e-05,4.3491603719e-05
1612,1.3506359747e-03,8.9033440454e-03,7.6033221558e-03,6.7998094892e-05,6.2004095525e-05
1613,1.3439472495e-03,8.8592522079e-03,7.6963142492e-03,6.9304100180e-05,4.6989694965e-05
1614,1.3383354513e-03,8.8222594350e-03,7.6261516660e-03,6.8647677836e-05,5.0963102694e-05
1615,1.3342850256e-03,8.7955591734e-03,7.5542810373e-03,6.7861947173e-05,5.6265867897e-05
1616,1.3305421123e-03,8.7708860228e-03,7.6380157843e-03,6.8851397373e-05,4.4435626478e-05
1617,1.3258366040e-03,8.7398674805e-03,7.4810581282e-03,6.6890912422e-05,5.8990022808e-05
1618,1.3201625801e-03,8.7024645181e-03,7.5693838298e-03,6.7905995820e-05,4.5402073738e-05
1619,1.3146036389e-03,8.6658201762e-03,7.4793472886e-03,6.6894455813e-05,5.1752835134e-05
1620,1.3099196363e-03,8.6349433986e-03,7.4504632503e-03,6.6678418079e-05,5.1769598940e-05
1621,1.3058562303e-03,8.6081575719e-03,7.4814958498e-03,6.7184162617e-05,4.5482011046e-05
1622,1.3016061827e-03,8.5801414098e-03,7.3623983189e-03,6.5808897489e-05,5.5965414504e-05
1623,1.2967257591e-03,8.5479698319e-03,7.4342088774e-03,6.6641092417e-05,4.4735006668e-05
1624,1.2915432403e-03,8.5138068534e-03,7.3371836916e-03,6.5399130108e-05,5.2263185353e-05
1625,1.2866331917e-03,8.4814399888e-03,7.3437052779e-03,6.5414395067e-05,4.8359073844e-05
1626,1.2822193326e-03,8.4523439873e-03,7.3346062563e-03,6.5313302912e-05,4.6460470912e-05
1627,1.2780218417e-03,8.4246742772e-03,7.2559323162e-03,6.4461302827e-05,5.2412891819e-05
1628,1.2736269363e-03,8.3957032184e-03,7.3019661941e-03,6.5107502451e-05,4.4266198529e-05
1629,1.2689255826e-03,8.3647120628e-03,7.2067561559e-03,6.4043262682e-05,5.1752329455e-05
1630,1.2641339677e-03,8.3331259084e-03,7.2308019735e-03,6.4338513766e-05,4.5893881179e-05
1631,1.2595392462e-03,8.3028376685e-03,7.1896901354e-03,6.3805950049e-05,4.7508801799e-05
1632,1.2552073259e-03,8.2742818049e-03,7.1504814550e-03,6.3292478444e-05,4.9087553634e-05
1633,1.2509727750e-03,8.2463677973e-03,7.1675586514e-03,6.3476654759e-05,4.4404259825e-05
1634,1.2466350976e-03,8.2177739823e-03,7.0895347744e-03,6.2600265665e-05,5.0223654398e-05
1635,1.2421465049e-03,8.1881853403e-03,7.1155414917e-03,6.2978091592e-05,4.4286291086e-05
1636,1.2376237310e-03,8.1583713763e-03,7.0545347407e-03,6.2331113440e-05,4.8052548664e-05
1637,1.2332076423e-03,8.1292606774e-03,7.0442510769e-03,6.2248400354e-05,4.6252556785e-05
1638,1.2289404731e-03,8.1011316506e-03,7.0302020758e-03,6.2080966018e-05,4.5011991460e-05
1639,1.2247421345e-03,8.0734563526e-03,6.9790473208e-03,6.1455437390e-05,4.7985464334e-05
1640,1.2205120958e-03,8.0455720890e-03,6.9940127432e-03,6.1613653088e-05,4.3542280764e-05
1641,1.2162137387e-03,8.0172374728e-03,6.9322371855e-03,6.0903006670e-05,4.7597022785e-05
1642,1.2118908119e-03,7.9887408938e-03,6.9378176704e-03,6.1003654992e-05,4.4088668801e-05
1643,1.2076172056e-03,7.9605694336e-03,6.8991566077e-03,6.0594575189e-05,4.5546705223e-05
1644,1.2034283549e-03,7.9329566797e-03,6.8741259165e-03,6.0330479755e-05,4.5552595111e-05
1645,1.1992983744e-03,7.9057319963e-03,6.8672094494e-03,6.0253041738e-05,4.3599211494e-05
1646,1.1951814449e-03,7.8785933438e-03,6.8192672916e-03,5.9682413848e-05,4.6250188461e-05
1647,1.1910429654e-03,7.8513126355e-03,6.8251756020e-03,5.9740945289e-05,4.2872758058e-05
1648,1.1868877177e-03,7.8239213908e-03,6.7775626667e-03,5.9196943766e-05,4.5438926463e-05
1649,1.1827478519e-03,7.7966315439e-03,6.7713847384e-03,5.9152607719e-05,4.3372070650e-05
1650,1.1786529579e-03,7.7696381486e-03,6.7427684553e-03,5.8854431700e-05,4.3832540541e-05
1651,1.1746062893e-03,7.7429626544e-03,6.7149023525e-03,5.8555884607e-05,4.4250147766e-05
1652,1.1705911928e-03,7.7164952818e-03,6.7066480406e-03,5.8465680922e-05,4.2519041017e-05
1653,1.1665836637e-03,7.6900777931e-03,6.6655934788e-03,5.7978155382e-05,4.4470278226e-05
1654,1.1625753796e-03,7.6636553276e-03,6.6637680866e-03,5.7942615967e-05,4.2046107410e-05
1655,1.1585704200e-03,7.6372547774e-03,6.6250828095e-03,5.7491539337e-05,4.3725660362e-05
1656,1.1545866041e-03,7.6109936053e-03,6.6140182316e-03,5.7375094912e-05,4.2322444642e-05
1657,1.1506336935e-03,7.5849361601e-03,6.5885819495e-03,5.7103399740e-05,4.2532024963e-05
1658,1.1467124300e-03,7.5590873312e-03,6.5629030578e-03,5.6828663219e-05,4.2789764848e-05
1659,1.1428141821e-03,7.5333902205e-03,6.5509555861e-03,5.6700977439e-05,4.1542483814e-05
1660,1.1389308880e-03,7.5077916845e-03,6.5164319240e-03,5.6301534642e-05,4.2834442866e-05
1661,1.1350563489e-03,7.4822508614e-03,6.5092653967e-03,5.6209973991e-05,4.1088573198e-05
1662,1.1311926885e-03,7.4567817501e-03,6.4757401124e-03,5.5820128182e-05,4.2284034862e-05
1663,1.1273453108e-03,7.4314199737e-03,6.4633460715e-03,5.5680655350e-05,4.1126731958e-05
1664,1.1235218538e-03,7.4062158819e-03,6.4379721880e-03,5.5401345890e-05,4.1423023504e-05
1665,1.1197217347e-03,7.3811656330e-03,6.4161289483e-03,5.5164924561e-05,4.1338742449e-05
1666,1.1159429933e-03,7.3562563048e-03,6.4001409337e-03,5.4989257478e-05,4.0622282540e-05
1667,1.1121829143e-03,7.3314699985e-03,6.3714133576e-03,5.4660587921e-05,4.1345072532e-05
1668,1.1084372372e-03,7.3067786288e-03,6.3603599556e-03,5.4528169130e-05,4.0113700379e-05
1669,1.1047046021e-03,7.2821732319e-03,6.3304994255e-03,5.4181808082e-05,4.0985571104e-05
1670,1.1009874020e-03,7.2576695820e-03,6.3179582357e-03,5.4036372603e-05,3.9934762754e-05
1671,1.0972888997e-03,7.2332891868e-03,6.2921275385e-03,5.3744992329e-05,4.0371174691e-05
1672,1.0936081988e-03,7.2090261383e-03,6.2741436996e-03,5.3544619732e-05,3.9943621232e-05
1673,1.0899469109e-03,7.1848910593e-03,6.2545402907e-03,5.3322306485e-05,3.9712773287e-05
1674,1.0863053009e-03,7.1608856961e-03,6.2312278897e-03,5.3053194279e-05,3.9912589273e-05
1675,1.0826810552e-03,7.1369947982e-03,6.2164766714e-03,5.2877068811e-05,3.9174745325e-05
1676,1.0790718692e-03,7.1132031735e-03,6.1904997565e-03,5.2574068832e-05,3.9696275053e-05
1677,1.0754779594e-03,7.0895122481e-03,6.1770360917e-03,5.2416577091e-05,3.8831040001e-05
1678,1.0718994138e-03,7.0659226039e-03,6.1516580172e-03,5.2128882089e-05,3.9297574403e-05
1679,1.0683376720e-03,7.0424437290e-03,6.1363214627e-03,5.1957460528e-05,3.8654765376e-05
1680,1.0647940936e-03,7.0190845872e-03,6.1140586622e-03,5.1706167142e-05,3.8796424633e-05
1681,1.0612668333e-03,6.9958330132e-03,6.0955001973e-03,5.1492974308e-05,3.8540303649e-05
1682,1.0577571183e-03,6.9726970978e-03,6.0770236887e-03,5.1277256716e-05,3.8290083467e-05
1683,1.0542641673e-03,6.9496716897e-03,6.0555650853e-03,5.1026330766e-05,3.8384328946e-05
1684,1.0507865100e-03,6.9267470972e-03,6.0397246853e-03,5.0840455515e-05,3.7861784222e-05
1685,1.0473242127e-03,6.9039237569e-03,6.0167387128e-03,5.0576352805e-05,3.8142152334e-05
1686,1.0438795667e-03,6.8812167738e-03,6.0017639771e-03,5.0404622016e-05,3.7540659832e-05
1687,1.0404491460e-03,6.8586035632e-03,5.9790429659e-03,5.0146052672e-05,3.7810008507e-05
1688,1.0370341515e-03,6.8360920413e-03,5.9634218924e-03,4.9964855862e-05,3.7302157580e-05
1689,1.0336360533e-03,6.8136918999e-03,5.9423604980e-03,4.9720267270e-05,3.7412872189e-05
1690,1.0302539068e-03,6.7913969106e-03,5.9251901694e-03,4.9517951993e-05,3.7102723581e-05
1691,1.0268882945e-03,6.7692109151e-03,5.9062377550e-03,4.9296562793e-05,3.7000754673e-05
1692,1.0235377906e-03,6.7471245129e-03,5.8873076923e-03,4.9076254072e-05,3.6905428715e-05
1693,1.0202012558e-03,6.7251301953e-03,5.8701639064e-03,4.8877649533e-05,3.6618981540e-05
1694,1.0168827698e-03,6.7032548541e-03,5.8499951847e-03,4.8645117204e-05,3.6680849007e-05
1695,1.0135776526e-03,6.6814676393e-03,5.8340490796e-03,4.8459030950e-05,3.6282825022e-05
1696,1.0102882175e-03,6.6597838013e-03,5.8134789579e-03,4.8220179451e-05,3.6410303437e-05
1697,1.0070151579e-03,6.6382079094e-03,5.7979486883e-03,4.8036388762e-05,3.5989531170e-05
1698,1.0037560543e-03,6.6167240147e-03,5.7777240872e-03,4.7800738685e-05,3.6099252611e-05
1699,1.0005105887e-03,6.5953300218e-03,5.7618618011e-03,4.7613852075e-05,3.5732969991e-05
1700,9.9728179880e-04,6.5740459540e-03,5.7424553670e-03,4.7389217798e-05,3.5769840906e-05
1701,9.9406760060e-04,6.5528580744e-03,5.7259392925e-03,4.7196601372e-05,3.5495275370e-05
1702,9.9086827669e-04,6.5317682456e-03,5.7075605728e-03,4.6982841013e-05,3.5437926272e-05
1703,9.8768354451e-04,6.5107746050e-03,5.6903325021e-03,4.6780583943e-05,3.5263627069e-05
1704,9.8451385439e-04,6.4898801211e-03,5.6730285287e-03,4.6576467867e-05,3.5108692828e-05
1705,9.8135811582e-04,6.4690776053e-03,5.6551434100e-03,4.6366156312e-05,3.5027263948e-05
1706,9.7821751645e-04,6.4483748865e-03,5.6387269869e-03,4.6172557632e-05,3.4792232327e-05
1707,9.7509142492e-04,6.4277678030e-03,5.6203557178e-03,4.5958156988e-05,3.4783053707e-05
1708,9.7197959399e-04,6.4072547248e-03,5.6045739911e-03,4.5772812882e-05,3.4495260479e-05
1709,9.6888043425e-04,6.3868251746e-03,5.5859945714e-03,4.5556771511e-05,3.4526288800e-05
1710,9.6579666536e-04,6.3664970803e-03,5.5706044659e-03,4.5374155889e-05,3.4215107007e-05
1711,9.6272742638e-04,6.3462647668e-03,5.5521060713e-03,4.5157434215e-05,3.4258435335e-05
1712,9.5967089833e-04,6.3261162431e-03,5.5368882604e-03,4.4976251957e-05,3.3946547774e-05
1713,9.5663010109e-04,6.3060714165e-03,5.5185984820e-03,4.4762124162e-05,3.3985168557e-05
1714,9.5360173662e-04,6.2861085462e-03,5.5033965036e-03,4.4581727707e-05,3.3689477277e-05
1715,9.5058773872e-04,6.2662403798e-03,5.4854066111e-03,4.4371434342e-05,3.3711941796e-05
1716,9.4758755107e-04,6.2464632501e-03,5.4701920599e-03,4.4191387133e-05,3.3435731893e-05
1717,9.4460191984e-04,6.2267820758e-03,5.4525304586e-03,4.3984175136e-05,3.3440985135e-05
1718,9.4162808120e-04,6.2071786379e-03,5.4373298772e-03,4.3802901928e-05,3.3181975596e-05
1719,9.3866858705e-04,6.1876697582e-03,5.4199565202e-03,4.3598352931e-05,3.3172971598e-05
1720,9.3572337115e-04,6.1682550004e-03,5.4047773592e-03,4.3418036512e-05,3.2929725421e-05
1721,9.3279083969e-04,6.1489238578e-03,5.3876619786e-03,4.3216419726e-05,3.2909767469e-05
1722,9.2987185801e-04,6.1296820350e-03,5.3725126199e-03,4.3037412979e-05,3.2679530705e-05
1723,9.2696601108e-04,6.1105267960e-03,5.3556119092e-03,4.2838353693e-05,3.2653137168e-05
1724,9.2407250863e-04,6.0914529313e-03,5.3405701183e-03,4.2659237806e-05,3.2429044950e-05
1725,9.2119302837e-04,6.0724715004e-03,5.3238496184e-03,4.2461637349e-05,3.2400548662e-05
1726,9.1832656367e-04,6.0535758676e-03,5.3089642897e-03,4.2284209485e-05,3.2176947570e-05
1727,9.1547247434e-04,6.0347618128e-03,5.2923364565e-03,4.2087958718e-05,3.2154577639e-05
1728,9.1263129903e-04,6.0160328867e-03,5.2776490338e-03,4.1913448513e-05,3.1924937502e-05
1729,9.0980424744e-04,5.9973970638e-03,5.2610603161e-03,4.1718456487e-05,3.1915220461e-05
1730,9.0698908558e-04,5.9788396175e-03,5.2466592751e-03,4.1546867578e-05,3.1671166653e-05
1731,9.0418651544e-04,5.9603651753e-03,5.2300221287e-03,4.1350795073e-05,3.1683510315e-05
1732,9.0139698734e-04,5.9419767058e-03,5.2160201594e-03,4.1182884161e-05,3.1412771932e-05
1733,8.9861942402e-04,5.9236671077e-03,5.1992032677e-03,4.0984108637e-05,3.1462277548e-05
1734,8.9585471731e-04,5.9054422600e-03,5.1857568324e-03,4.0822607843e-05,3.1145937101e-05
1735,8.9310297318e-04,5.8873028611e-03,5.1685241051e-03,4.0620401705e-05,3.1257473893e-05
1736,8.9036302606e-04,5.8692412276e-03,5.1558827981e-03,4.0467308281e-05,3.0868533941e-05
1737,8.8763677441e-04,5.8512698743e-03,5.1379613578e-03,4.0257884393e-05,3.1072966522e-05
1738,8.8492292904e-04,5.8333803026e-03,5.1264907233e-03,4.0117942262e-05,3.0571016396e-05
1739,8.8221949436e-04,5.8155593579e-03,5.1074270159e-03,3.9895658119e-05,3.0917573895e-05
1740,8.7953056310e-04,5.7978340192e-03,5.0976690836e-03,3.9773509343e-05,3.0242983485e-05
1741,8.7685429861e-04,5.7801921794e-03,5.0767613575e-03,3.9532209485e-05,3.0810871976e-05
1742,8.7419093489e-04,5.7626353810e-03,5.0696334802e-03,3.9438262320e-05,2.9861927032e-05
1743,8.7154297526e-04,5.7451801258e-03,5.0456770696e-03,3.9164697228e-05,3.0785606214e-05
1744,8.6891096279e-04,5.7278299937e-03,5.0427117385e-03,3.9116002881e-05,2.9395821912e-05
1745,8.6629690631e-04,5.7105982269e-03,5.0137587823e-03,3.8788144593e-05,3.0895800592e-05
1746,8.6370606415e-04,5.6935194880e-03,5.0174994394e-03,3.8811154809e-05,2.8790849683e-05
1747,8.6114331492e-04,5.6766259368e-03,4.9802488647e-03,3.8395603042e-05,3.1242103432e-05
1748,8.5862309585e-04,5.6600127427e-03,4.9949851818e-03,3.8536683860e-05,2.7966070775e-05
1749,8.5616503180e-04,5.6438092724e-03,4.9437917769e-03,3.7974132283e-05,3.2027619454e-05
1750,8.5380315396e-04,5.6282398582e-03,4.9770055339e-03,3.8313883124e-05,2.6809550036e-05
1751,8.5160300812e-04,5.6137365755e-03,4.9020196311e-03,3.7500954932e-05,3.3670738048e-05
1752,8.4966661717e-04,5.6009719556e-03,4.9668946303e-03,3.8183490688e-05,2.5224240744e-05
1753,8.4820132054e-04,5.5913127726e-03,4.8506869934e-03,3.6941284634e-05,3.7121291825e-05
1754,8.4750222879e-04,5.5867043848e-03,4.9707265571e-03,3.8227768528e-05,2.3370015697e-05
1755,8.4826174046e-04,5.5917110585e-03,4.7823749483e-03,3.6246106902e-05,4.4687501941e-05
1756,8.5130781589e-04,5.6117906788e-03,4.9996022135e-03,3.8620855776e-05,2.2597991119e-05
1757,8.5895322214e-04,5.6621889235e-03,4.6848249622e-03,3.5372464481e-05,6.2363935285e-05
1758,8.7306084627e-04,5.7551858772e-03,5.0725848414e-03,3.9749396819e-05,2.8510707125e-05
1759,9.0091601656e-04,5.9388061636e-03,4.5417984948e-03,3.4393877286e-05,1.0530689178e-04
1760,9.4253595610e-04,6.2131633167e-03,5.2135786973e-03,4.2403851694e-05,5.7554610976e-05
1761,1.0151550781e-03,6.6918659722e-03,4.3504727073e-03,3.3743992390e-05,2.0039534138e-04
1762,1.0858000826e-03,7.1575553156e-03,5.4022399709e-03,4.7353863920e-05,1.2817766401e-04
1763,1.1702539627e-03,7.7142722730e-03,4.1853282601e-03,3.3864289435e-05,3.1903010677e-04
1764,1.1405565877e-03,7.5185082387e-03,5.4239453748e-03,5.0581151299e-05,1.5887513291e-04
1765,1.0492162898e-03,6.9163962617e-03,4.2554386891e-03,3.3476455428e-05,2.3261930619e-04
1766,8.9151632899e-04,5.8768437593e-03,5.0266967155e-03,4.1863888327e-05,4.3150816055e-05
1767,8.1297214796e-04,5.3590833268e-03,4.6788114123e-03,3.5499677324e-05,3.2527514122e-05
1768,8.4826204068e-04,5.5917130376e-03,4.5100757852e-03,3.3729509596e-05,7.4434217822e-05
1769,9.3005449966e-04,6.1308860022e-03,5.1053781062e-03,4.1335468268e-05,6.1215323512e-05
1770,9.7228692981e-04,6.4092806715e-03,4.2822142132e-03,3.2977313822e-05,1.7972933711e-04
1771,9.1173686353e-04,6.0101367999e-03,5.0263865851e-03,4.3159514462e-05,5.5215510656e-05
1772,8.2902784084e-04,5.4649218800e-03,4.4656810351e-03,3.3860374970e-05,6.6063708800e-05
1773,7.9919034545e-04,5.2682341775e-03,4.5977006666e-03,3.4775366657e-05,3.2277985156e-05
1774,8.3717765957e-04,5.5186451937e-03,4.8583671451e-03,3.7206144043e-05,2.8821659726e-05
1775,8.8234351302e-04,5.8163768845e-03,4.3399110436e-03,3.1832209061e-05,1.1581437138e-04
1776,8.6953391706e-04,5.7319364860e-03,4.9348608591e-03,3.7453126424e-05,4.2254436266e-05
1777,8.2103687991e-04,5.4122457514e-03,4.4192844070e-03,3.1933603168e-05,6.7362532718e-05
1778,7.8760463136e-04,5.1918615645e-03,4.6023810282e-03,3.4627028072e-05,2.4321027013e-05
1779,7.9960405962e-04,5.2709613665e-03,4.6895784326e-03,3.6560246372e-05,2.1578047381e-05
1780,8.2835913785e-04,5.4605138139e-03,4.3419180438e-03,3.1610241422e-05,8.0249337771e-05
1781,8.2894798147e-04,5.4643954500e-03,4.7918339260e-03,3.6912129872e-05,3.0344022889e-05
1782,8.0240228757e-04,5.2894071850e-03,4.3890820816e-03,3.1260602555e-05,5.8771907788e-05
1783,7.7774735069e-04,5.1268827228e-03,4.5758346096e-03,3.2970474422e-05,2.2134336177e-05
1784,7.7955742053e-04,5.1388146385e-03,4.5937243849e-03,3.3573178371e-05,2.0935847715e-05
1785,7.9585623900e-04,5.2462558670e-03,4.3418477289e-03,3.1083854992e-05,5.9356956626e-05
1786,7.9893875843e-04,5.2665757248e-03,4.6625556424e-03,3.5686523916e-05,2.4715483960e-05
1787,7.8405746799e-04,5.1684787904e-03,4.3434677646e-03,3.1120624044e-05,5.1380477089e-05
1788,7.6730038754e-04,5.0580167153e-03,4.5106648467e-03,3.2806710806e-05,2.1928475689e-05
1789,7.6550081006e-04,5.0461539649e-03,4.5074457303e-03,3.2443582313e-05,2.1427240426e-05
1790,7.7407644239e-04,5.1026842266e-03,4.3354458176e-03,3.0516486731e-05,4.6207354899e-05
1791,7.7685053548e-04,5.1209709491e-03,4.5730303973e-03,3.3589130908e-05,2.1204923542e-05
1792,7.6850603085e-04,5.0659642729e-03,4.3104719371e-03,3.0526603950e-05,4.5022628910e-05
1793,7.5707613039e-04,4.9906187778e-03,4.4485391118e-03,3.2380823541e-05,2.1827143428e-05
1794,7.5349502855e-04,4.9670122826e-03,4.4160257094e-03,3.1831510569e-05,2.3267146389e-05
1795,7.5721272973e-04,4.9915192358e-03,4.3048700318e-03,3.0231269193e-05,3.8433652662e-05
1796,7.5925430917e-04,5.0049772544e-03,4.4825715013e-03,3.2183106669e-05,2.0057468646e-05
1797,7.5472200758e-04,4.9751004844e-03,4.2794225737e-03,2.9709131923e-05,3.9858659875e-05
1798,7.4693313658e-04,4.9237565254e-03,4.4022980146e-03,3.1225907151e-05,2.0919944291e-05
1799,7.4273968542e-04,4.8961134453e-03,4.3466184288e-03,3.0764273106e-05,2.4185228540e-05
1800,7.4343671976e-04,4.9007082707e-03,4.2756716721e-03,3.0031909773e-05,3.2471747545e-05
1801,7.4452944825e-04,4.9079114979e-03,4.3942462653e-03,3.1590414437e-05,1.9776107365e-05
1802,7.4213706686e-04,4.8921410053e-03,4.2362553068e-03,2.9375833037e-05,3.6212739360e-05
1803,7.3693170022e-04,4.8578274145e-03,4.3474384584e-03,3.0508685086e-05,2.0530211259e-05
1804,7.3280938870e-04,4.8306532844e-03,4.2820945382e-03,2.9625602110e-05,2.5230274332e-05
1805,7.3164032847e-04,4.8229468812e-03,4.2490405031e-03,2.9323246054e-05,2.8067392122e-05
1806,7.3172491193e-04,4.8235044524e-03,4.3187886477e-03,3.0385697755e-05,2.0085883079e-05
1807,7.3037761185e-04,4.8146230984e-03,4.1945446283e-03,2.8994429158e-05,3.3013417124e-05
1808,7.2695885128e-04,4.7920867510e-03,4.2859939858e-03,3.0202347261e-05,2.0406927433e-05
1809,7.2332086598e-04,4.7681052820e-03,4.2136493139e-03,2.9189453926e-05,2.6256144338e-05
1810,7.2117236294e-04,4.7539424268e-03,4.2120339349e-03,2.9063045076e-05,2.5127805202e-05
1811,7.2032226334e-04,4.7483386006e-03,4.2472509667e-03,2.9440892831e-05,2.0667870558e-05
1812,7.1925749093e-04,4.7413196589e-03,4.1584079154e-03,2.8395539630e-05,2.9895636544e-05
1813,7.1698780589e-04,4.7263579763e-03,4.2302552611e-03,2.9351256671e-05,2.0259014491e-05
1814,7.1403944428e-04,4.7069224820e-03,4.1540372185e-03,2.8460794056e-05,2.6827734473e-05
1815,7.1153107519e-04,4.6903874027e-03,4.1708350182e-03,2.8671409382e-05,2.3283830160e-05
1816,7.0993907775e-04,4.6798930125e-03,4.1753714904e-03,2.8668910090e-05,2.1783243938e-05
1817,7.0871832394e-04,4.6718458470e-03,4.1199363768e-03,2.7915562896e-05,2.7275384127e-05
1818,7.0705668797e-04,4.6608924022e-03,4.1733584367e-03,2.8524587833e-05,2.0228808353e-05
1819,7.0477712206e-04,4.6458655852e-03,4.1035702452e-03,2.7699199563e-05,2.6530336982e-05
1820,7.0235699210e-04,4.6299121750e-03,4.1312179528e-03,2.8096965252e-05,2.1772455511e-05
1821,7.0034464247e-04,4.6166468383e-03,4.1101169772e-03,2.7895199310e-05,2.2757785700e-05
1822,6.9878128986e-04,4.6063412738e-03,4.0807644837e-03,2.7542846510e-05,2.5014833227e-05
1823,6.9727083834e-04,4.5963844314e-03,4.1109179147e-03,2.7880209018e-05,2.0666442651e-05
1824,6.9546159412e-04,4.5844579581e-03,4.0544397198e-03,2.7131201932e-05,2.5870620448e-05
1825,6.9336114444e-04,4.5706118690e-03,4.0859906003e-03,2.7482907171e-05,2.0979219698e-05
1826,6.9127211208e-04,4.5568410424e-03,4.0511940606e-03,2.7079449865e-05,2.3485248676e-05
1827,6.8943130689e-04,4.5447065204e-03,4.0435399860e-03,2.7041071007e-05,2.3075583158e-05
1828,6.8780881915e-04,4.5340111392e-03,4.0500718169e-03,2.7179225071e-05,2.1214706067e-05
1829,6.8618006645e-04,4.5232744596e-03,4.0094265714e-03,2.6696148780e-05,2.4688639314e-05
1830,6.8438163247e-04,4.5114192471e-03,4.0347059257e-03,2.6987539968e-05,2.0683792172e-05
1831,6.8244861020e-04,4.4986768335e-03,3.9959778078e-03,2.6469035220e-05,2.3800868803e-05
1832,6.8053593688e-04,4.4860685593e-03,4.0037357248e-03,2.6533689379e-05,2.1699594072e-05
1833,6.7876001742e-04,4.4743617618e-03,3.9920867421e-03,2.6395862733e-05,2.1831639970e-05
1834,6.7709794437e-04,4.4634054357e-03,3.9694928564e-03,2.6152913051e-05,2.3238346330e-05
1835,6.7543767044e-04,4.4524609693e-03,3.9815343916e-03,2.6337667805e-05,2.0754989237e-05
1836,6.7369572036e-04,4.4409780967e-03,3.9463695139e-03,2.5924569854e-05,2.3536289518e-05
1837,6.7188239222e-04,4.4290247024e-03,3.9591440000e-03,2.6075655114e-05,2.0912415494e-05
1838,6.7007477273e-04,4.4171089394e-03,3.9361449890e-03,2.5775520044e-05,2.2320875360e-05
1839,6.6833617808e-04,4.4056481856e-03,3.9300359786e-03,2.5688630558e-05,2.1872590878e-05
1840,6.6666436985e-04,4.3946276855e-03,3.9278082550e-03,2.5667364753e-05,2.1014579033e-05
1841,6.6500823724e-04,4.3837105186e-03,3.9031945635e-03,2.5388617360e-05,2.2662979973e-05
1842,6.6332142005e-04,4.3725910800e-03,3.9117569104e-03,2.5514662411e-05,2.0568755644e-05
1843,6.6159486082e-04,4.3612096633e-03,3.8851452991e-03,2.5197983632e-05,2.2408454242e-05
1844,6.5986318676e-04,4.3497945298e-03,3.8881888613e-03,2.5227545848e-05,2.0933021005e-05
1845,6.5815924361e-04,4.3385621975e-03,3.8741114549e-03,2.5042776542e-05,2.1402298444e-05
1846,6.5649739793e-04,4.3276073702e-03,3.8626012392e-03,2.4897157346e-05,2.1603456844e-05
1847,6.5485764514e-04,4.3167981785e-03,3.8620391861e-03,2.4898816264e-05,2.0577082978e-05
1848,6.5321425215e-04,4.3059649906e-03,3.8402522914e-03,2.4655206289e-05,2.1916064725e-05
1849,6.5155457204e-04,4.2950244388e-03,3.8438960910e-03,2.4720437068e-05,2.0392395527e-05
1850,6.4988441724e-04,4.2840148380e-03,3.8237581030e-03,2.4485558242e-05,2.1540114176e-05
1851,6.4822310578e-04,4.2730635323e-03,3.8214090746e-03,2.4454766390e-05,2.0710678655e-05
1852,6.4658403291e-04,4.2622588226e-03,3.8110199384e-03,2.4319766453e-05,2.0804121959e-05
1853,6.4496553195e-04,4.2515897221e-03,3.7986731622e-03,2.4165576178e-05,2.1126079446e-05
1854,6.4335637323e-04,4.2409822054e-03,3.7968540564e-03,2.4148976081e-05,2.0263838451e-05
1855,6.4174603790e-04,4.2303669325e-03,3.7786152679e-03,2.3943182896e-05,2.1231982828e-05
1856,6.4013047736e-04,4.2197172152e-03,3.7786171306e-03,2.3958804377e-05,2.0151204808e-05
1857,6.3851449960e-04,4.2090647476e-03,3.7624102551e-03,2.3770880944e-05,2.0894567569e-05
1858,6.3690830779e-04,4.1984767886e-03,3.7578502670e-03,2.3715425414e-05,2.0347226382e-05
1859,6.3531593729e-04,4.1879799392e-03,3.7484844215e-03,2.3596558094e-05,2.0352994397e-05
1860,6.3373474127e-04,4.1775567515e-03,3.7371709477e-03,2.3456066629e-05,2.0582514480e-05
1861,6.3216208395e-04,4.1671898507e-03,3.7335024681e-03,2.3414550014e-05,1.9954188247e-05
1862,6.3059064959e-04,4.1568310116e-03,3.7182671949e-03,2.3239705115e-05,2.0616676920e-05
1863,6.2902176713e-04,4.1464889946e-03,3.7158823106e-03,2.3221578886e-05,1.9839088054e-05
1864,6.2745433944e-04,4.1361565673e-03,3.7018586881e-03,2.3059606974e-05,2.0370182028e-05
1865,6.2589421202e-04,4.1258722631e-03,3.6966621410e-03,2.2998889108e-05,1.9922123101e-05
1866,6.2434332529e-04,4.1156488733e-03,3.6870604381e-03,2.2883008569e-05,1.9975834221e-05
1867,6.2280106777e-04,4.1054823669e-03,3.6773865577e-03,2.2768024792e-05,2.0041556127e-05
1868,6.2126610171e-04,4.0953639254e-03,3.6718084011e-03,2.2706743039e-05,1.9648809030e-05
1869,6.1973496349e-04,4.0852707170e-03,3.6590863019e-03,2.2562669983e-05,2.0055771529e-05
1870,6.1820852950e-04,4.0752085188e-03,3.6550159566e-03,2.2522504878e-05,1.9496750610e-05
1871,6.1668623903e-04,4.0651736344e-03,3.6424461287e-03,2.2376647394e-05,1.9896102458e-05
1872,6.1516815610e-04,4.0551664861e-03,3.6371469032e-03,2.2315107344e-05,1.9486851670e-05
1873,6.1365709089e-04,4.0452055982e-03,3.6271023564e-03,2.2194686608e-05,1.9615637939e-05
1874,6.1215342750e-04,4.0352935030e-03,3.6190189421e-03,2.2099771741e-05,1.9527684344e-05
1875,6.1065605997e-04,4.0254229098e-03,3.6118174903e-03,2.2019152311e-05,1.9341390725e-05
1876,6.0916479183e-04,4.0155925235e-03,3.6012839992e-03,2.1900732463e-05,1.9530119971e-05
1877,6.0767915067e-04,4.0057992301e-03,3.5957812797e-03,2.1843165086e-05,1.9158629584e-05
1878,6.0619669054e-04,3.9960269060e-03,3.5845271777e-03,2.1714211471e-05,1.9435761715e-05
1879,6.0472022385e-04,3.9862940903e-03,3.5790801048e-03,2.1651347197e-05,1.9070052076e-05
1880,6.0324912364e-04,3.9765966503e-03,3.5687980708e-03,2.1530251615e-05,1.9249606339e-05
1881,6.0178274091e-04,3.9669303078e-03,3.5619919654e-03,2.1451543944e-05,1.9042290660e-05
1882,6.0032284167e-04,3.9573067043e-03,3.5534277558e-03,2.1354249839e-05,1.9033645003e-05
1883,5.9886880783e-04,3.9477217651e-03,3.5448628478e-03,2.1258945708e-05,1.9026945665e-05
1884,5.9742020449e-04,3.9381726237e-03,3.5379258916e-03,2.1182753699e-05,1.8841918063e-05
1885,5.9597705374e-04,3.9286594256e-03,3.5282156896e-03,2.1072723030e-05,1.8971650206e-05
1886,5.9453886108e-04,3.9191789110e-03,3.5221267026e-03,2.1003861548e-05,1.8701359295e-05
1887,5.9310529098e-04,3.9097288682e-03,3.5122905392e-03,2.0889719963e-05,1.8854112568e-05
1888,5.9167824631e-04,3.9003218408e-03,3.5060010850e-03,2.0818115445e-05,1.8613960492e-05
1889,5.9025481978e-04,3.8909386640e-03,3.4968252294e-03,2.0713998310e-05,1.8697344785e-05
1890,5.8883722773e-04,3.8815939479e-03,3.4896368161e-03,2.0635065084e-05,1.8560647732e-05
1891,5.8742553639e-04,3.8722881291e-03,3.4815324470e-03,2.0544766812e-05,1.8530801754e-05
1892,5.8601780314e-04,3.8630084018e-03,3.4734001383e-03,2.0453207981e-05,1.8507616915e-05
1893,5.8461698386e-04,3.8537742512e-03,3.4662878606e-03,2.0373165171e-05,1.8375474610e-05
1894,5.8321933678e-04,3.8445610116e-03,3.4575324971e-03,2.0273051632e-05,1.8429800548e-05
1895,5.8182840941e-04,3.8353920681e-03,3.4509275574e-03,2.0199307983e-05,1.8247143089e-05
1896,5.8044118626e-04,3.8262475427e-03,3.4420024604e-03,2.0098754248e-05,1.8325754354e-05
1897,5.7906046206e-04,3.8171458582e-03,3.4353795927e-03,2.0026487618e-05,1.8150138203e-05
1898,5.7768379749e-04,3.8080709346e-03,3.4267567098e-03,1.9930150302e-05,1.8201271814e-05
1899,5.7631202701e-04,3.7990282726e-03,3.4197864588e-03,1.9852705009e-05,1.8071476006e-05
1900,5.7494611750e-04,3.7900242460e-03,3.4117479809e-03,1.9761770091e-05,1.8065857148e-05
1901,5.7358399830e-04,3.7810452050e-03,3.4043274354e-03,1.9677838281e-05,1.7993937945e-05
1902,5.7222713964e-04,3.7721008412e-03,3.3968363423e-03,1.9593597244e-05,1.7932852643e-05
1903,5.7087446202e-04,3.7631840387e-03,3.3889855258e-03,1.9506614990e-05,1.7913236661e-05
1904,5.6952828336e-04,3.7543100771e-03,3.3819093369e-03,1.9429306121e-05,1.7810767531e-05
1905,5.6818648883e-04,3.7454650155e-03,3.3738221973e-03,1.9340137442e-05,1.7824144379e-05
1906,5.6684917116e-04,3.7366494653e-03,3.3669925760e-03,1.9264522052e-05,1.7701166144e-05
1907,5.6551647163e-04,3.7278643576e-03,3.3589049708e-03,1.9173987312e-05,1.7721951735e-05
1908,5.6418934831e-04,3.7191160081e-03,3.3521032892e-03,1.9098861230e-05,1.7602409571e-05
1909,5.6286614113e-04,3.7103934737e-03,3.3441768028e-03,1.9010587494e-05,1.7611080693e-05
1910,5.6154756533e-04,3.7017014693e-03,3.3372181933e-03,1.8934499167e-05,1.7513828425e-05
1911,5.6023418826e-04,3.6930437345e-03,3.3295736648e-03,1.8850591005e-05,1.7496415239e-05
1912,5.5892509157e-04,3.6844142160e-03,3.3223945647e-03,1.8772256226e-05,1.7429709260e-05
1913,5.5762034149e-04,3.6758133501e-03,3.3150811214e-03,1.8691978767e-05,1.7381244106e-05
1914,5.5632143915e-04,3.6672510323e-03,3.3077180851e-03,1.8610760890e-05,1.7342532374e-05
1915,5.5502648827e-04,3.6587147624e-03,3.3006826416e-03,1.8533273760e-05,1.7269938326e-05
1916,5.5373544912e-04,3.6502042785e-03,3.2931617461e-03,1.8450957214e-05,1.7253296392e-05
1917,5.5244979853e-04,3.6417293159e-03,3.2863174565e-03,1.8376471417e-05,1.7164715246e-05
1918,5.5116824070e-04,3.6332813324e-03,3.2787367236e-03,1.8293303583e-05,1.7161157302e-05
1919,5.4989159240e-04,3.6248657125e-03,3.2720109448e-03,1.8220480342e-05,1.7064996428e-05
1920,5.4861934148e-04,3.6164790799e-03,3.2644397579e-03,1.8137667212e-05,1.7066264263e-05
1921,5.4735209060e-04,3.6081254075e-03,3.2577838283e-03,1.8065542463e-05,1.6968615455e-05
1922,5.4608827463e-04,3.5997943778e-03,3.2502836548e-03,1.7983475118e-05,1.6967596821e-05
1923,5.4482881632e-04,3.5914920736e-03,3.2436209731e-03,1.7911541363e-05,1.6875568690e-05
1924,5.4357494303e-04,3.5832265858e-03,3.2362288330e-03,1.7831247533e-05,1.6868527382e-05
1925,5.4232494616e-04,3.5749866511e-03,3.2295389101e-03,1.7759575712e-05,1.6785197658e-05
1926,5.4107912371e-04,3.5667742341e-03,3.2222655136e-03,1.7680969904e-05,1.6769901777e-05
1927,5.3983831455e-04,3.5585948644e-03,3.2155478839e-03,1.7608337657e-05,1.6696360035e-05
1928,5.3860091822e-04,3.5504379921e-03,3.2084109262e-03,1.7531538106e-05,1.6671168851e-05
1929,5.3736760802e-04,3.5423080553e-03,3.2016378827e-03,1.7458651200e-05,1.6608366423e-05
1930,5.3613879233e-04,3.5342077463e-03,3.1946382951e-03,1.7383206796e-05,1.6573738321e-05
1931,5.3491571400e-04,3.5261452576e-03,3.1878505833e-03,1.7310483599e-05,1.6518983102e-05
1932,5.3369473502e-04,3.5180966079e-03,3.1809415668e-03,1.7236350686e-05,1.6479152691e-05
1933,5.3247986426e-04,3.5100882233e-03,3.1741405837e-03,1.7164033125e-05,1.6430731193e-05
1934,5.3126822973e-04,3.5021011718e-03,3.1673416961e-03,1.7091404516e-05,1.6384543414e-05
1935,5.3006035019e-04,3.4941388731e-03,3.1605232507e-03,1.7018535800e-05,1.6343026800e-05
1936,5.2885706893e-04,3.4862068860e-03,3.1538174953e-03,1.6947138647e-05,1.6291800421e-05
1937,5.2765803715e-04,3.4783029114e-03,3.1470181420e-03,1.6874508219e-05,1.6253969079e-05
1938,5.2646365662e-04,3.4704295977e-03,3.1403712928e-03,1.6804266124e-05,1.6201563994e-05
1939,5.2527187876e-04,3.4625734406e-03,3.1335935928e-03,1.6732186850e-05,1.6165799025e-05
1940,5.2408617380e-04,3.4547573159e-03,3.1270117033e-03,1.6662608687e-05,1.6111951481e-05
1941,5.2290344679e-04,3.4469608217e-03,3.1202631071e-03,1.6591246094e-05,1.6078523913e-05
1942,5.2172500458e-04,3.4391925728e-03,3.1137466431e-03,1.6522360966e-05,1.6022231648e-05
1943,5.2055025997e-04,3.4314486984e-03,3.1070108525e-03,1.6451282136e-05,1.5992502085e-05
1944,5.1937934762e-04,3.4237300861e-03,3.1005630735e-03,1.6383637558e-05,1.5933062969e-05
1945,5.1821241323e-04,3.4160376963e-03,3.0938386917e-03,1.6312655134e-05,1.5907246052e-05
1946,5.1705093142e-04,3.4083812498e-03,3.0874770600e-03,1.6246203813e-05,1.5844216250e-05
1947,5.1589157546e-04,3.4007388167e-03,3.0807470903e-03,1.6175365090e-05,1.5823807189e-05
1948,5.1473772727e-04,3.3931326907e-03,3.0744904652e-03,1.6110365323e-05,1.5753856133e-05
1949,5.1358672899e-04,3.3855453512e-03,3.0677218456e-03,1.6039144612e-05,1.5743205950e-05
1950,5.1243924729e-04,3.3779811929e-03,3.0615897849e-03,1.5975618226e-05,1.5663523300e-05
1951,5.1129693562e-04,3.3704511152e-03,3.0547745991e-03,1.5904190150e-05,1.5663461454e-05
1952,5.1015813391e-04,3.3629441750e-03,3.0487780459e-03,1.5842424546e-05,1.5574189092e-05
1953,5.0902249999e-04,3.3554581169e-03,3.0418944079e-03,1.5770287064e-05,1.5586083464e-05
1954,5.0789104712e-04,3.3479996200e-03,3.0360734090e-03,1.5710544176e-05,1.5482077288e-05
1955,5.0676349274e-04,3.3405668219e-03,3.0290638097e-03,1.5637142496e-05,1.5513160179e-05
1956,5.0564002228e-04,3.3331609447e-03,3.0235014856e-03,1.5580753825e-05,1.5385192455e-05
1957,5.0452055847e-04,3.3257814794e-03,3.0162527692e-03,1.5504643670e-05,1.5448227714e-05
1958,5.0340355605e-04,3.3184182394e-03,3.0110795051e-03,1.5452744265e-05,1.5281129890e-05
1959,5.0229134175e-04,3.3110865625e-03,3.0034212396e-03,1.5372290363e-05,1.5394241927e-05
1960,5.0118331292e-04,3.3037824760e-03,2.9988579918e-03,1.5327723304e-05,1.5164725482e-05
1961,5.0007895961e-04,3.2965026185e-03,2.9905203264e-03,1.5239316781e-05,1.5358911696e-05
1962,4.9897868580e-04,3.2892496529e-03,2.9869109858e-03,1.5205919226e-05,1.5027947484e-05
1963,4.9788324868e-04,3.2820285705e-03,2.9774550349e-03,1.5104628801e-05,1.5352725313e-05
1964,4.9679328180e-04,3.2748435478e-03,2.9753525741e-03,1.5089359295e-05,1.4859737348e-05
1965,4.9570771230e-04,3.2676875126e-03,2.9640640132e-03,1.4967035895e-05,1.5395313312e-05
1966,4.9463063074e-04,3.2605874294e-03,2.9643960297e-03,1.4979940715e-05,1.4639198525e-05
1967,4.9356287596e-04,3.2535488281e-03,2.9500667006e-03,1.4822759113e-05,1.5525454728e-05
1968,4.9250800649e-04,3.2465951663e-03,2.9544273857e-03,1.4882691175e-05,1.4334086700e-05
1969,4.9147546171e-04,3.2397886680e-03,2.9349494725e-03,1.4666699826e-05,1.5817220628e-05
1970,4.9047510703e-04,3.2331943657e-03,2.9461302329e-03,1.4806264517e-05,1.3900148588e-05
1971,4.8952909275e-04,3.2269582734e-03,2.9178387485e-03,1.4489687601e-05,1.6422263798e-05
1972,4.8867320945e-04,3.2213163213e-03,2.9407083057e-03,1.4767149878e-05,1.3293652046e-05
1973,4.8797896983e-04,3.2167399186e-03,2.8971221764e-03,1.4277843547e-05,1.7683931219e-05
1974,4.8755275225e-04,3.2139303075e-03,2.9404326342e-03,1.4799476958e-05,1.2550291103e-05
1975,4.8762212147e-04,3.2143875869e-03,2.8699615505e-03,1.4011234271e-05,2.0431369194e-05
1976,4.8852387932e-04,3.2203319424e-03,2.9494639020e-03,1.4974527403e-05,1.2112276636e-05
1977,4.9102119534e-04,3.2367941603e-03,2.8313079383e-03,1.3672951354e-05,2.6875670301e-05
1978,4.9609829604e-04,3.2702622266e-03,2.9755739961e-03,1.5462692318e-05,1.4006131096e-05
1979,5.0636305242e-04,3.3379271335e-03,2.7727291454e-03,1.3295776625e-05,4.3224023102e-05
1980,5.2423581960e-04,3.4557437757e-03,3.0325944535e-03,1.6681577108e-05,2.5633356927e-05
1981,5.5818944323e-04,3.6795648484e-03,2.6828644332e-03,1.3126140402e-05,8.6543899670e-05
1982,6.0962248428e-04,4.0186096157e-03,3.1397396233e-03,1.9621986212e-05,6.8265013397e-05
1983,6.9957625436e-04,4.6115816513e-03,2.5585130788e-03,1.3927379769e-05,1.9137948402e-04
1984,7.9301599967e-04,5.2275331109e-03,3.2893540338e-03,2.5627057767e-05,1.6819084703e-04
1985,9.0950767551e-04,5.9954420722e-03,2.4468656629e-03,1.5940740923e-05,3.3891689964e-04
1986,8.8858248626e-04,5.8575039729e-03,3.3290218562e-03,3.0435876397e-05,2.2241233091e-04
1987,7.8567569522e-04,5.1791460864e-03,2.4887057953e-03,1.4689496311e-05,2.5435452699e-04
1988,5.8191427324e-04,3.8359580794e-03,3.0540830921e-03,2.0464951376e-05,5.7722543715e-05
1989,4.7381969848e-04,3.1234025082e-03,2.7866931632e-03,1.3687057617e-05,1.9983877792e-05
1990,5.1640086877e-04,3.4040960600e-03,2.6861352380e-03,1.3203103663e-05,5.8592977439e-05
1991,6.2506014566e-04,4.1203741275e-03,3.1104492955e-03,1.9991121007e-05,8.1001358922e-05
1992,6.8253628420e-04,4.4992547773e-03,2.5293685030e-03,1.4185594409e-05,1.8280303630e-04
1993,6.0410024090e-04,3.9822071849e-03,3.0548453797e-03,2.2351243388e-05,7.0384936407e-05
1994,4.9878614340e-04,3.2879804203e-03,2.6686501224e-03,1.2914885701e-05,4.9018144637e-05
1995,4.6813330588e-04,3.0859180115e-03,2.7497543488e-03,1.3250652955e-05,2.0365714590e-05
1996,5.2462993317e-04,3.4583417582e-03,2.9645636678e-03,1.5897880075e-05,3.3479929698e-05
1997,5.8155309151e-04,3.8335771824e-03,2.5839766022e-03,1.3643424609e-05,1.1131662905e-04
1998,5.5661716781e-04,3.6692004651e-03,3.0037479009e-03,1.6815534764e-05,4.9729722377e-05
1999,4.9232064294e-04,3.2453600725e-03,2.6587471366e-03,1.2244688151e-05,4.6416604164e-05
