iteration,ratio,objective,residual,left_bc,right_bc
1,1.0000000000e+00,1.4572404216e+01,2.3385540117e-03,1.4376425743e+00,1.9363991916e-02
2,8.8756409587e-01,1.2933942773e+01,2.2272062488e-03,1.2875250578e+00,5.6464751251e-03
3,7.8686680050e-01,1.1466541081e+01,2.1083697211e-03,1.1462414265e+00,2.0189236966e-04
4,6.9824602795e-01,1.0175123362e+01,1.9788292702e-03,1.0143688917e+00,2.9455376789e-03
5,6.2184924239e-01,9.0618385216e+00,1.8340339884e-03,8.9239048958e-01,1.3610007241e-02
6,5.5763260915e-01,8.1260477847e+00,1.6775673721e-03,7.8069305420e-01,3.1743966043e-02
7,5.0535633716e-01,7.3642568183e+00,1.5170765109e-03,6.7954945564e-01,5.6724518538e-02
8,4.6455216851e-01,6.7696419790e+00,1.3582542306e-03,5.8910799026e-01,8.7720379233e-02
9,4.3448442237e-01,6.3314826285e+00,1.2044702889e-03,5.0937992334e-01,1.2364790589e-01
10,4.1411850704e-01,6.0347022781e+00,1.0576018831e-03,4.4022211432e-01,1.6314235330e-01
11,4.0210762766e-01,5.8596748888e+00,9.1882341076e-04,3.8131976128e-01,2.0455585420e-01
12,3.9681868613e-01,5.7826022949e+00,7.8962708358e-04,3.3216443658e-01,2.4601684511e-01
13,3.9642413907e-01,5.7768527956e+00,6.7276670597e-04,2.9203739762e-01,2.8558060527e-01
14,3.9905486587e-01,5.8151888100e+00,5.7212985121e-04,2.6003634930e-01,3.2142531872e-01
15,4.0297183486e-01,5.8722684653e+00,4.9188453704e-04,2.3515266180e-01,3.5202497244e-01
16,4.0671473246e-01,5.9268114821e+00,4.3585459935e-04,2.1636497974e-01,3.7627258897e-01
17,4.0919931047e-01,5.9630177573e+00,4.0727408486e-04,2.0272028446e-01,3.9354076982e-01
18,4.0975011196e-01,5.9710442592e+00,4.0872584214e-04,1.9338995218e-01,4.0367358923e-01
19,4.0807586650e-01,5.9466464776e+00,4.4217289542e-04,1.8769504130e-01,4.0692541003e-01
20,4.0420577828e-01,5.8902499876e+00,5.0904368982e-04,1.8510365486e-01,4.0387043357e-01
21,3.9840733608e-01,5.8057527441e+00,6.1034143437e-04,1.8520908058e-01,3.9530515671e-01
22,3.9110178377e-01,5.6992932829e+00,7.4675405631e-04,1.8769679964e-01,3.8215786219e-01
23,3.8278763132e-01,5.5781360926e+00,9.1875216458e-04,1.9230926037e-01,3.6541247368e-01
24,3.7397623068e-01,5.4497328007e+00,1.1266672518e-03,1.9881282747e-01,3.4604778886e-01
25,3.6514224693e-01,5.3210004187e+00,1.3707495527e-03,2.0697063208e-01,3.2499232888e-01
26,3.5668772458e-01,5.1977977016e+00,1.6512133880e-03,2.1652273834e-01,3.0309191346e-01
27,3.4891947089e-01,5.0845955687e+00,1.9682722632e-03,2.2717401385e-01,2.8108870983e-01
28,3.4203767840e-01,4.9843113068e+00,2.3221615702e-03,2.3859007657e-01,2.5960883498e-01
29,3.3613560698e-01,4.8983039365e+00,2.7131543029e-03,2.5040030479e-01,2.3915877938e-01
30,3.3120725717e-01,4.8264860308e+00,3.1415617559e-03,2.6220729947e-01,2.2012715042e-01
31,3.2716274929e-01,4.7675478272e+00,3.6077313125e-03,2.7360162139e-01,2.0279239118e-01
32,3.2384811947e-01,4.7192457016e+00,4.1120345704e-03,2.8417977691e-01,1.8733358383e-01
33,3.2106884623e-01,4.6787450085e+00,4.6548615210e-03,2.9356431961e-01,1.7384469509e-01
34,3.1861363895e-01,4.6429667356e+00,5.2366140299e-03,3.0142354965e-01,1.6234946251e-01
35,3.1627660778e-01,4.6089105727e+00,5.8577181771e-03,3.0748847127e-01,1.5281681716e-01
36,3.1387634148e-01,4.5739329220e+00,6.5186382271e-03,3.1156611443e-01,1.4517530799e-01
37,3.1126998018e-01,4.5359519715e+00,7.2199101560e-03,3.1354781985e-01,1.3932538033e-01
38,3.0836109542e-01,4.4935625270e+00,7.9621747136e-03,3.1341081858e-01,1.3514922559e-01
39,3.0510259709e-01,4.4460783722e+00,8.7462188676e-03,3.1121557951e-01,1.3251762092e-01
40,3.0149309645e-01,4.3934792699e+00,9.5730246976e-03,3.0709698796e-01,1.3129363954e-01
41,2.9757050455e-01,4.3363176752e+00,1.0443823412e-02,3.0125331879e-01,1.3133406639e-01
42,2.9340152318e-01,4.2755655935e+00,1.1360137723e-02,2.9393193126e-01,1.3248860836e-01
43,2.8907007406e-01,4.2124459660e+00,1.2323847972e-02,2.8541401029e-01,1.3459821045e-01
44,2.8466548055e-01,4.1482604491e+00,1.3337229379e-02,2.7599933743e-01,1.3749298453e-01
45,2.8027145278e-01,4.0842289003e+00,1.4403012581e-02,2.6599162817e-01,1.4099094272e-01
46,2.7595711512e-01,4.0213586278e+00,1.5524405986e-02,2.5568565726e-01,1.4489775896e-01
47,2.7177068510e-01,3.9603522774e+00,1.6705131158e-02,2.4535582960e-01,1.4900889993e-01
48,2.6773625802e-01,3.9015609752e+00,1.7949415371e-02,2.3524779081e-01,1.5311335027e-01
49,2.6385347803e-01,3.8449795358e+00,1.9261967391e-02,2.2557191551e-01,1.5699984133e-01
50,2.6010085629e-01,3.7902948149e+00,2.0647931844e-02,2.1649987996e-01,1.6046480834e-01
51,2.5644071540e-01,3.7369577624e+00,2.2112820297e-02,2.0816303790e-01,1.6332145035e-01
52,2.5282621509e-01,3.6842858028e+00,2.3662371561e-02,2.0065319538e-01,1.6540914774e-01
53,2.4920862562e-01,3.6315688267e+00,2.5302447379e-02,1.9402462244e-01,1.6660201550e-01
54,2.4554433710e-01,3.5781713333e+00,2.7038892731e-02,1.8829715252e-01,1.6681608558e-01
55,2.4180029707e-01,3.5236116685e+00,2.8877381235e-02,1.8346007168e-01,1.6601336002e-01
56,2.3795740511e-01,3.4676114935e+00,3.0823292211e-02,1.7947559059e-01,1.6420322657e-01
57,2.3401152856e-01,3.4101105854e+00,3.2881610096e-02,1.7628237605e-01,1.6144052148e-01
58,2.2997245727e-01,3.3512516059e+00,3.5056833178e-02,1.7379888892e-01,1.5782058239e-01
59,2.2586043218e-01,3.2913295142e+00,3.7352930754e-02,1.7192581296e-01,1.5347185731e-01
60,2.2170208614e-01,3.2307324149e+00,3.9773318917e-02,1.7054902017e-01,1.4854688942e-01
61,2.1752542196e-01,3.1698683761e+00,4.2320873588e-02,1.6954223812e-01,1.4321251214e-01
62,2.1335516207e-01,3.1090976633e+00,4.4997993857e-02,1.6877031326e-01,1.3763965666e-01
63,2.0920948683e-01,3.0486852080e+00,4.7806635499e-02,1.6809344292e-01,1.3199441135e-01
64,2.0509759800e-01,2.9887651019e+00,5.0748448819e-02,1.6737195849e-01,1.2642970681e-01
65,2.0101959248e-01,2.9293387569e+00,5.3824845701e-02,1.6647221148e-01,1.2107917666e-01
66,1.9696750399e-01,2.8702900857e+00,5.7037159801e-02,1.6527280211e-01,1.1605247855e-01
67,1.9292787771e-01,2.8114230186e+00,6.0386732221e-02,1.6367094219e-01,1.1143268645e-01
68,1.8888515153e-01,2.7525107786e+00,6.3875071704e-02,1.6158819199e-01,1.0727537423e-01
69,1.8482489254e-01,2.6933430433e+00,6.7503929138e-02,1.5897485614e-01,1.0360904783e-01
70,1.8073671510e-01,2.6337684691e+00,7.1275502443e-02,1.5581241250e-01,1.0043688864e-01
71,1.7661622424e-01,2.5737230107e+00,7.5192503631e-02,1.5211401880e-01,9.7739025950e-02
72,1.7246540577e-01,2.5132356063e+00,7.9258300364e-02,1.4792238176e-01,9.5475345850e-02
73,1.6829212422e-01,2.4524208605e+00,8.3477050066e-02,1.4330580831e-01,9.3588575721e-02
74,1.6410841204e-01,2.3914541155e+00,8.7853804231e-02,1.3835254312e-01,9.2007495463e-02
75,1.5992810907e-01,2.3305370510e+00,9.2394560575e-02,1.3316379488e-01,9.0650454164e-02
76,1.5576459962e-01,2.2698647082e+00,9.7106248140e-02,1.2784659863e-01,8.9429244399e-02
77,1.5162890840e-01,2.2095977440e+00,1.0199669749e-01,1.2250663340e-01,8.8253475726e-02
78,1.4752841370e-01,2.1498436779e+00,1.0707436502e-01,1.1724179983e-01,8.7035134435e-02
79,1.4346673131e-01,2.0906552002e+00,1.1234807223e-01,1.1213696748e-01,8.5693739355e-02
80,1.3944437095e-01,2.0320397392e+00,1.1782667786e-01,1.0726013780e-01,8.4161177278e-02
81,1.3546007489e-01,1.9739789665e+00,1.2351837754e-01,1.0265994817e-01,8.2386106253e-02
82,1.3151252709e-01,1.9164537042e+00,1.2943039834e-01,9.8364911973e-02,8.0337420106e-02
83,1.2760183031e-01,1.8594654500e+00,1.3556835055e-01,9.4383552670e-02,7.8006163239e-02
84,1.2373061663e-01,1.8030525595e+00,1.4193572104e-01,9.0705975890e-02,7.5405701995e-02
85,1.1990420029e-01,1.7472924739e+00,1.4853353798e-01,8.7306022644e-02,7.2569869459e-02
86,1.1613029856e-01,1.6922976524e+00,1.5536011755e-01,8.4144249558e-02,6.9549508393e-02
87,1.1241781077e-01,1.6381977797e+00,1.6241109371e-01,8.1171236932e-02,6.6407427192e-02
88,1.0877563320e-01,1.5851224959e+00,1.6967931390e-01,7.8331694007e-02,6.3212618232e-02
89,1.0521146164e-01,1.5331839472e+00,1.7715539038e-01,7.5568556786e-02,6.0034301132e-02
90,1.0173101833e-01,1.4824655205e+00,1.8482793868e-01,7.2827383876e-02,5.6936372072e-02
91,9.8337900651e-02,1.4330196381e+00,1.9268411398e-01,7.0060700178e-02,5.3972855210e-02
92,9.5034101559e-02,1.3848753422e+00,2.0071022213e-01,6.7231833935e-02,5.1184676588e-02
93,9.1820779620e-02,1.3380495161e+00,2.0889239013e-01,6.4317844808e-02,4.8597864807e-02
94,8.8699343923e-02,1.2925626934e+00,2.1721699834e-01,6.1311312020e-02,4.6223260462e-02
95,8.5672108519e-02,1.2484485954e+00,2.2567127645e-01,5.8220457286e-02,4.4057272375e-02
96,8.2742678958e-02,1.2057597637e+00,2.3424354196e-01,5.5067807436e-02,4.2083814740e-02
97,7.9915724249e-02,1.1645642370e+00,2.4292363226e-01,5.1887329668e-02,4.0276732296e-02
98,7.7196340833e-02,1.1249362826e+00,2.5170260668e-01,4.8720501363e-02,3.8602866232e-02
99,7.4589292817e-02,1.0869453251e+00,2.6057267189e-01,4.5611858368e-02,3.7025406957e-02
100,7.2098217449e-02,1.0506443679e+00,2.6952672005e-01,4.2604461312e-02,3.5507302731e-02
101,6.9725286645e-02,1.0160650611e+00,2.7855756879e-01,3.9736028761e-02,3.4014720470e-02
102,6.7471171207e-02,9.8321717978e-01,2.8765702248e-01,3.7035882473e-02,3.2520134002e-02
103,6.5335378260e-02,9.5209354162e-01,2.9681506753e-01,3.4523073584e-02,3.1004773453e-02
104,6.3316930235e-02,9.2267990112e-01,3.0601894855e-01,3.2205902040e-02,2.9460191727e-02
105,6.1414741175e-02,8.9496043324e-01,3.1525248289e-01,3.0082203448e-02,2.7888592333e-02
106,5.9627995076e-02,8.6892324686e-01,3.2449567318e-01,2.8140868992e-02,2.6301888749e-02
107,5.7956051816e-02,8.4455901384e-01,3.3372482657e-01,2.6363827288e-02,2.4719592184e-02
108,5.6398112775e-02,8.2185609639e-01,3.4291270375e-01,2.4728531018e-02,2.3165808991e-02
109,5.4952838398e-02,8.0079497397e-01,3.5202968121e-01,2.3210566491e-02,2.1665962413e-02
110,5.3617937129e-02,7.8134225309e-01,3.6104473472e-01,2.1786250174e-02,2.0243501291e-02
111,5.2390130640e-02,7.6345016062e-01,3.6992663145e-01,2.0435046405e-02,1.8917305395e-02
112,5.1265290854e-02,7.4705854058e-01,3.7864553928e-01,1.9141364843e-02,1.7699936405e-02
113,5.0238776370e-02,7.3209975660e-01,3.8717383146e-01,1.7895735800e-02,1.6596857458e-02
114,4.9305842510e-02,7.1850466728e-01,3.9548757672e-01,1.6695076600e-02,1.5606632456e-02
115,4.8461870369e-02,7.0620596409e-01,4.0356677771e-01,1.5542134643e-02,1.4721784741e-02
116,4.7702419989e-02,6.9513894618e-01,4.1139572859e-01,1.4444097877e-02,1.3930223882e-02
117,4.7023037099e-02,6.8523870409e-01,4.1896265745e-01,1.3410644606e-02,1.3216961175e-02
118,4.6419099726e-02,6.7643788457e-01,4.2625933886e-01,1.2451931834e-02,1.2565922923e-02
119,4.5885589145e-02,6.6866335273e-01,4.3328002095e-01,1.1576601304e-02,1.1961732060e-02
120,4.5417149697e-02,6.6183706373e-01,4.4002044201e-01,1.0790401138e-02,1.1391261593e-02
121,4.5008169570e-02,6.5587724000e-01,4.4647634029e-01,1.0095249861e-02,1.0844839737e-02
122,4.4653097285e-02,6.5070298314e-01,4.5264315605e-01,9.4890650362e-03,1.0316917673e-02
123,4.4346640070e-02,6.4623716474e-01,4.5851507783e-01,8.9660761878e-03,9.8061319441e-03
124,4.4083855892e-02,6.4240776747e-01,4.6408474445e-01,8.5175456479e-03,9.3147568405e-03
125,4.3860182599e-02,6.3914830983e-01,4.6934416890e-01,8.1327566877e-03,8.8476575911e-03
126,4.3671292714e-02,6.3639573008e-01,4.7428491712e-01,7.8001059592e-03,8.4109753370e-03
127,4.3512979426e-02,6.3408872485e-01,4.7889903188e-01,7.5081982650e-03,8.0107711256e-03
128,4.3381160674e-02,6.3216780871e-01,4.8318073153e-01,7.2468207218e-03,7.6518873684e-03
129,4.3271888353e-02,6.3057544827e-01,4.8712682724e-01,7.0077343844e-03,7.3371273465e-03
130,4.3181493005e-02,6.2925817072e-01,4.9073791504e-01,6.7851492204e-03,7.0668761618e-03
131,4.3106653354e-02,6.2816757709e-01,4.9401840568e-01,6.5758200362e-03,6.8390974775e-03
132,4.3044503165e-02,6.2726189941e-01,4.9697691202e-01,6.3788453117e-03,6.6496534273e-03
133,4.2992556082e-02,6.2650490552e-01,4.9962556362e-01,6.1951018870e-03,6.4928322099e-03
134,4.2948640188e-02,6.2586494535e-01,5.0197923183e-01,6.0265264474e-03,6.3620451838e-03
135,4.2910828977e-02,6.2531394511e-01,5.0405460596e-01,5.8753774501e-03,6.2505565584e-03
136,4.2877391002e-02,6.2482667342e-01,5.0586915016e-01,5.7435398921e-03,6.1522121541e-03
137,4.2846788586e-02,6.2438072264e-01,5.0743997097e-01,5.6320149451e-03,6.0620601289e-03
138,4.2817710296e-02,6.2395698205e-01,5.0878262520e-01,5.5406708270e-03,5.9767649509e-03
139,4.2789136895e-02,6.2354059890e-01,5.0991147757e-01,5.4681445472e-03,5.8947675861e-03
140,4.2760296350e-02,6.2312032282e-01,5.1083856821e-01,5.4119890556e-03,5.8161863126e-03
141,4.2730657697e-02,6.2268841639e-01,5.1157456636e-01,5.3689512424e-03,5.7424334809e-03
142,4.2699847701e-02,6.2223944068e-01,5.1212882996e-01,5.3353318945e-03,5.6757293642e-03
143,4.2667609956e-02,6.2176965922e-01,5.1251024008e-01,5.3074522875e-03,5.6184893474e-03
144,4.2633782129e-02,6.2127670646e-01,5.1272809505e-01,5.2820639685e-03,5.5727972649e-03
145,4.2598246883e-02,6.2075887248e-01,5.1279199123e-01,5.2567091770e-03,5.5399788544e-03
146,4.2561002427e-02,6.2021613121e-01,5.1271301508e-01,5.2299471572e-03,5.5203647353e-03
147,4.2522133889e-02,6.1964972317e-01,5.1250338554e-01,5.2014281973e-03,5.5132051930e-03
148,4.2481804113e-02,6.1906202137e-01,5.1217651367e-01,5.1717651077e-03,5.5167856626e-03
149,4.2440220934e-02,6.1845605448e-01,5.1174634695e-01,5.1423031837e-03,5.5286674760e-03
150,4.2397615195e-02,6.1783518642e-01,5.1122719049e-01,5.1147644408e-03,5.5460352451e-03
151,4.2354215437e-02,6.1720274761e-01,5.1063275337e-01,5.0909072161e-03,5.5660922080e-03
152,4.2310233587e-02,6.1656182632e-01,5.0997585058e-01,5.0721685402e-03,5.5864290334e-03
153,4.2265859841e-02,6.1591519415e-01,5.0926756859e-01,5.0594341010e-03,5.6053283624e-03
154,4.2221301779e-02,6.1526587605e-01,5.0851750374e-01,5.0529078580e-03,5.6219296530e-03
155,4.2176757521e-02,6.1461675912e-01,5.0773340464e-01,5.0520980731e-03,5.6362375617e-03
156,4.2132421865e-02,6.1397068202e-01,5.0692141056e-01,5.0559360534e-03,5.6489910930e-03
157,4.2088463023e-02,6.1333009601e-01,5.0608646870e-01,5.0629400648e-03,5.6614228524e-03
158,4.2045017506e-02,6.1269699037e-01,5.0523263216e-01,5.0714798272e-03,5.6749559008e-03
159,4.2002207510e-02,6.1207314581e-01,5.0436383486e-01,5.0800512545e-03,5.6908796541e-03
160,4.1960107938e-02,6.1145965382e-01,5.0348389149e-01,5.0874603912e-03,5.7101156563e-03
161,4.1918774263e-02,6.1085732281e-01,5.0259703398e-01,5.0930050202e-03,5.7330238633e-03
162,4.1878257614e-02,6.1026689783e-01,5.0170803070e-01,5.0965202972e-03,5.7593663223e-03
163,4.1838582277e-02,6.0968873277e-01,5.0082182884e-01,5.0983452238e-03,5.7883453555e-03
164,4.1799768958e-02,6.0912312940e-01,4.9994385242e-01,5.0991824828e-03,5.8187451214e-03
165,4.1761817912e-02,6.0857009143e-01,4.9907922745e-01,5.0999247469e-03,5.8491616510e-03
166,4.1724709712e-02,6.0802933574e-01,4.9823284149e-01,5.1014469936e-03,5.8782026172e-03
167,4.1688408057e-02,6.0750033334e-01,4.9740874767e-01,5.1044491120e-03,5.9047094546e-03
168,4.1652877667e-02,6.0698257014e-01,4.9661013484e-01,5.1093013026e-03,5.9279422276e-03
169,4.1618060514e-02,6.0647520050e-01,4.9583926797e-01,5.1159695722e-03,5.9476238675e-03
170,4.1583920295e-02,6.0597769544e-01,4.9509739876e-01,5.1240813918e-03,5.9639485553e-03
171,4.1550402815e-02,6.0548926517e-01,4.9438506365e-01,5.1329443231e-03,5.9774760157e-03
172,4.1517459759e-02,6.0500920564e-01,4.9370211363e-01,5.1417024806e-03,5.9890067205e-03
173,4.1485041020e-02,6.0453678668e-01,4.9304816127e-01,5.1494906656e-03,5.9993718751e-03
174,4.1453083456e-02,6.0407108814e-01,4.9242261052e-01,5.1555503160e-03,6.0092974454e-03
175,4.1421540285e-02,6.0361142829e-01,4.9182525277e-01,5.1593626849e-03,6.0192546807e-03
176,4.1390364468e-02,6.0315712169e-01,4.9125599861e-01,5.1607084461e-03,6.0294037685e-03
177,4.1359509224e-02,6.0270748660e-01,4.9071511626e-01,5.1596630365e-03,6.0395738110e-03
178,4.1328939274e-02,6.0226200894e-01,4.9020302296e-01,5.1565710455e-03,6.0493275523e-03
179,4.1298610393e-02,6.0182004422e-01,4.8972025514e-01,5.1519172266e-03,6.0580619611e-03
180,4.1268498295e-02,6.0138123855e-01,4.8926723003e-01,5.1462645642e-03,6.0651362874e-03
181,4.1238572814e-02,6.0094515234e-01,4.8884430528e-01,5.1400964148e-03,6.0699884780e-03
182,4.1208798671e-02,6.0051127151e-01,4.8845112324e-01,5.1337736659e-03,6.0722408816e-03
183,4.1179163853e-02,6.0007942095e-01,4.8808720708e-01,5.1274565049e-03,6.0717649758e-03
184,4.1149649185e-02,5.9964932129e-01,4.8775139451e-01,5.1210955717e-03,6.0686971992e-03
185,4.1120242142e-02,5.9922078997e-01,4.8744228482e-01,5.1144715399e-03,6.0633788817e-03
186,4.1090931220e-02,5.9879365936e-01,4.8715797067e-01,5.1072542556e-03,6.0563147999e-03
187,4.1061702102e-02,5.9836772084e-01,4.8689654469e-01,5.0990758464e-03,6.0480413958e-03
188,4.1032561436e-02,5.9794307128e-01,4.8665615916e-01,5.0896238536e-03,6.0390671715e-03
189,4.1003491327e-02,5.9751944989e-01,4.8643490672e-01,5.0786864012e-03,6.0297679156e-03
190,4.0974498420e-02,5.9709695354e-01,4.8623129725e-01,5.0662090071e-03,6.0203569010e-03
191,4.0945572492e-02,5.9667543322e-01,4.8604390025e-01,5.0522922538e-03,6.0108611360e-03
192,4.0916723000e-02,5.9625502676e-01,4.8587167263e-01,5.0371889956e-03,6.0011465102e-03
193,4.0887946621e-02,5.9583568573e-01,4.8571369052e-01,5.0212196074e-03,5.9909797274e-03
194,4.0859240287e-02,5.9541736543e-01,4.8556891084e-01,5.0047468394e-03,5.9800986201e-03
195,4.0830608600e-02,5.9500013292e-01,4.8543640971e-01,4.9881036393e-03,5.9682684951e-03
196,4.0802057184e-02,5.9458407015e-01,4.8531520367e-01,4.9715451896e-03,5.9553412721e-03
197,4.0773582461e-02,5.9416912496e-01,4.8520407081e-01,4.9552083947e-03,5.9412969276e-03
198,4.0745185196e-02,5.9375530854e-01,4.8510167003e-01,4.9391277134e-03,5.9262360446e-03
199,4.0716865134e-02,5.9334261715e-01,4.8500636220e-01,4.9232346937e-03,5.9103905223e-03
200,4.0688635569e-02,5.9293124452e-01,4.8491671681e-01,4.9074031413e-03,5.8940495364e-03
201,4.0660482441e-02,5.9252098575e-01,4.8483109474e-01,4.8914714716e-03,5.8775176294e-03
202,4.0632413673e-02,5.9211195633e-01,4.8474806547e-01,4.8753130250e-03,5.8610760607e-03
203,4.0604424665e-02,5.9170408919e-01,4.8466631770e-01,4.8588546924e-03,5.8449222706e-03
204,4.0576523087e-02,5.9129749611e-01,4.8458483815e-01,4.8420946114e-03,5.8291712776e-03
205,4.0548694877e-02,5.9089197218e-01,4.8450264335e-01,4.8251091503e-03,5.8138235472e-03
206,4.0520955374e-02,5.9048774093e-01,4.8441916704e-01,4.8080333509e-03,5.7988241315e-03
207,4.0493289239e-02,5.9008457884e-01,4.8433375359e-01,4.7910460271e-03,5.7840365916e-03
208,4.0465704399e-02,5.8968260139e-01,4.8424610496e-01,4.7743306495e-03,5.7693189010e-03
209,4.0438195994e-02,5.8928173780e-01,4.8415574431e-01,4.7580478713e-03,5.7545513846e-03
210,4.0410757635e-02,5.8888189495e-01,4.8406228423e-01,4.7422959469e-03,5.7396651246e-03
211,4.0383399547e-02,5.8848322183e-01,4.8396539688e-01,4.7271340154e-03,5.7246484794e-03
212,4.0356105880e-02,5.8808548748e-01,4.8386451602e-01,4.7125392593e-03,5.7095577940e-03
213,4.0328884304e-02,5.8768880367e-01,4.8375916481e-01,4.6984544024e-03,5.6945094839e-03
214,4.0301726382e-02,5.8729304746e-01,4.8364895582e-01,4.6847797930e-03,5.6796292774e-03
215,4.0274634416e-02,5.8689825237e-01,4.8353338242e-01,4.6714255586e-03,5.6650615297e-03
216,4.0247607126e-02,5.8650439978e-01,4.8341223598e-01,4.6582994983e-03,5.6509166025e-03
217,4.0220639145e-02,5.8611141145e-01,4.8328527808e-01,4.6453569084e-03,5.6372564286e-03
218,4.0193733028e-02,5.8571932465e-01,4.8315250874e-01,4.6325880103e-03,5.6240935810e-03
219,4.0166881363e-02,5.8532803133e-01,4.8301392794e-01,4.6200300567e-03,5.6113800965e-03
220,4.0140086450e-02,5.8493756503e-01,4.8286977410e-01,4.6077282168e-03,5.5990507826e-03
221,4.0113348034e-02,5.8454792202e-01,4.8272034526e-01,4.5957537368e-03,5.5870041251e-03
222,4.0086664069e-02,5.8415907249e-01,4.8256587982e-01,4.5841741376e-03,5.5751451291e-03
223,4.0060029953e-02,5.8377094939e-01,4.8240661621e-01,4.5730369166e-03,5.5633964948e-03
224,4.0033447988e-02,5.8338358626e-01,4.8224285245e-01,4.5623551123e-03,5.5517181754e-03
225,4.0006918174e-02,5.8299698308e-01,4.8207485676e-01,4.5521138236e-03,5.5400985293e-03
226,3.9980437698e-02,5.8261109889e-01,4.8190280795e-01,4.5422567055e-03,5.5285720155e-03
227,3.9954000426e-02,5.8222584426e-01,4.8172679543e-01,4.5327274129e-03,5.5171772838e-03
228,3.9927614537e-02,5.8184133843e-01,4.8154708743e-01,4.5234528370e-03,5.5059725419e-03
229,3.9901280287e-02,5.8145758510e-01,4.8136386275e-01,4.5143682510e-03,5.4950038902e-03
230,3.9874983106e-02,5.8107437193e-01,4.8117724061e-01,4.5054145157e-03,5.4842988029e-03
231,3.9848731684e-02,5.8069182560e-01,4.8098754883e-01,4.4965697452e-03,5.4738577455e-03
232,3.9822534201e-02,5.8031006530e-01,4.8079517484e-01,4.4878292829e-03,5.4636597633e-03
233,3.9796374043e-02,5.7992884889e-01,4.8060029745e-01,4.4792103581e-03,5.4536447860e-03
234,3.9770260666e-02,5.7954831421e-01,4.8040339351e-01,4.4707297347e-03,5.4437620565e-03
235,3.9744184869e-02,5.7916832715e-01,4.8020470142e-01,4.4624195434e-03,5.4339431226e-03
236,3.9718158410e-02,5.7878905907e-01,4.8000469804e-01,4.4542923570e-03,5.4241437465e-03
237,3.9692171064e-02,5.7841036096e-01,4.7980353236e-01,4.4463467784e-03,5.4143359885e-03
238,3.9666230244e-02,5.7803234085e-01,4.7960150242e-01,4.4385897927e-03,5.4044937715e-03
239,3.9640327515e-02,5.7765487581e-01,4.7939875722e-01,4.4309808873e-03,5.3946310654e-03
240,3.9614464154e-02,5.7727798447e-01,4.7919541597e-01,4.4234856032e-03,5.3847711533e-03
241,3.9588640418e-02,5.7690167055e-01,4.7899165750e-01,4.4160662219e-03,5.3749349900e-03
242,3.9562861674e-02,5.7652601227e-01,4.7878760099e-01,4.4086878188e-03,5.3651533090e-03
243,3.9537120510e-02,5.7615090162e-01,4.7858330607e-01,4.4013150036e-03,5.3554447368e-03
244,3.9511417947e-02,5.7577635348e-01,4.7837889194e-01,4.3939426541e-03,5.3458036855e-03
245,3.9485758331e-02,5.7540243119e-01,4.7817453742e-01,4.3865623884e-03,5.3362268955e-03
246,3.9460127348e-02,5.7502892613e-01,4.7797021270e-01,4.3791816570e-03,5.3266896866e-03
247,3.9434547492e-02,5.7465616614e-01,4.7776627541e-01,4.3718270026e-03,5.3171617910e-03
248,3.9409001636e-02,5.7428390160e-01,4.7756266594e-01,4.3645054102e-03,5.3076180629e-03
249,3.9383487991e-02,5.7391210645e-01,4.7735947371e-01,4.3572331779e-03,5.2980300970e-03
250,3.9358013203e-02,5.7354087755e-01,4.7715681791e-01,4.3500191532e-03,5.2883867174e-03
251,3.9332579063e-02,5.7317024097e-01,4.7695475817e-01,4.3428647332e-03,5.2786832675e-03
252,3.9307180967e-02,5.7280012965e-01,4.7675323486e-01,4.3357545510e-03,5.2689351141e-03
253,3.9281814315e-02,5.7243047655e-01,4.7655221820e-01,4.3286704458e-03,5.2591552958e-03
254,3.9256491633e-02,5.7206146419e-01,4.7635173798e-01,4.3216086924e-03,5.2493638359e-03
255,3.9231196049e-02,5.7169284672e-01,4.7615164518e-01,4.3145422824e-03,5.2395779639e-03
256,3.9205940856e-02,5.7132481784e-01,4.7595202923e-01,4.3074674904e-03,5.2298111841e-03
257,3.9180722476e-02,5.7095732540e-01,4.7575280070e-01,4.3003810570e-03,5.2200714126e-03
258,3.9155538862e-02,5.7059033960e-01,4.7555398941e-01,4.2932829820e-03,5.2103521302e-03
259,3.9130388481e-02,5.7022383809e-01,4.7535541654e-01,4.2861881666e-03,5.2006538026e-03
260,3.9105275424e-02,5.6985788047e-01,4.7515723109e-01,4.2791129090e-03,5.1909522153e-03
261,3.9080194067e-02,5.6949238479e-01,4.7495934367e-01,4.2720590718e-03,5.1812450401e-03
262,3.9055147476e-02,5.6912739575e-01,4.7476178408e-01,4.2650406249e-03,5.1715206355e-03
263,3.9030137698e-02,5.6876294315e-01,4.7456452250e-01,4.2580715381e-03,5.1617706195e-03
264,3.9005162942e-02,5.6839900091e-01,4.7436740994e-01,4.2511494830e-03,5.1520098932e-03
265,3.8980217841e-02,5.6803549081e-01,4.7417044640e-01,4.2442651466e-03,5.1422393881e-03
266,3.8955305717e-02,5.6767246127e-01,4.7397357225e-01,4.2374120094e-03,5.1324767992e-03
267,3.8930431683e-02,5.6730998680e-01,4.7377681732e-01,4.2305854149e-03,5.1227314398e-03
268,3.8905590883e-02,5.6694799662e-01,4.7358000278e-01,4.2237821035e-03,5.1130172797e-03
269,3.8880787917e-02,5.6658655778e-01,4.7338318825e-01,4.2169950902e-03,5.1033417694e-03
270,3.8856008215e-02,5.6622545794e-01,4.7318616509e-01,4.2102225125e-03,5.0937067717e-03
271,3.8831272994e-02,5.6586500630e-01,4.7298908234e-01,4.2034834623e-03,5.0841090269e-03
272,3.8806564359e-02,5.6550494209e-01,4.7279182076e-01,4.1967649013e-03,5.0745471381e-03
273,3.8781891259e-02,5.6514539570e-01,4.7259441018e-01,4.1900826618e-03,5.0650155172e-03
274,3.8757253692e-02,5.6478636712e-01,4.7239685059e-01,4.1834525764e-03,5.0554992631e-03
275,3.8732647825e-02,5.6442780048e-01,4.7219908237e-01,4.1768634692e-03,5.0460086204e-03
276,3.8708076470e-02,5.6406973675e-01,4.7200104594e-01,4.1703325696e-03,5.0365366042e-03
277,3.8683536813e-02,5.6371213496e-01,4.7180277109e-01,4.1638440453e-03,5.0270920619e-03
278,3.8659027578e-02,5.6335497648e-01,4.7160422802e-01,4.1573988274e-03,5.0176763907e-03
279,3.8634559245e-02,5.6299841404e-01,4.7140544653e-01,4.1510029696e-03,5.0082937814e-03
280,3.8610115965e-02,5.6264221668e-01,4.7120624781e-01,4.1446452960e-03,4.9989512190e-03
281,3.8585708730e-02,5.6228654459e-01,4.7100681067e-01,4.1383141652e-03,4.9896594137e-03
282,3.8561336007e-02,5.6193137541e-01,4.7080698609e-01,4.1320193559e-03,4.9804197624e-03
283,3.8536994216e-02,5.6157665700e-01,4.7060680389e-01,4.1257571429e-03,4.9712280743e-03
284,3.8512690516e-02,5.6122249365e-01,4.7040635347e-01,4.1195317172e-03,4.9620820209e-03
285,3.8488412379e-02,5.6086870283e-01,4.7020545602e-01,4.1133430786e-03,4.9529816024e-03
286,3.8464171566e-02,5.6051545590e-01,4.7000423074e-01,4.1071996093e-03,4.9439230934e-03
287,3.8439962452e-02,5.6016267091e-01,4.6980273724e-01,4.1011008434e-03,4.9348925240e-03
288,3.8415789384e-02,5.5981041119e-01,4.6960094571e-01,4.0950435214e-03,4.9259029329e-03
289,3.8391642646e-02,5.5945853516e-01,4.6939873695e-01,4.0890392847e-03,4.9169408157e-03
290,3.8367535533e-02,5.5910723656e-01,4.6919631958e-01,4.0830718353e-03,4.9080201425e-03
291,3.8343461652e-02,5.5875642225e-01,4.6899360418e-01,4.0771448985e-03,4.8991371877e-03
292,3.8319417938e-02,5.5840604752e-01,4.6879053116e-01,4.0712580085e-03,4.8902938142e-03
293,3.8295408479e-02,5.5805617198e-01,4.6858716011e-01,4.0654023178e-03,4.8814988695e-03
294,3.8271430208e-02,5.5770675093e-01,4.6838352084e-01,4.0595754981e-03,4.8727476969e-03
295,3.8247487727e-02,5.5735785142e-01,4.6817958355e-01,4.0537863970e-03,4.8640402965e-03
296,3.8223575411e-02,5.5700939149e-01,4.6797534823e-01,4.0480224416e-03,4.8553817905e-03
297,3.8199697096e-02,5.5666142702e-01,4.6777081490e-01,4.0422980674e-03,4.8467633314e-03
298,3.8175853803e-02,5.5631397292e-01,4.6756613255e-01,4.0366020985e-03,4.8381821252e-03
299,3.8152047067e-02,5.5596705154e-01,4.6736124158e-01,4.0309452452e-03,4.8296358436e-03
300,3.8128266917e-02,5.5562051758e-01,4.6715602279e-01,4.0253270417e-03,4.8211226240e-03
301,3.8104522046e-02,5.5527449772e-01,4.6695062518e-01,4.0197451599e-03,4.8126420006e-03
302,3.8080809896e-02,5.5492895469e-01,4.6674504876e-01,4.0141986683e-03,4.8041921109e-03
303,3.8057127657e-02,5.5458384752e-01,4.6653923392e-01,4.0086810477e-03,4.7957804054e-03
304,3.8033484019e-02,5.5423930287e-01,4.6633329988e-01,4.0031978860e-03,4.7874026932e-03
305,3.8009872591e-02,5.5389522761e-01,4.6612718701e-01,3.9977408014e-03,4.7790631652e-03
306,3.7986294142e-02,5.5355163291e-01,4.6592092514e-01,3.9923083968e-03,4.7707622871e-03
307,3.7962746369e-02,5.5320848525e-01,4.6571445465e-01,3.9869034663e-03,4.7624995932e-03
308,3.7939234641e-02,5.5286586285e-01,4.6550789475e-01,3.9815232158e-03,4.7542736866e-03
309,3.7915755891e-02,5.5252372101e-01,4.6530121565e-01,3.9761695080e-03,4.7460808419e-03
310,3.7892310118e-02,5.5218205974e-01,4.6509438753e-01,3.9708418772e-03,4.7379252501e-03
311,3.7868900136e-02,5.5184092000e-01,4.6488744020e-01,3.9655514993e-03,4.7297966667e-03
312,3.7845520063e-02,5.5150021613e-01,4.6468040347e-01,3.9602853358e-03,4.7216960229e-03
313,3.7822176802e-02,5.5116004869e-01,4.6447327733e-01,3.9550489746e-03,4.7136279754e-03
314,3.7798864473e-02,5.5082033202e-01,4.6426603198e-01,3.9498400874e-03,4.7055901960e-03
315,3.7775582566e-02,5.5048105866e-01,4.6405869722e-01,3.9446526207e-03,4.6975836158e-03
316,3.7752339005e-02,5.5014234409e-01,4.6385133266e-01,3.9394930936e-03,4.6896082349e-03
317,3.7729131489e-02,5.4980415478e-01,4.6364387870e-01,3.9343601093e-03,4.6816673130e-03
318,3.7705951071e-02,5.4946636036e-01,4.6343633533e-01,3.9292429574e-03,4.6737594530e-03
319,3.7682810021e-02,5.4912913963e-01,4.6322873235e-01,3.9241579361e-03,4.6658827923e-03
320,3.7659697092e-02,5.4879232869e-01,4.6302106977e-01,3.9190915413e-03,4.6580345370e-03
321,3.7636620719e-02,5.4845605046e-01,4.6281331778e-01,3.9140563458e-03,4.6502170153e-03
322,3.7613576557e-02,5.4812024161e-01,4.6260553598e-01,3.9090355858e-03,4.6424348839e-03
323,3.7590565628e-02,5.4778491706e-01,4.6239766479e-01,3.9040434640e-03,4.6346816234e-03
324,3.7567592534e-02,5.4745014384e-01,4.6218976378e-01,3.8990792818e-03,4.6269586310e-03
325,3.7544650628e-02,5.4711582512e-01,4.6198180318e-01,3.8941344246e-03,4.6192677692e-03
326,3.7521742723e-02,5.4678200185e-01,4.6177381277e-01,3.8892154116e-03,4.6116034500e-03
327,3.7498869584e-02,5.4644868523e-01,4.6156579256e-01,3.8843215443e-03,4.6039680019e-03
328,3.7476027889e-02,5.4611582682e-01,4.6135768294e-01,3.8794523571e-03,4.5963618904e-03
329,3.7453224028e-02,5.4578351974e-01,4.6114957333e-01,3.8746080827e-03,4.5887865126e-03
330,3.7430452634e-02,5.4545168579e-01,4.6094140410e-01,3.8697833661e-03,4.5812446624e-03
331,3.7407715240e-02,5.4512034729e-01,4.6073320508e-01,3.8649819326e-03,4.5737321489e-03
332,3.7385010057e-02,5.4478947818e-01,4.6052494645e-01,3.8601988927e-03,4.5662545599e-03
333,3.7362339130e-02,5.4445910826e-01,4.6031665802e-01,3.8554391358e-03,4.5588058420e-03
334,3.7339707059e-02,5.4412930459e-01,4.6010836959e-01,3.8507066201e-03,4.5513869263e-03
335,3.7317104388e-02,5.4379992932e-01,4.5989996195e-01,3.8459959906e-03,4.5440006070e-03
336,3.7294535205e-02,5.4347104207e-01,4.5969152451e-01,3.8413065486e-03,4.5366450213e-03
337,3.7272000789e-02,5.4314266145e-01,4.5948308706e-01,3.8366450462e-03,4.5293122530e-03
338,3.7249503441e-02,5.4281482100e-01,4.5927464962e-01,3.8320031017e-03,4.5220139436e-03
339,3.7227037026e-02,5.4248743132e-01,4.5906612277e-01,3.8273860700e-03,4.5147449709e-03
340,3.7204605378e-02,5.4216054827e-01,4.5885759592e-01,3.8227946497e-03,4.5075006783e-03
341,3.7182208241e-02,5.4183416814e-01,4.5864897966e-01,3.8182295393e-03,4.5002894476e-03
342,3.7159847405e-02,5.4150831699e-01,4.5844042301e-01,3.8136774674e-03,4.4931122102e-03
343,3.7137519802e-02,5.4118295014e-01,4.5823174715e-01,3.8091514725e-03,4.4859689660e-03
344,3.7115224921e-02,5.4085806012e-01,4.5802307129e-01,3.8046459667e-03,4.4788527302e-03
345,3.7092968641e-02,5.4053373262e-01,4.5781442523e-01,3.8001665380e-03,4.4717644341e-03
346,3.7070740994e-02,5.4020982236e-01,4.5760563016e-01,3.7957092281e-03,4.4647101313e-03
347,3.7048552715e-02,5.3988648579e-01,4.5739695430e-01,3.7912684493e-03,4.4576846994e-03
348,3.7026395624e-02,5.3956360370e-01,4.5718815923e-01,3.7868586369e-03,4.4506858103e-03
349,3.7004274834e-02,5.3924125060e-01,4.5697939396e-01,3.7824686151e-03,4.4437171891e-03
350,3.6982184720e-02,5.3891934454e-01,4.5677053928e-01,3.7780986167e-03,4.4367820956e-03
351,3.6960136788e-02,5.3859805316e-01,4.5656177402e-01,3.7737544626e-03,4.4298735447e-03
352,3.6938118765e-02,5.3827719763e-01,4.5635297894e-01,3.7694261409e-03,4.4229957275e-03
353,3.6916131419e-02,5.3795678914e-01,4.5614412427e-01,3.7651192397e-03,4.4161472470e-03
354,3.6894184208e-02,5.3763696551e-01,4.5593532920e-01,3.7608377170e-03,4.4093257748e-03
355,3.6872266396e-02,5.3731757030e-01,4.5572650433e-01,3.7565692328e-03,4.4025373645e-03
356,3.6850387186e-02,5.3699873760e-01,4.5551770926e-01,3.7523340434e-03,4.3957689777e-03
357,3.6828542232e-02,5.3668040410e-01,4.5530894399e-01,3.7481149193e-03,4.3890313245e-03
358,3.6806729744e-02,5.3636254370e-01,4.5510014892e-01,3.7439123262e-03,4.3823271990e-03
359,3.6784955601e-02,5.3604524210e-01,4.5489138365e-01,3.7397358101e-03,4.3756500818e-03
360,3.6763212647e-02,5.3572839499e-01,4.5468264818e-01,3.7355730310e-03,4.3690018356e-03
361,3.6741502159e-02,5.3541202098e-01,4.5447388291e-01,3.7314323708e-03,4.3623810634e-03
362,3.6719832063e-02,5.3509623557e-01,4.5426520705e-01,3.7273161579e-03,4.3557868339e-03
363,3.6698190598e-02,5.3478086740e-01,4.5405653119e-01,3.7232125178e-03,4.3492214754e-03
364,3.6676584922e-02,5.3446602076e-01,4.5384785533e-01,3.7191351876e-03,4.3426812626e-03
365,3.6655018871e-02,5.3415175155e-01,4.5363926888e-01,3.7150813732e-03,4.3361666612e-03
366,3.6633484264e-02,5.3383794054e-01,4.5343068242e-01,3.7110415287e-03,4.3296841905e-03
367,3.6611982378e-02,5.3352460638e-01,4.5322209597e-01,3.7070186809e-03,4.3232324533e-03
368,3.6590516282e-02,5.3321179375e-01,4.5301356912e-01,3.7030135281e-03,4.3168091215e-03
369,3.6569083164e-02,5.3289946169e-01,4.5280510187e-01,3.6990277003e-03,4.3104081415e-03
370,3.6547684046e-02,5.3258762509e-01,4.5259663463e-01,3.6950609647e-03,4.3040378951e-03
371,3.6526324296e-02,5.3227636218e-01,4.5238828659e-01,3.6911175121e-03,4.2976900004e-03
372,3.6505000081e-02,5.3196561709e-01,4.5217999816e-01,3.6871952470e-03,4.2913667858e-03
373,3.6483704497e-02,5.3165528923e-01,4.5197167993e-01,3.6832848564e-03,4.2850761674e-03
374,3.6462444702e-02,5.3134548292e-01,4.5176348090e-01,3.6793907639e-03,4.2788097635e-03
375,3.6441222231e-02,5.3103622049e-01,4.5155531168e-01,3.6755225156e-03,4.2725680396e-03
376,3.6420027370e-02,5.3072736040e-01,4.5134720206e-01,3.6716614850e-03,4.2663542554e-03
377,3.6398874433e-02,5.3041911125e-01,4.5113921165e-01,3.6678211764e-03,4.2601688765e-03
378,3.6377753451e-02,5.3011132777e-01,4.5093122125e-01,3.6640013568e-03,4.2540091090e-03
379,3.6356659567e-02,5.2980393916e-01,4.5072326064e-01,3.6601931788e-03,4.2478749529e-03
380,3.6335612210e-02,5.2949722856e-01,4.5051550865e-01,3.6564106122e-03,4.2417617515e-03
381,3.6314594251e-02,5.2919094637e-01,4.5030775666e-01,3.6526450422e-03,4.2356741615e-03
382,3.6293606713e-02,5.2888510749e-01,4.5010003448e-01,3.6488955375e-03,4.2296117172e-03
383,3.6272659311e-02,5.2857985348e-01,4.4989243150e-01,3.6451625638e-03,4.2235795408e-03
384,3.6251743352e-02,5.2827505767e-01,4.4968491793e-01,3.6414428614e-03,4.2175711133e-03
385,3.6230858326e-02,5.2797071263e-01,4.4947740436e-01,3.6377415527e-03,4.2115892284e-03
386,3.6210011391e-02,5.2766692266e-01,4.4927003980e-01,3.6340532824e-03,4.2056348175e-03
387,3.6189196666e-02,5.2736360207e-01,4.4906276464e-01,3.6303799134e-03,4.1997036897e-03
388,3.6168420542e-02,5.2706084400e-01,4.4885557890e-01,3.6267302930e-03,4.1937963106e-03
389,3.6147676118e-02,5.2675854787e-01,4.4864848256e-01,3.6230944097e-03,4.1879122145e-03
390,3.6126959559e-02,5.2645665780e-01,4.4844141603e-01,3.6194717977e-03,4.1820523329e-03
391,3.6106286458e-02,5.2615540102e-01,4.4823452830e-01,3.6158708390e-03,4.1762166657e-03
392,3.6085636877e-02,5.2585448697e-01,4.4802761078e-01,3.6122777965e-03,4.1704098694e-03
393,3.6065029732e-02,5.2555419132e-01,4.4782090187e-01,3.6087017506e-03,4.1646272875e-03
394,3.6044453007e-02,5.2525433898e-01,4.4761422276e-01,3.6051436327e-03,4.1588679887e-03
395,3.6023907727e-02,5.2495494485e-01,4.4740766287e-01,3.6015964579e-03,4.1531315073e-03
396,3.6003398748e-02,5.2465607971e-01,4.4720122218e-01,3.5980681423e-03,4.1474173777e-03
397,3.5982920189e-02,5.2435765788e-01,4.4699481130e-01,3.5945530981e-03,4.1417316534e-03
398,3.5962481511e-02,5.2405981719e-01,4.4678863883e-01,3.5910543520e-03,4.1360636242e-03
399,3.5942074532e-02,5.2376243845e-01,4.4658249617e-01,3.5875716712e-03,4.1304226033e-03
400,3.5921695929e-02,5.2346547320e-01,4.4637644291e-01,3.5840959754e-03,4.1248071939e-03
401,3.5901353882e-02,5.2316904068e-01,4.4617050886e-01,3.5806363449e-03,4.1192164645e-03
402,3.5881040467e-02,5.2287302539e-01,4.4596466422e-01,3.5771888215e-03,4.1136471555e-03
403,3.5860764887e-02,5.2257756144e-01,4.4575899839e-01,3.5737548023e-03,4.1081015952e-03
404,3.5840528164e-02,5.2228266373e-01,4.4555351138e-01,3.5703368485e-03,4.1025783867e-03
405,3.5820312915e-02,5.2198807895e-01,4.4534796476e-01,3.5669384524e-03,4.0970728733e-03
406,3.5800133967e-02,5.2169402316e-01,4.4514259696e-01,3.5635486711e-03,4.0915939026e-03
407,3.5779995921e-02,5.2140056342e-01,4.4493740797e-01,3.5601756535e-03,4.0861396119e-03
408,3.5759884206e-02,5.2110748738e-01,4.4473230839e-01,3.5568133462e-03,4.0807044134e-03
409,3.5739803168e-02,5.2081485838e-01,4.4452732801e-01,3.5534605850e-03,4.0752924979e-03
410,3.5719757153e-02,5.2052273974e-01,4.4432246685e-01,3.5501222592e-03,4.0699047968e-03
411,3.5699741303e-02,5.2023106068e-01,4.4411772490e-01,3.5467939451e-03,4.0645399131e-03
412,3.5679758686e-02,5.1993986592e-01,4.4391310215e-01,3.5434809979e-03,4.0591955185e-03
413,3.5659813649e-02,5.1964921877e-01,4.4370865822e-01,3.5401841160e-03,4.0538720787e-03
414,3.5639892641e-02,5.1935892180e-01,4.4350427389e-01,3.5368893296e-03,4.0485756472e-03
415,3.5620008702e-02,5.1906916499e-01,4.4330006838e-01,3.5336154979e-03,4.0432941169e-03
416,3.5600156206e-02,5.1877986640e-01,4.4309595227e-01,3.5303516779e-03,4.0380395949e-03
417,3.5580328763e-02,5.1849093288e-01,4.4289192557e-01,3.5270971712e-03,4.0328036994e-03
418,3.5560542989e-02,5.1820260659e-01,4.4268813729e-01,3.5238573328e-03,4.0275896899e-03
419,3.5540789426e-02,5.1791474968e-01,4.4248449802e-01,3.5206303000e-03,4.0223947726e-03
420,3.5521058615e-02,5.1762722433e-01,4.4228091836e-01,3.5174079239e-03,4.0172226727e-03
421,3.5501366150e-02,5.1734025776e-01,4.4207751751e-01,3.5142078996e-03,4.0120659396e-03
422,3.5481701549e-02,5.1705369726e-01,4.4187423587e-01,3.5110071767e-03,4.0069390088e-03
423,3.5462066859e-02,5.1676757261e-01,4.4167110324e-01,3.5078190267e-03,4.0018279105e-03
424,3.5442463612e-02,5.1648190618e-01,4.4146808982e-01,3.5046434496e-03,3.9967382327e-03
425,3.5422892576e-02,5.1619670913e-01,4.4126525521e-01,3.5014743917e-03,3.9916709065e-03
426,3.5403354006e-02,5.1591198519e-01,4.4106256962e-01,3.4983183723e-03,3.9866231382e-03
427,3.5383845346e-02,5.1562769711e-01,4.4086000323e-01,3.4951770213e-03,3.9815925993e-03
428,3.5364364551e-02,5.1534381509e-01,4.4065755606e-01,3.4920456819e-03,3.9765802212e-03
429,3.5344915711e-02,5.1506039873e-01,4.4045531750e-01,3.4889164381e-03,3.9715915918e-03
430,3.5325494224e-02,5.1477738097e-01,4.4025316834e-01,3.4858030267e-03,3.9666183293e-03
431,3.5306106482e-02,5.1449485496e-01,4.4005116820e-01,3.4826989286e-03,3.9616697468e-03
432,3.5286751206e-02,5.1421280205e-01,4.3984940648e-01,3.4795999527e-03,3.9567397907e-03
433,3.5267419705e-02,5.1393109560e-01,4.3964770436e-01,3.4765140153e-03,3.9518252015e-03
434,3.5248125527e-02,5.1364993304e-01,4.3944624066e-01,3.4734425135e-03,3.9469269104e-03
435,3.5228851544e-02,5.1336906478e-01,4.3924480677e-01,3.4703712445e-03,3.9420546964e-03
436,3.5209612073e-02,5.1308869943e-01,4.3904361129e-01,3.4673067275e-03,3.9372020401e-03
437,3.5190404557e-02,5.1280879974e-01,4.3884259462e-01,3.4642564133e-03,3.9323642850e-03
438,3.5171221838e-02,5.1252926141e-01,4.3864169717e-01,3.4612112213e-03,3.9275451563e-03
439,3.5152066217e-02,5.1225011796e-01,4.3844088912e-01,3.4581790678e-03,3.9227437228e-03
440,3.5132939228e-02,5.1197139174e-01,4.3824025989e-01,3.4551543649e-03,3.9179590531e-03
441,3.5113849818e-02,5.1169321314e-01,4.3803986907e-01,3.4521403722e-03,3.9131939411e-03
442,3.5094779069e-02,5.1141530648e-01,4.3783953786e-01,3.4491284750e-03,3.9084483869e-03
443,3.5075740787e-02,5.1113787293e-01,4.3763938546e-01,3.4461244941e-03,3.9037242532e-03
444,3.5056729347e-02,5.1086083055e-01,4.3743935227e-01,3.4431302920e-03,3.8990175817e-03
445,3.5037747306e-02,5.1058421656e-01,4.3723952770e-01,3.4401458688e-03,3.8943232503e-03
446,3.5018792873e-02,5.1030800492e-01,4.3703985214e-01,3.4371672664e-03,3.8896480110e-03
447,3.4999862471e-02,5.1003214344e-01,4.3684032559e-01,3.4341954160e-03,3.8849862758e-03
448,3.4980961212e-02,5.0975670666e-01,4.3664091825e-01,3.4312363714e-03,3.8803424686e-03
449,3.4962092163e-02,5.0948173925e-01,4.3644177914e-01,3.4282817505e-03,3.8757140283e-03
450,3.4943244077e-02,5.0920707732e-01,4.3624269962e-01,3.4253366757e-03,3.8711009547e-03
451,3.4924422834e-02,5.0893280655e-01,4.3604379892e-01,3.4223916009e-03,3.8665095344e-03
452,3.4905633545e-02,5.0865900144e-01,4.3584507704e-01,3.4194553737e-03,3.8619367406e-03
453,3.4886864707e-02,5.0838549435e-01,4.3564644456e-01,3.4165272955e-03,3.8573774509e-03
454,3.4868123990e-02,5.0811239704e-01,4.3544802070e-01,3.4136020113e-03,3.8528356235e-03
455,3.4849410371e-02,5.0783969462e-01,4.3524971604e-01,3.4106841777e-03,3.8483133540e-03
456,3.4830722827e-02,5.0756737217e-01,4.3505156040e-01,3.4077710006e-03,3.8438101765e-03
457,3.4812059568e-02,5.0729540363e-01,4.3485358357e-01,3.4048676025e-03,3.8393142167e-03
458,3.4793423408e-02,5.0702382997e-01,4.3465575576e-01,3.4019725863e-03,3.8348345552e-03
459,3.4774810766e-02,5.0675259903e-01,4.3445810676e-01,3.3990803640e-03,3.8303686306e-03
460,3.4756224711e-02,5.0648175552e-01,4.3426060677e-01,3.3962042071e-03,3.8259106223e-03
461,3.4737662942e-02,5.0621126592e-01,4.3406325579e-01,3.3933273517e-03,3.8214735687e-03
462,3.4719127760e-02,5.0594116375e-01,4.3386611342e-01,3.3904521260e-03,3.8170528132e-03
463,3.4700614562e-02,5.0567138195e-01,4.3366903067e-01,3.3875834197e-03,3.8126516156e-03
464,3.4682128718e-02,5.0540199876e-01,4.3347215652e-01,3.3847175073e-03,3.8082667161e-03
465,3.4663664603e-02,5.0513293222e-01,4.3327540159e-01,3.3818588126e-03,3.8038941566e-03
466,3.4645225541e-02,5.0486423075e-01,4.3307879567e-01,3.3790033776e-03,3.7995402236e-03
467,3.4626808720e-02,5.0459585339e-01,4.3288233876e-01,3.3761551604e-03,3.7951960694e-03
468,3.4608414906e-02,5.0432781130e-01,4.3268606067e-01,3.3733090386e-03,3.7908656523e-03
469,3.4590043589e-02,5.0406009704e-01,4.3248990178e-01,3.3704733942e-03,3.7865461782e-03
470,3.4571699881e-02,5.0379278511e-01,4.3229395151e-01,3.3676431049e-03,3.7822404411e-03
471,3.4553375346e-02,5.0352575257e-01,4.3209806085e-01,3.3648214303e-03,3.7779477425e-03
472,3.4535074585e-02,5.0325906649e-01,4.3190240860e-01,3.3619981259e-03,3.7736676168e-03
473,3.4516794531e-02,5.0299268216e-01,4.3170681596e-01,3.3591780812e-03,3.7694086786e-03
474,3.4498537229e-02,5.0272662938e-01,4.3151140213e-01,3.3563601319e-03,3.7651625462e-03
475,3.4480305492e-02,5.0246094912e-01,4.3131616712e-01,3.3535473049e-03,3.7609308492e-03
476,3.4462093182e-02,5.0219555199e-01,4.3112105131e-01,3.3507409971e-03,3.7567091640e-03
477,3.4443899790e-02,5.0193043053e-01,4.3092605472e-01,3.3479365520e-03,3.7525009830e-03
478,3.4425728639e-02,5.0166563317e-01,4.3073123693e-01,3.3451365307e-03,3.7483032793e-03
479,3.4407581518e-02,5.0140118599e-01,4.3053656816e-01,3.3423462883e-03,3.7441155873e-03
480,3.4389456127e-02,5.0113705546e-01,4.3034204841e-01,3.3395581413e-03,3.7399425637e-03
481,3.4371349397e-02,5.0087319687e-01,4.3014764786e-01,3.3367748838e-03,3.7357800175e-03
482,3.4353260051e-02,5.0060959160e-01,4.2995333672e-01,3.3339913934e-03,3.7316342350e-03
483,3.4335192434e-02,5.0034630299e-01,4.2975917459e-01,3.3312102314e-03,3.7275028881e-03
484,3.4317145012e-02,5.0008330867e-01,4.2956519127e-01,3.3284295350e-03,3.7233820185e-03
485,3.4299118809e-02,4.9982062355e-01,4.2937132716e-01,3.3256562892e-03,3.7192730233e-03
486,3.4281113568e-02,4.9955824390e-01,4.2917761207e-01,3.3228893299e-03,3.7151738070e-03
487,3.4263126478e-02,4.9929612875e-01,4.2898401618e-01,3.3201212063e-03,3.7110904232e-03
488,3.4245159072e-02,4.9903430045e-01,4.2879053950e-01,3.3173575066e-03,3.7070186809e-03
489,3.4227205215e-02,4.9877266958e-01,4.2859715223e-01,3.3145956695e-03,3.7029560190e-03
490,3.4209273087e-02,4.9851135537e-01,4.2840394378e-01,3.3118419815e-03,3.6988991778e-03
491,3.4191360644e-02,4.9825032800e-01,4.2821088433e-01,3.3090875950e-03,3.6948570050e-03
492,3.4173464817e-02,4.9798954278e-01,4.2801791430e-01,3.3063397277e-03,3.6908232141e-03
493,3.4155584584e-02,4.9772898480e-01,4.2782500386e-01,3.3035934903e-03,3.6868045572e-03
494,3.4137726081e-02,4.9746874347e-01,4.2763230205e-01,3.3008442260e-03,3.6827998701e-03
495,3.4119884450e-02,4.9720874801e-01,4.2743968964e-01,3.2981000841e-03,3.6788056605e-03
496,3.4102058413e-02,4.9694897979e-01,4.2724716663e-01,3.2953580376e-03,3.6748233251e-03
497,3.4084248992e-02,4.9668945372e-01,4.2705476284e-01,3.2926185522e-03,3.6708503030e-03
498,3.4066461045e-02,4.9643024057e-01,4.2686250806e-01,3.2898879144e-03,3.6668851972e-03
499,3.4048685881e-02,4.9617121369e-01,4.2667034268e-01,3.2871561125e-03,3.6629310343e-03
500,3.4030926566e-02,4.9591241777e-01,4.2647832632e-01,3.2844236121e-03,3.6589852534e-03
501,3.4013182589e-02,4.9565384537e-01,4.2628636956e-01,3.2816971652e-03,3.6550504155e-03
502,3.3995459064e-02,4.9539557099e-01,4.2609456182e-01,3.2789758407e-03,3.6511248909e-03
503,3.3977744997e-02,4.9513743445e-01,4.2590281367e-01,3.2762531191e-03,3.6472091451e-03
504,3.3960046524e-02,4.9487952515e-01,4.2571118474e-01,3.2735296991e-03,3.6433043424e-03
505,3.3942365691e-02,4.9462187290e-01,4.2551967502e-01,3.2708079088e-03,3.6394121125e-03
506,3.3924704030e-02,4.9436450005e-01,4.2532831430e-01,3.2680889126e-03,3.6355298944e-03
507,3.3907050295e-02,4.9410724267e-01,4.2513698339e-01,3.2653701492e-03,3.6316558253e-03
508,3.3889414709e-02,4.9385024980e-01,4.2494580150e-01,3.2626560424e-03,3.6277885083e-03
509,3.3871788071e-02,4.9359338731e-01,4.2475464940e-01,3.2599396072e-03,3.6239339970e-03
510,3.3854177539e-02,4.9333675951e-01,4.2456364632e-01,3.2572282944e-03,3.6200827453e-03
511,3.3836582089e-02,4.9308035150e-01,4.2437273264e-01,3.2545225695e-03,3.6162396427e-03
512,3.3819000188e-02,4.9282414094e-01,4.2418193817e-01,3.2518107910e-03,3.6124095786e-03
513,3.3801430303e-02,4.9256810546e-01,4.2399120331e-01,3.2491004094e-03,3.6085897591e-03
514,3.3783872176e-02,4.9231224135e-01,4.2380046844e-01,3.2463970128e-03,3.6047801841e-03
515,3.3766329900e-02,4.9205660820e-01,4.2360991240e-01,3.2436917536e-03,3.6009778269e-03
516,3.3748795037e-02,4.9180108309e-01,4.2341941595e-01,3.2409857959e-03,3.5971810576e-03
517,3.3731278580e-02,4.9154582620e-01,4.2322900891e-01,3.2382819336e-03,3.5933996551e-03
518,3.3713768514e-02,4.9129066244e-01,4.2303860188e-01,3.2355864532e-03,3.5896196496e-03
519,3.3696274042e-02,4.9103572592e-01,4.2284834385e-01,3.2328895759e-03,3.5858484916e-03
520,3.3678785450e-02,4.9078087509e-01,4.2265811563e-01,3.2301903702e-03,3.5820857156e-03
521,3.3661309640e-02,4.9052621052e-01,4.2246791720e-01,3.2274958212e-03,3.5783336498e-03
522,3.3643852235e-02,4.9027181417e-01,4.2227789760e-01,3.2248001080e-03,3.5745913628e-03
523,3.3626395343e-02,4.9001742527e-01,4.2208778858e-01,3.2221053261e-03,3.5708583891e-03
524,3.3608954299e-02,4.8976326734e-01,4.2189785838e-01,3.2194079831e-03,3.5671330988e-03
525,3.3591524249e-02,4.8950926960e-01,4.2170795798e-01,3.2167162281e-03,3.5634150263e-03
526,3.3574103657e-02,4.8925540969e-01,4.2151814699e-01,3.2140214462e-03,3.5597048700e-03
527,3.3556689712e-02,4.8900164664e-01,4.2132836580e-01,3.2113306224e-03,3.5559975076e-03
528,3.3539284202e-02,4.8874800652e-01,4.2113861442e-01,3.2086428255e-03,3.5522964317e-03
529,3.3521894799e-02,4.8849460110e-01,4.2094898224e-01,3.2059613150e-03,3.5486007109e-03
530,3.3504511019e-02,4.8824127764e-01,4.2075937986e-01,3.2032728195e-03,3.5449168645e-03
531,3.3487133630e-02,4.8798804730e-01,4.2056980729e-01,3.2005840912e-03,3.5412402358e-03
532,3.3469763911e-02,4.8773492873e-01,4.2038029432e-01,3.1978909392e-03,3.5375726875e-03
533,3.3452407740e-02,4.8748200759e-01,4.2019084096e-01,3.1952010468e-03,3.5339158494e-03
534,3.3435058727e-02,4.8722919077e-01,4.2000141740e-01,3.1925141811e-03,3.5302629694e-03
535,3.3417712271e-02,4.8697641119e-01,4.1981196404e-01,3.1898235902e-03,3.5266210325e-03
536,3.3400376551e-02,4.8672378808e-01,4.1962260008e-01,3.1871343963e-03,3.5229844507e-03
537,3.3383044667e-02,4.8647122085e-01,4.1943326592e-01,3.1844459008e-03,3.5193497315e-03
538,3.3365722752e-02,4.8621879891e-01,4.1924396157e-01,3.1817629933e-03,3.5157208331e-03
539,3.3348406972e-02,4.8596646637e-01,4.1905468702e-01,3.1790831126e-03,3.5120947286e-03
540,3.3331099373e-02,4.8571425304e-01,4.1886547208e-01,3.1763999723e-03,3.5084779374e-03
541,3.3313794586e-02,4.8546208069e-01,4.1867622733e-01,3.1737159006e-03,3.5048692953e-03
542,3.3296501559e-02,4.8521007970e-01,4.1848701239e-01,3.1710329931e-03,3.5012736917e-03
543,3.3279206486e-02,4.8495804891e-01,4.1829776764e-01,3.1683449633e-03,3.4976834431e-03
544,3.3261921128e-02,4.8470615968e-01,4.1810858250e-01,3.1656571664e-03,3.4941006452e-03
545,3.3244638326e-02,4.8445430771e-01,4.1791939735e-01,3.1629658770e-03,3.4905250650e-03
546,3.3227364471e-02,4.8420258611e-01,4.1773027182e-01,3.1602811068e-03,3.4869501833e-03
547,3.3210096496e-02,4.8395095021e-01,4.1754117608e-01,3.1575991306e-03,3.4833783284e-03
548,3.3192826732e-02,4.8369928822e-01,4.1735199094e-01,3.1549157575e-03,3.4798141569e-03
549,3.3175562336e-02,4.8344770446e-01,4.1716283560e-01,3.1522365753e-03,3.4762502182e-03
550,3.3158312512e-02,4.8319633305e-01,4.1697382927e-01,3.1495527364e-03,3.4726976883e-03
551,3.3141053484e-02,4.8294482753e-01,4.1678461432e-01,3.1468661036e-03,3.4691554029e-03
552,3.3123804171e-02,4.8269346356e-01,4.1659545898e-01,3.1441783067e-03,3.4656221978e-03
553,3.3106553069e-02,4.8244207352e-01,4.1640627384e-01,3.1414870173e-03,3.4620929509e-03
554,3.3089310147e-02,4.8219080269e-01,4.1621708870e-01,3.1387975905e-03,3.4585737158e-03
555,3.3072067224e-02,4.8193953186e-01,4.1602790356e-01,3.1361130532e-03,3.4550500568e-03
556,3.3054830182e-02,4.8168834671e-01,4.1583874822e-01,3.1334252562e-03,3.4515347797e-03
557,3.3037595952e-02,4.8143720254e-01,4.1564959288e-01,3.1307425816e-03,3.4480183385e-03
558,3.3020355330e-02,4.8118596524e-01,4.1546034813e-01,3.1280543189e-03,3.4445074853e-03
559,3.3003123145e-02,4.8093485087e-01,4.1527110338e-01,3.1253679190e-03,3.4410066437e-03
560,3.2985895689e-02,4.8068380542e-01,4.1508188844e-01,3.1226777937e-03,3.4375137184e-03
561,3.2968661970e-02,4.8043266870e-01,4.1489252448e-01,3.1199892983e-03,3.4340252168e-03
562,3.2951434259e-02,4.8018161952e-01,4.1470319033e-01,3.1172956806e-03,3.4305471927e-03
563,3.2934204119e-02,4.7993053496e-01,4.1451382637e-01,3.1146008987e-03,3.4270700999e-03
564,3.2916976791e-02,4.7967949137e-01,4.1432443261e-01,3.1119075138e-03,3.4235983621e-03
565,3.2899745628e-02,4.7942839190e-01,4.1413497925e-01,3.1092129648e-03,3.4201282542e-03
566,3.2882519578e-02,4.7917736694e-01,4.1394549608e-01,3.1065226067e-03,3.4166646656e-03
567,3.2865289949e-02,4.7892628983e-01,4.1375598311e-01,3.1038294546e-03,3.4132010769e-03
568,3.2848060193e-02,4.7867521085e-01,4.1356638074e-01,3.1011374667e-03,3.4097454045e-03
569,3.2830832992e-02,4.7842416912e-01,4.1337680817e-01,3.0984417535e-03,3.4062946215e-03
570,3.2813600552e-02,4.7817305103e-01,4.1318714619e-01,3.0957409181e-03,3.4028496593e-03
571,3.2796371306e-02,4.7792197950e-01,4.1299742460e-01,3.0930442736e-03,3.3994112164e-03
572,3.2779135798e-02,4.7767081670e-01,4.1280761361e-01,3.0903397128e-03,3.3959804568e-03
573,3.2761901695e-02,4.7741967440e-01,4.1261774302e-01,3.0876421370e-03,3.3925510943e-03
574,3.2744663758e-02,4.7716847621e-01,4.1242784262e-01,3.0849399045e-03,3.3891233616e-03
575,3.2727422753e-02,4.7691723332e-01,4.1223788261e-01,3.0822348781e-03,3.3857002854e-03
576,3.2710180854e-02,4.7666597739e-01,4.1204786301e-01,3.0795324128e-03,3.3822790720e-03
577,3.2692937932e-02,4.7641470656e-01,4.1185778379e-01,3.0768257566e-03,3.3788667060e-03
578,3.2675689002e-02,4.7616334818e-01,4.1166761518e-01,3.0741149094e-03,3.3754582983e-03
579,3.2658438794e-02,4.7591197118e-01,4.1147735715e-01,3.0714110471e-03,3.3720503561e-03
580,3.2641183857e-02,4.7566052526e-01,4.1128703952e-01,3.0687008984e-03,3.3686477691e-03
581,3.2623927769e-02,4.7540906258e-01,4.1109666228e-01,3.0659856275e-03,3.3652542625e-03
582,3.2606663629e-02,4.7515748255e-01,4.1090613604e-01,3.0632691924e-03,3.3618654124e-03
583,3.2589397316e-02,4.7490587085e-01,4.1071555018e-01,3.0605557840e-03,3.3584760968e-03
584,3.2572126529e-02,4.7465419397e-01,4.1052487493e-01,3.0578407459e-03,3.3550909720e-03
585,3.2554848201e-02,4.7440240718e-01,4.1033408046e-01,3.0551252421e-03,3.3517072443e-03
586,3.2537572301e-02,4.7415065579e-01,4.1014331579e-01,3.0524095055e-03,3.3483244479e-03
587,3.2520285793e-02,4.7389874980e-01,4.0995237231e-01,3.0496879481e-03,3.3449495677e-03
588,3.2502992382e-02,4.7364674322e-01,4.0976130962e-01,3.0469587073e-03,3.3415846992e-03
589,3.2485692068e-02,4.7339463606e-01,4.0957012773e-01,3.0442331918e-03,3.3382177353e-03
590,3.2468390349e-02,4.7314250842e-01,4.0937891603e-01,3.0415081419e-03,3.3348512370e-03
591,3.2451079810e-02,4.7289025225e-01,4.0918755531e-01,3.0387809966e-03,3.3314886969e-03
592,3.2433760068e-02,4.7263786197e-01,4.0899604559e-01,3.0360487290e-03,3.3281329088e-03
593,3.2416438153e-02,4.7238544002e-01,4.0880447626e-01,3.0333162285e-03,3.3247803804e-03
594,3.2399107035e-02,4.7213288397e-01,4.0861272812e-01,3.0305809341e-03,3.3214346040e-03
595,3.2381768760e-02,4.7188022360e-01,4.0842089057e-01,3.0278426129e-03,3.3180909231e-03
596,3.2364424221e-02,4.7162747197e-01,4.0822899342e-01,3.0251005664e-03,3.3147472423e-03
597,3.2347065877e-02,4.7137451917e-01,4.0803685784e-01,3.0223596841e-03,3.3114065882e-03
598,3.2329704977e-02,4.7112152912e-01,4.0784469247e-01,3.0196176376e-03,3.3080661669e-03
599,3.2312333724e-02,4.7086838819e-01,4.0765234828e-01,3.0168732628e-03,3.3047306351e-03
600,3.2294955440e-02,4.7061514482e-01,4.0745994449e-01,3.0141244642e-03,3.3013955690e-03
601,3.2277567314e-02,4.7036175802e-01,4.0726739168e-01,3.0113686807e-03,3.2980681863e-03
602,3.2260171775e-02,4.7010826319e-01,4.0707466006e-01,3.0086159240e-03,3.2947442960e-03
603,3.2242764604e-02,4.6985459886e-01,4.0688180923e-01,3.0058575794e-03,3.2914215699e-03
604,3.2225345930e-02,4.6960076690e-01,4.0668877959e-01,3.0030966736e-03,3.2881021034e-03
605,3.2207917413e-02,4.6934679151e-01,4.0649560094e-01,3.0003350694e-03,3.2847840339e-03
606,3.2190480460e-02,4.6909269318e-01,4.0630227327e-01,2.9975697398e-03,3.2814722508e-03
607,3.2173033665e-02,4.6883845143e-01,4.0610885620e-01,2.9947971925e-03,3.2781623304e-03
608,3.2155579968e-02,4.6858410910e-01,4.0591529012e-01,2.9920283705e-03,3.2748535741e-03
609,3.2138103007e-02,4.6832942776e-01,4.0572145581e-01,2.9892558232e-03,3.2715413254e-03
610,3.2120622723e-02,4.6807469800e-01,4.0552756190e-01,2.9864809476e-03,3.2682325691e-03
611,3.2103126206e-02,4.6781973168e-01,4.0533342957e-01,2.9837030452e-03,3.2649273053e-03
612,3.2085620486e-02,4.6756463125e-01,4.0513917804e-01,2.9809181578e-03,3.2616271637e-03
613,3.2068107352e-02,4.6730942279e-01,4.0494480729e-01,2.9781297781e-03,3.2583316788e-03
614,3.2050579647e-02,4.6705400199e-01,4.0475022793e-01,2.9753404669e-03,3.2550368924e-03
615,3.2033033920e-02,4.6679831855e-01,4.0455546975e-01,2.9725411441e-03,3.2517437357e-03
616,3.2015476688e-02,4.6654246747e-01,4.0436050296e-01,2.9697441496e-03,3.2484524418e-03
617,3.1997906802e-02,4.6628643200e-01,4.0416541696e-01,2.9669408686e-03,3.2451606821e-03
618,3.1980323879e-02,4.6603020653e-01,4.0397012234e-01,2.9641371220e-03,3.2418714836e-03
619,3.1962724083e-02,4.6577373520e-01,4.0377461910e-01,2.9613287188e-03,3.2385829836e-03
620,3.1945114829e-02,4.6551712602e-01,4.0357899666e-01,2.9585205484e-03,3.2352923881e-03
621,3.1927486913e-02,4.6526024491e-01,4.0338310599e-01,2.9557042290e-03,3.2320097089e-03
622,3.1909848899e-02,4.6500321664e-01,4.0318706632e-01,2.9528839514e-03,3.2287309878e-03
623,3.1892193118e-02,4.6474592946e-01,4.0299081802e-01,2.9500583187e-03,3.2254529651e-03
624,3.1874522510e-02,4.6448842622e-01,4.0279439092e-01,2.9472259339e-03,3.2221775036e-03
625,3.1856834775e-02,4.6423067339e-01,4.0259772539e-01,2.9443947133e-03,3.2189001795e-03
626,3.1839129783e-02,4.6397266909e-01,4.0240085125e-01,2.9415567406e-03,3.2156251837e-03
627,3.1821411882e-02,4.6371447667e-01,4.0220382810e-01,2.9387150425e-03,3.2123499550e-03
628,3.1803675830e-02,4.6345601976e-01,4.0200659633e-01,2.9358700849e-03,3.2090721652e-03
629,3.1785921500e-02,4.6319729649e-01,4.0180912614e-01,2.9330218676e-03,3.2057953067e-03
630,3.1768150426e-02,4.6293832920e-01,4.0161141753e-01,2.9301701579e-03,3.2025212422e-03
631,3.1750362607e-02,4.6267911792e-01,4.0141347051e-01,2.9273121618e-03,3.1992525328e-03
632,3.1732557788e-02,4.6241965890e-01,4.0121534467e-01,2.9244441539e-03,3.1959873158e-03
633,3.1714731239e-02,4.6215988323e-01,4.0101695061e-01,2.9215712566e-03,3.1927218661e-03
634,3.1696892292e-02,4.6189992689e-01,4.0081840754e-01,2.9186932370e-03,3.1894587446e-03
635,3.1679028165e-02,4.6163960360e-01,4.0061953664e-01,2.9158105608e-03,3.1861960888e-03
636,3.1661144992e-02,4.6137900278e-01,4.0042048693e-01,2.9129262548e-03,3.1829252839e-03
637,3.1643248399e-02,4.6111820638e-01,4.0022125840e-01,2.9100377578e-03,3.1796570402e-03
638,3.1625330842e-02,4.6085710451e-01,4.0002176166e-01,2.9071434401e-03,3.1763906591e-03
639,3.1607386572e-02,4.6059561335e-01,3.9982199669e-01,2.9042416718e-03,3.1731200870e-03
640,3.1589429775e-02,4.6033393964e-01,3.9962202311e-01,2.9013380408e-03,3.1698534731e-03
641,3.1571449331e-02,4.6007192135e-01,3.9942178130e-01,2.8984218370e-03,3.1665919814e-03
642,3.1553444474e-02,4.5980954729e-01,3.9922118187e-01,2.8954995796e-03,3.1633370090e-03
643,3.1535420316e-02,4.5954689197e-01,3.9902043343e-01,2.8925677761e-03,3.1600780785e-03
644,3.1517378135e-02,4.5928397402e-01,3.9881944656e-01,2.8896345757e-03,3.1568182167e-03
645,3.1499311285e-02,4.5902069658e-01,3.9861819148e-01,2.8867006768e-03,3.1535497401e-03
646,3.1481221427e-02,4.5875708386e-01,3.9841666818e-01,2.8837597929e-03,3.1502817292e-03
647,3.1463108946e-02,4.5849314146e-01,3.9821490645e-01,2.8808070347e-03,3.1470165122e-03
648,3.1444974223e-02,4.5822887495e-01,3.9801284671e-01,2.8778496198e-03,3.1437531579e-03
649,3.1426816365e-02,4.5796427131e-01,3.9781051874e-01,2.8748854529e-03,3.1404895708e-03
650,3.1408631537e-02,4.5769927464e-01,3.9760789275e-01,2.8719080146e-03,3.1372299418e-03
651,3.1390423958e-02,4.5743394643e-01,3.9740499854e-01,2.8689275496e-03,3.1339670531e-03
652,3.1372192987e-02,4.5716827735e-01,3.9720183611e-01,2.8659421951e-03,3.1307020690e-03
653,3.1353937474e-02,4.5690225065e-01,3.9699840546e-01,2.8629507869e-03,3.1274338253e-03
654,3.1335656654e-02,4.5663585514e-01,3.9679470658e-01,2.8599537909e-03,3.1241611578e-03
655,3.1317351547e-02,4.5636910573e-01,3.9659073949e-01,2.8569479473e-03,3.1208887231e-03
656,3.1299016786e-02,4.5610192418e-01,3.9638641477e-01,2.8539297637e-03,3.1176211778e-03
657,3.1280659401e-02,4.5583441295e-01,3.9618182182e-01,2.8509022668e-03,3.1143568922e-03
658,3.1262273512e-02,4.5556648634e-01,3.9597690105e-01,2.8478654567e-03,3.1110930722e-03
659,3.1243859248e-02,4.5529814623e-01,3.9577168226e-01,2.8448207304e-03,3.1078257598e-03
660,3.1225418268e-02,4.5502941683e-01,3.9556616545e-01,2.8417711146e-03,3.1045540236e-03
661,3.1206950575e-02,4.5476029813e-01,3.9536038041e-01,2.8387126513e-03,3.1012792606e-03
662,3.1188456039e-02,4.5449078828e-01,3.9515429735e-01,2.8356472030e-03,3.0980019365e-03
663,3.1169931593e-02,4.5422084257e-01,3.9494791627e-01,2.8325729072e-03,3.0947197229e-03
664,3.1151373147e-02,4.5395040140e-01,3.9474114776e-01,2.8294892982e-03,3.0914361123e-03
665,3.1132790671e-02,4.5367961004e-01,3.9453411102e-01,2.8263940476e-03,3.0881557614e-03
666,3.1114178285e-02,4.5340838283e-01,3.9432677627e-01,2.8232904151e-03,3.0848702881e-03
667,3.1095534711e-02,4.5313670114e-01,3.9411908388e-01,2.8201737441e-03,3.0815880746e-03
668,3.1076857776e-02,4.5286453329e-01,3.9391103387e-01,2.8170468286e-03,3.0783030670e-03
669,3.1058156428e-02,4.5259200968e-01,3.9370274544e-01,2.8139089700e-03,3.0750173610e-03
670,3.1039417244e-02,4.5231893472e-01,3.9349400997e-01,2.8107604012e-03,3.0717321206e-03
671,3.1020648918e-02,4.5204543509e-01,3.9328500628e-01,2.8076004237e-03,3.0684424564e-03
672,3.1001845825e-02,4.5177142881e-01,3.9307567477e-01,2.8044362552e-03,3.0651392881e-03
673,3.0983011032e-02,4.5149696060e-01,3.9286598563e-01,2.8012609109e-03,3.0618365854e-03
674,3.0964146841e-02,4.5122206397e-01,3.9265599847e-01,2.7980753221e-03,3.0585313216e-03
675,3.0945242769e-02,4.5094658621e-01,3.9244562387e-01,2.7948745992e-03,3.0552216340e-03
676,3.0926306743e-02,4.5067064278e-01,3.9223489165e-01,2.7916599065e-03,3.0519152060e-03
677,3.0907334927e-02,4.5039417781e-01,3.9202380180e-01,2.7884328738e-03,3.0486048199e-03
678,3.0888330901e-02,4.5011724345e-01,3.9181238413e-01,2.7851916384e-03,3.0452942010e-03
679,3.0869292619e-02,4.4983980991e-01,3.9160063863e-01,2.7819366660e-03,3.0419803225e-03
680,3.0850213690e-02,4.4956178404e-01,3.9138844609e-01,2.7786714491e-03,3.0386622529e-03
681,3.0831102167e-02,4.4928328320e-01,3.9117598534e-01,2.7753957547e-03,3.0353341717e-03
682,3.0811951914e-02,4.4900421798e-01,3.9096310735e-01,2.7721091174e-03,3.0320018996e-03
683,3.0792759864e-02,4.4872454368e-01,3.9074987173e-01,2.7688026894e-03,3.0286645051e-03
684,3.0773531769e-02,4.4844434410e-01,3.9053627849e-01,2.7654848527e-03,3.0253217556e-03
685,3.0754269674e-02,4.4816364907e-01,3.9032238722e-01,2.7621521149e-03,3.0219741166e-03
686,3.0734965782e-02,4.4788234495e-01,3.9010804892e-01,2.7588047087e-03,3.0186248478e-03
687,3.0715623671e-02,4.4760048389e-01,3.8989335299e-01,2.7554396074e-03,3.0152734835e-03
688,3.0696233884e-02,4.4731792808e-01,3.8967821002e-01,2.7520533185e-03,3.0119183939e-03
689,3.0676811247e-02,4.4703489356e-01,3.8946270943e-01,2.7486579493e-03,3.0085605104e-03
690,3.0657347452e-02,4.4675125927e-01,3.8924685121e-01,2.7452418581e-03,3.0051989015e-03
691,3.0637836875e-02,4.4646694325e-01,3.8903060555e-01,2.7418127283e-03,3.0018209945e-03
692,3.0618287440e-02,4.4618206099e-01,3.8881403208e-01,2.7383679990e-03,2.9984349385e-03
693,3.0598691607e-02,4.4589650258e-01,3.8859698176e-01,2.7349116281e-03,2.9950405005e-03
694,3.0579058706e-02,4.4561040401e-01,3.8837966323e-01,2.7314384934e-03,2.9916355852e-03
695,3.0559373143e-02,4.4532353804e-01,3.8816180825e-01,2.7279402129e-03,2.9882327653e-03
696,3.0539648978e-02,4.4503610954e-01,3.8794365525e-01,2.7244198136e-03,2.9848255217e-03
697,3.0519873814e-02,4.4474793784e-01,3.8772496581e-01,2.7208812535e-03,2.9814159498e-03
698,3.0500055957e-02,4.4445914403e-01,3.8750594854e-01,2.7173194103e-03,2.9780000914e-03
699,3.0480193236e-02,4.4416969642e-01,3.8728654385e-01,2.7137415018e-03,2.9745737556e-03
700,3.0460283093e-02,4.4387955777e-01,3.8706675172e-01,2.7101421729e-03,2.9711383395e-03
701,3.0440317221e-02,4.4358860701e-01,3.8684648275e-01,2.7065225877e-03,2.9676898848e-03
702,3.0420311469e-02,4.4329707511e-01,3.8662597537e-01,2.7028846089e-03,2.9642253648e-03
703,3.0400254589e-02,4.4300479814e-01,3.8640505075e-01,2.6992259081e-03,2.9607487377e-03
704,3.0380147603e-02,4.4271179102e-01,3.8618364930e-01,2.6955453213e-03,2.9572688509e-03
705,3.0359988978e-02,4.4241803139e-01,3.8596186042e-01,2.6918328367e-03,2.9537840746e-03
706,3.0339773601e-02,4.4212344475e-01,3.8573956490e-01,2.6880938094e-03,2.9502941761e-03
707,3.0319512721e-02,4.4182819501e-01,3.8551694155e-01,2.6843333617e-03,2.9467919376e-03
708,3.0299194832e-02,4.4153211452e-01,3.8529387116e-01,2.6805480011e-03,2.9432764277e-03
709,3.0278826710e-02,4.4123530202e-01,3.8507044315e-01,2.6767372619e-03,2.9397485778e-03
710,3.0258401069e-02,4.4093765132e-01,3.8484659791e-01,2.6729048695e-03,2.9362004716e-03
711,3.0237921872e-02,4.4063922018e-01,3.8462236524e-01,2.6690454688e-03,2.9326400254e-03
712,3.0217391163e-02,4.4034003839e-01,3.8439777493e-01,2.6651590597e-03,2.9290672392e-03
713,3.0196797311e-02,4.4003993645e-01,3.8417267799e-01,2.6612400543e-03,2.9254858382e-03
714,3.0176146068e-02,4.3973899819e-01,3.8394716382e-01,2.6572928764e-03,2.9218907002e-03
715,3.0155439095e-02,4.3943724781e-01,3.8372126222e-01,2.6533124037e-03,2.9182862490e-03
716,3.0134666039e-02,4.3913453445e-01,3.8349491358e-01,2.6492939796e-03,2.9146680608e-03
717,3.0113838021e-02,4.3883102015e-01,3.8326820731e-01,2.6452539023e-03,2.9110272881e-03
718,3.0092950183e-02,4.3852663413e-01,3.8304114342e-01,2.6411844883e-03,2.9073646292e-03
719,3.0072001886e-02,4.3822136708e-01,3.8281369209e-01,2.6370873675e-03,2.9036800843e-03
720,3.0050989040e-02,4.3791515939e-01,3.8258585334e-01,2.6329478715e-03,2.8999827337e-03
721,3.0029904359e-02,4.3760790490e-01,3.8235747814e-01,2.6287720539e-03,2.8962707147e-03
722,3.0008762031e-02,4.3729981035e-01,3.8212877512e-01,2.6245629415e-03,2.8925405350e-03
723,2.9987554004e-02,4.3699075840e-01,3.8189965487e-01,2.6203161106e-03,2.8887942899e-03
724,2.9966277210e-02,4.3668070436e-01,3.8167020679e-01,2.6160248090e-03,2.8850249946e-03
725,2.9944933693e-02,4.3636967801e-01,3.8144034147e-01,2.6117006782e-03,2.8812331147e-03
726,2.9923523966e-02,4.3605768681e-01,3.8121011853e-01,2.6073378976e-03,2.8774188831e-03
727,2.9902040359e-02,4.3574461900e-01,3.8097947836e-01,2.6029376313e-03,2.8735764790e-03
728,2.9880485811e-02,4.3543051742e-01,3.8074848056e-01,2.5984959211e-03,2.8697077651e-03
729,2.9858862369e-02,4.3511541188e-01,3.8051718473e-01,2.5940113701e-03,2.8658113442e-03
730,2.9837164919e-02,4.3479922786e-01,3.8028544188e-01,2.5894856080e-03,2.8618930373e-03
731,2.9815394228e-02,4.3448197655e-01,3.8005334139e-01,2.5849123485e-03,2.8579512145e-03
732,2.9793547356e-02,4.3416361511e-01,3.7982085347e-01,2.5802918244e-03,2.8539844789e-03
733,2.9771626093e-02,4.3384416960e-01,3.7958803773e-01,2.5756268296e-03,2.8499863110e-03
734,2.9749623920e-02,4.3352354504e-01,3.7935483456e-01,2.5709148031e-03,2.8459562454e-03
735,2.9727549656e-02,4.3320186995e-01,3.7912136316e-01,2.5661571417e-03,2.8418935835e-03
736,2.9705390137e-02,4.3287895247e-01,3.7888750434e-01,2.5613505859e-03,2.8377943672e-03
737,2.9683152775e-02,4.3255490065e-01,3.7865331769e-01,2.5564942043e-03,2.8336639516e-03
738,2.9660835909e-02,4.3222969025e-01,3.7841886282e-01,2.5515889283e-03,2.8294937219e-03
739,2.9638431486e-02,4.3190320395e-01,3.7818402052e-01,2.5466298684e-03,2.8252885677e-03
740,2.9615948710e-02,4.3157557584e-01,3.7794885039e-01,2.5416216813e-03,2.8210508171e-03
741,2.9593380805e-02,4.3124670722e-01,3.7771341205e-01,2.5365578476e-03,2.8167716227e-03
742,2.9570723299e-02,4.3091653287e-01,3.7747758627e-01,2.5314399973e-03,2.8124547098e-03
743,2.9547980281e-02,4.3058511242e-01,3.7724140286e-01,2.5262692943e-03,2.8081017081e-03
744,2.9525153924e-02,4.3025247753e-01,3.7700501084e-01,2.5210443418e-03,2.8037023731e-03
745,2.9502234898e-02,4.2991849221e-01,3.7676832080e-01,2.5157623459e-03,2.7992548421e-03
746,2.9479225247e-02,4.2958318628e-01,3.7653121352e-01,2.5104312226e-03,2.7947661001e-03
747,2.9456127017e-02,4.2924658954e-01,3.7629392743e-01,2.5050411932e-03,2.7902249712e-03
748,2.9432936757e-02,4.2890865169e-01,3.7605628371e-01,2.4995992426e-03,2.7856375091e-03
749,2.9409655105e-02,4.2856938206e-01,3.7581837177e-01,2.4940974545e-03,2.7810034808e-03
750,2.9386279250e-02,4.2822873965e-01,3.7558013201e-01,2.4885388557e-03,2.7763219550e-03
751,2.9362811493e-02,4.2788675800e-01,3.7534156442e-01,2.4829255417e-03,2.7715938631e-03
752,2.9339247615e-02,4.2754337564e-01,3.7510266900e-01,2.4772607721e-03,2.7668098919e-03
753,2.9315593368e-02,4.2719867639e-01,3.7486353517e-01,2.4715429172e-03,2.7619712055e-03
754,2.9291837887e-02,4.2685250193e-01,3.7462401390e-01,2.4657717440e-03,2.7570771053e-03
755,2.9267989098e-02,4.2650496773e-01,3.7438416481e-01,2.4599509779e-03,2.7521294542e-03
756,2.9244043549e-02,4.2615602352e-01,3.7414392829e-01,2.4540787563e-03,2.7471308131e-03
757,2.9220005970e-02,4.2580573820e-01,3.7390333414e-01,2.4481599685e-03,2.7420804836e-03
758,2.9195867796e-02,4.2545398697e-01,3.7366229296e-01,2.4421967100e-03,2.7369726449e-03
759,2.9171640276e-02,4.2510093376e-01,3.7342089415e-01,2.4361880496e-03,2.7318159118e-03
760,2.9147314719e-02,4.2474645190e-01,3.7317901850e-01,2.4301428348e-03,2.7266005054e-03
761,2.9122894191e-02,4.2439058609e-01,3.7293663621e-01,2.4240615312e-03,2.7213334106e-03
762,2.9098377286e-02,4.2403331585e-01,3.7269374728e-01,2.4179448374e-03,2.7160120662e-03
763,2.9073772825e-02,4.2367476970e-01,3.7245038152e-01,2.4118022993e-03,2.7106364723e-03
764,2.9049074672e-02,4.2331485823e-01,3.7220638990e-01,2.4056343827e-03,2.7052124497e-03
765,2.9024285383e-02,4.2295361869e-01,3.7196177244e-01,2.3994471412e-03,2.6997374371e-03
766,2.8999409432e-02,4.2259111628e-01,3.7171643972e-01,2.3932443000e-03,2.6942235418e-03
767,2.8974444519e-02,4.2222731747e-01,3.7147030234e-01,2.3870337754e-03,2.6886677369e-03
768,2.8949396522e-02,4.2186230794e-01,3.7122333050e-01,2.3808237165e-03,2.6830739807e-03
769,2.8924265187e-02,4.2149608396e-01,3.7097555399e-01,2.3746164516e-03,2.6774364524e-03
770,2.8899052686e-02,4.2112867720e-01,3.7072676420e-01,2.3684222251e-03,2.6717691217e-03
771,2.8873764515e-02,4.2076016776e-01,3.7047696114e-01,2.3622487206e-03,2.6660719886e-03
772,2.8848404382e-02,4.2039060965e-01,3.7022608519e-01,2.3561089765e-03,2.6603434235e-03
773,2.8822967685e-02,4.2001993582e-01,3.6997386813e-01,2.3500013631e-03,2.6546053123e-03
774,2.8797467844e-02,4.1964834183e-01,3.6972042918e-01,2.3439412471e-03,2.6488499716e-03
775,2.8771905500e-02,4.1927583702e-01,3.6946555972e-01,2.3379372433e-03,2.6430904400e-03
776,2.8746281546e-02,4.1890243441e-01,3.6920917034e-01,2.3319944739e-03,2.6373318397e-03
777,2.8720605953e-02,4.1852827929e-01,3.6895120144e-01,2.3261290044e-03,2.6315788273e-03
778,2.8694876037e-02,4.1815333255e-01,3.6869144440e-01,2.3203438614e-03,2.6258449070e-03
779,2.8669107135e-02,4.1777781770e-01,3.6842995882e-01,2.3146613967e-03,2.6201244909e-03
780,2.8643292219e-02,4.1740163229e-01,3.6816656590e-01,2.3090823088e-03,2.6144243311e-03
781,2.8617440106e-02,4.1702490486e-01,3.6790117621e-01,2.3036170751e-03,2.6087558363e-03
782,2.8591560768e-02,4.1664778069e-01,3.6763367057e-01,2.2982747760e-03,2.6031362358e-03
783,2.8565655610e-02,4.1627028026e-01,3.6736389995e-01,2.2930621635e-03,2.5975757744e-03
784,2.8539727828e-02,4.1589245014e-01,3.6709186435e-01,2.2879901808e-03,2.5920683984e-03
785,2.8513785603e-02,4.1551440954e-01,3.6681747437e-01,2.2830709349e-03,2.5866224896e-03
786,2.8487831234e-02,4.1513619199e-01,3.6654064059e-01,2.2783072200e-03,2.5812478270e-03
787,2.8461880445e-02,4.1475802660e-01,3.6626142263e-01,2.2737137042e-03,2.5759465061e-03
788,2.8435921986e-02,4.1437974945e-01,3.6597955227e-01,2.2692899220e-03,2.5707297027e-03
789,2.8409961994e-02,4.1400144994e-01,3.6569499969e-01,2.2650412284e-03,2.5656037033e-03
790,2.8384019768e-02,4.1362340935e-01,3.6540788412e-01,2.2609708831e-03,2.5605815463e-03
791,2.8358092625e-02,4.1324558854e-01,3.6511817575e-01,2.2570814472e-03,2.5556597393e-03
792,2.8332174430e-02,4.1286789812e-01,3.6482569575e-01,2.2533768788e-03,2.5508434046e-03
793,2.8306280393e-02,4.1249055974e-01,3.6453068256e-01,2.2498546168e-03,2.5461330079e-03
794,2.8280409235e-02,4.1211355478e-01,3.6423304677e-01,2.2465256043e-03,2.5415252894e-03
795,2.8254564408e-02,4.1173693351e-01,3.6393284798e-01,2.2433805279e-03,2.5370279327e-03
796,2.8228747702e-02,4.1136072204e-01,3.6363011599e-01,2.2404191550e-03,2.5326414034e-03
797,2.8202964229e-02,4.1098499484e-01,3.6332494020e-01,2.2376307752e-03,2.5283745490e-03
798,2.8177218335e-02,4.1060981527e-01,3.6301738024e-01,2.2350158542e-03,2.5242276024e-03
799,2.8151510276e-02,4.1023518704e-01,3.6270752549e-01,2.2325715981e-03,2.5201945100e-03
800,2.8125829826e-02,4.0986096114e-01,3.6239537597e-01,2.2302896250e-03,2.5162689853e-03
801,2.8100195774e-02,4.0948741138e-01,3.6208125949e-01,2.2281676065e-03,2.5124475360e-03
802,2.8074597257e-02,4.0911437944e-01,3.6176514626e-01,2.2261952981e-03,2.5087280665e-03
803,2.8049035807e-02,4.0874188766e-01,3.6144709587e-01,2.2243622225e-03,2.5051168632e-03
804,2.8023514365e-02,4.0836997889e-01,3.6112728715e-01,2.2226637229e-03,2.5016055442e-03
805,2.7998032803e-02,4.0799865127e-01,3.6080580950e-01,2.2210939787e-03,2.4981901515e-03
806,2.7972588309e-02,4.0762786381e-01,3.6048275232e-01,2.2196366917e-03,2.4948744103e-03
807,2.7947182672e-02,4.0725764260e-01,3.6015829444e-01,2.2182932589e-03,2.4916415568e-03
808,2.7921813591e-02,4.0688795410e-01,3.5983258486e-01,2.2170483135e-03,2.4884885643e-03
809,2.7896482857e-02,4.0651882440e-01,3.5950568318e-01,2.2158988286e-03,2.4854154326e-03
810,2.7871182160e-02,4.0615013242e-01,3.5917767882e-01,2.2148347925e-03,2.4824105203e-03
811,2.7845918659e-02,4.0578198247e-01,3.5884875059e-01,2.2138454951e-03,2.4794777855e-03
812,2.7820688774e-02,4.0541432239e-01,3.5851892829e-01,2.2129255813e-03,2.4766137358e-03
813,2.7795488160e-02,4.0504708886e-01,3.5818827152e-01,2.2120627109e-03,2.4738190696e-03
814,2.7770315156e-02,4.0468025766e-01,3.5785695910e-01,2.2112571169e-03,2.4710728321e-03
815,2.7745173595e-02,4.0431388468e-01,3.5752516985e-01,2.2104997188e-03,2.4683717638e-03
816,2.7720057087e-02,4.0394787677e-01,3.5719287395e-01,2.2097807378e-03,2.4657195900e-03
817,2.7694968571e-02,4.0358227678e-01,3.5686025023e-01,2.2090927232e-03,2.4631100241e-03
818,2.7669904853e-02,4.0321703814e-01,3.5652735829e-01,2.2084263619e-03,2.4605416693e-03
819,2.7644857112e-02,4.0285203233e-01,3.5619410872e-01,2.2077821195e-03,2.4580103345e-03
820,2.7619833912e-02,4.0248738416e-01,3.5586079955e-01,2.2071499843e-03,2.4555085693e-03
821,2.7594834615e-02,4.0212308429e-01,3.5552746058e-01,2.2065229714e-03,2.4530394003e-03
822,2.7569845543e-02,4.0175893344e-01,3.5519409180e-01,2.2058924660e-03,2.4505916517e-03
823,2.7544881908e-02,4.0139515325e-01,3.5486090183e-01,2.2052633576e-03,2.4481615983e-03
824,2.7519931566e-02,4.0103156678e-01,3.5452789068e-01,2.2046209779e-03,2.4457466789e-03
825,2.7494991577e-02,4.0066813119e-01,3.5419499874e-01,2.2039602045e-03,2.4433531798e-03
826,2.7470068461e-02,4.0030494146e-01,3.5386237502e-01,2.2032754496e-03,2.4409811012e-03
827,2.7445150969e-02,3.9994183369e-01,3.5353004932e-01,2.2025627550e-03,2.4386155419e-03
828,2.7420251115e-02,3.9957898296e-01,3.5319823027e-01,2.2018251475e-03,2.4362499826e-03
829,2.7395355736e-02,3.9921619743e-01,3.5286682844e-01,2.2010500543e-03,2.4338867515e-03
830,2.7370470326e-02,3.9885355718e-01,3.5253584385e-01,2.2002379410e-03,2.4315332994e-03
831,2.7345593353e-02,3.9849103987e-01,3.5220533609e-01,2.1993850823e-03,2.4291852023e-03
832,2.7320720598e-02,3.9812858403e-01,3.5187533498e-01,2.1984828636e-03,2.4268419947e-03
833,2.7295853083e-02,3.9776620455e-01,3.5154587030e-01,2.1975345444e-03,2.4244987871e-03
834,2.7270991959e-02,3.9740391821e-01,3.5121703148e-01,2.1965380292e-03,2.4221506901e-03
835,2.7246129557e-02,3.9704161324e-01,3.5088878870e-01,2.1954907570e-03,2.4197916500e-03
836,2.7221267794e-02,3.9667931758e-01,3.5056117177e-01,2.1943887696e-03,2.4174258579e-03
837,2.7196405648e-02,3.9631701633e-01,3.5023412108e-01,2.1932339296e-03,2.4150556419e-03
838,2.7171548103e-02,3.9595478214e-01,3.4990766644e-01,2.1920232102e-03,2.4126884528e-03
839,2.7146684551e-02,3.9559246041e-01,3.4958171844e-01,2.1907554474e-03,2.4103187025e-03
840,2.7121819848e-02,3.9523012191e-01,3.4925642610e-01,2.1894304082e-03,2.4079391733e-03
841,2.7096954762e-02,3.9486777782e-01,3.4893175960e-01,2.1880550776e-03,2.4055468384e-03
842,2.7072082902e-02,3.9450533502e-01,3.4860768914e-01,2.1866222378e-03,2.4031423964e-03
843,2.7047207079e-02,3.9414283447e-01,3.4828418493e-01,2.1851330530e-03,2.4007319007e-03
844,2.7022325248e-02,3.9378024638e-01,3.4796124697e-01,2.1835896187e-03,2.3983102292e-03
845,2.6997435876e-02,3.9341754839e-01,3.4763872623e-01,2.1819898393e-03,2.3958922829e-03
846,2.6972545226e-02,3.9305483177e-01,3.4731683135e-01,2.1803360432e-03,2.3934640922e-03
847,2.6947640516e-02,3.9269191027e-01,3.4699529409e-01,2.1786312573e-03,2.3910303134e-03
848,2.6922730181e-02,3.9232890680e-01,3.4667435288e-01,2.1768771112e-03,2.3885783739e-03
849,2.6897811538e-02,3.9196578227e-01,3.4635388851e-01,2.1750729065e-03,2.3861164227e-03
850,2.6872880881e-02,3.9160248265e-01,3.4603375196e-01,2.1732212044e-03,2.3836519103e-03
851,2.6847939358e-02,3.9123902470e-01,3.4571400285e-01,2.1713182796e-03,2.3811839055e-03
852,2.6822990294e-02,3.9087545685e-01,3.4539458156e-01,2.1693706512e-03,2.3787168320e-03
853,2.6798027042e-02,3.9051168226e-01,3.4507545829e-01,2.1673792507e-03,2.3762430064e-03
854,2.6773051520e-02,3.9014772885e-01,3.4475666285e-01,2.1653475706e-03,2.3737591691e-03
855,2.6748064877e-02,3.8978361338e-01,3.4443816543e-01,2.1632779390e-03,2.3712669499e-03
856,2.6723065068e-02,3.8941930607e-01,3.4411990643e-01,2.1611715201e-03,2.3687684443e-03
857,2.6698051072e-02,3.8905479200e-01,3.4380179644e-01,2.1590238903e-03,2.3662757594e-03
858,2.6673023910e-02,3.8869008608e-01,3.4348389506e-01,2.1568364464e-03,2.3637826089e-03
859,2.6647980898e-02,3.8832514919e-01,3.4316608310e-01,2.1546212956e-03,2.3612852674e-03
860,2.6622922676e-02,3.8795999065e-01,3.4284836054e-01,2.1523772739e-03,2.3587855976e-03
861,2.6597848093e-02,3.8759459369e-01,3.4253075719e-01,2.1501011215e-03,2.3562824354e-03
862,2.6572761367e-02,3.8722901978e-01,3.4221324325e-01,2.1478009876e-03,2.3537767120e-03
863,2.6547657896e-02,3.8686320186e-01,3.4189578891e-01,2.1454698872e-03,2.3512714542e-03
864,2.6522533847e-02,3.8649708405e-01,3.4157818556e-01,2.1431166679e-03,2.3487731814e-03
865,2.6497392669e-02,3.8613071665e-01,3.4126055241e-01,2.1407373715e-03,2.3462790996e-03
866,2.6472236665e-02,3.8576413319e-01,3.4094288945e-01,2.1383403800e-03,2.3437838536e-03
867,2.6447064683e-02,3.8539731689e-01,3.4062525630e-01,2.1359263919e-03,2.3412795272e-03
868,2.6421869309e-02,3.8503015973e-01,3.4030744433e-01,2.1334914491e-03,2.3387800902e-03
869,2.6396657192e-02,3.8466275856e-01,3.3998948336e-01,2.1310376469e-03,2.3362899665e-03
870,2.6371422322e-02,3.8429502584e-01,3.3967137337e-01,2.1285649855e-03,2.3338003084e-03
871,2.6346172754e-02,3.8392707892e-01,3.3935314417e-01,2.1260760259e-03,2.3313174024e-03
872,2.6320897365e-02,3.8355875574e-01,3.3903467655e-01,2.1235735621e-03,2.3288342636e-03
873,2.6295607533e-02,3.8319022208e-01,3.3871611953e-01,2.1210615523e-03,2.3263487965e-03
874,2.6270290603e-02,3.8282129355e-01,3.3839726448e-01,2.1185351070e-03,2.3238677531e-03
875,2.6244956162e-02,3.8245210983e-01,3.3807826042e-01,2.1159916651e-03,2.3213932291e-03
876,2.6219596796e-02,3.8208256289e-01,3.3775895834e-01,2.1134344861e-03,2.3189259227e-03
877,2.6194218384e-02,3.8171273842e-01,3.3743938804e-01,2.1108698566e-03,2.3164651357e-03
878,2.6168822589e-02,3.8134266064e-01,3.3711963892e-01,2.1083001047e-03,2.3140020203e-03
879,2.6143394967e-02,3.8097211905e-01,3.3679956198e-01,2.1057166159e-03,2.3115391377e-03
880,2.6117946127e-02,3.8060126826e-01,3.3647918701e-01,2.1031242795e-03,2.3090839386e-03
881,2.6092475557e-02,3.8023010083e-01,3.3615854383e-01,2.1005230956e-03,2.3066324648e-03
882,2.6066979168e-02,3.7985855713e-01,3.3583757281e-01,2.0979132969e-03,2.3041851819e-03
883,2.6041462072e-02,3.7948671170e-01,3.3551636338e-01,2.0952930208e-03,2.3017418571e-03
884,2.6015917622e-02,3.7911446765e-01,3.3519470692e-01,2.0926673897e-03,2.2993087769e-03
885,2.5990351699e-02,3.7874191068e-01,3.3487278223e-01,2.0900364034e-03,2.2968763951e-03
886,2.5964753948e-02,3.7836888991e-01,3.3455049992e-01,2.0873947069e-03,2.2944442462e-03
887,2.5939137281e-02,3.7799559347e-01,3.3422791958e-01,2.0847544074e-03,2.2920130286e-03
888,2.5913489680e-02,3.7762184627e-01,3.3390495181e-01,2.0821033977e-03,2.2895860020e-03
889,2.5887815749e-02,3.7724771537e-01,3.3358159661e-01,2.0794465672e-03,2.2871652618e-03
890,2.5862116254e-02,3.7687321194e-01,3.3325782418e-01,2.0767808892e-03,2.2847580258e-03
891,2.5836392600e-02,3.7649835646e-01,3.3293375373e-01,2.0741119515e-03,2.2823482286e-03
892,2.5810640443e-02,3.7612308562e-01,3.3260935545e-01,2.0714369603e-03,2.2799361032e-03
893,2.5784856970e-02,3.7574735843e-01,3.3228453994e-01,2.0687582437e-03,2.2775237449e-03
894,2.5759049467e-02,3.7537128106e-01,3.3195942640e-01,2.0660739392e-03,2.2751116194e-03
895,2.5733211159e-02,3.7499475479e-01,3.3163377643e-01,2.0633861423e-03,2.2727116011e-03
896,2.5707347159e-02,3.7461785413e-01,3.3130782843e-01,2.0606894977e-03,2.2703132126e-03
897,2.5681453633e-02,3.7424052320e-01,3.3098143339e-01,2.0579872653e-03,2.2679218091e-03
898,2.5655524062e-02,3.7386266701e-01,3.3065459132e-01,2.0552806091e-03,2.2655269131e-03
899,2.5629573784e-02,3.7348450907e-01,3.3032745123e-01,2.0525732543e-03,2.2631324828e-03
900,2.5603587332e-02,3.7310582399e-01,3.2999983430e-01,2.0498614758e-03,2.2607375868e-03
901,2.5577570460e-02,3.7272669561e-01,3.2967180014e-01,2.0471457392e-03,2.2583438549e-03
902,2.5551528023e-02,3.7234719470e-01,3.2934340835e-01,2.0444267429e-03,2.2559519857e-03
903,2.5525450309e-02,3.7196717970e-01,3.2901448011e-01,2.0416977350e-03,2.2535722237e-03
904,2.5499342556e-02,3.7158672698e-01,3.2868510485e-01,2.0389712881e-03,2.2511908319e-03
905,2.5473202465e-02,3.7120580301e-01,3.2835537195e-01,2.0362390205e-03,2.2488040850e-03
906,2.5447031314e-02,3.7082442641e-01,3.2802522182e-01,2.0335090812e-03,2.2464112844e-03
907,2.5420822328e-02,3.7044249848e-01,3.2769447565e-01,2.0307765808e-03,2.2440257017e-03
908,2.5394585989e-02,3.7006017193e-01,3.2736328244e-01,2.0280438475e-03,2.2416450083e-03
909,2.5368311559e-02,3.6967729032e-01,3.2703158259e-01,2.0253045950e-03,2.2392661776e-03
910,2.5342005941e-02,3.6929395422e-01,3.2669937611e-01,2.0225676708e-03,2.2368901409e-03
911,2.5315663000e-02,3.6891007423e-01,3.2636672258e-01,2.0198305137e-03,2.2345047910e-03
912,2.5289286569e-02,3.6852570623e-01,3.2603359222e-01,2.0170931239e-03,2.2321182769e-03
913,2.5262878951e-02,3.6814088374e-01,3.2569998503e-01,2.0143582951e-03,2.2297315300e-03
914,2.5236428130e-02,3.6775543168e-01,3.2536569238e-01,2.0116150845e-03,2.2273589857e-03
915,2.5209945609e-02,3.6736951768e-01,3.2503098249e-01,2.0088751335e-03,2.2249785252e-03
916,2.5183421930e-02,3.6698300391e-01,3.2469567657e-01,2.0061377436e-03,2.2225950379e-03
917,2.5156863484e-02,3.6659598351e-01,3.2435995340e-01,2.0033984911e-03,2.2202045657e-03
918,2.5130267076e-02,3.6620840989e-01,3.2402360439e-01,2.0006615669e-03,2.2178189829e-03
919,2.5103633216e-02,3.6582029052e-01,3.2368665934e-01,1.9979299977e-03,2.2154331673e-03
920,2.5076957559e-02,3.6543156207e-01,3.2334911823e-01,1.9951942377e-03,2.2130501457e-03
921,2.5050241639e-02,3.6504224688e-01,3.2301095128e-01,1.9924615044e-03,2.2106680553e-03
922,2.5023486989e-02,3.6465236731e-01,3.2267227769e-01,1.9897329621e-03,2.2082759533e-03
923,2.4996688114e-02,3.6426184326e-01,3.2233294845e-01,1.9870111719e-03,2.2058782633e-03
924,2.4969850509e-02,3.6387075484e-01,3.2199302316e-01,1.9842907786e-03,2.2034824360e-03
925,2.4942970084e-02,3.6347904243e-01,3.2165241241e-01,1.9815741107e-03,2.2010889370e-03
926,2.4916043517e-02,3.6308665760e-01,3.2131111622e-01,1.9788595382e-03,2.1986947395e-03
927,2.4889072468e-02,3.6269362457e-01,3.2096913457e-01,1.9761463627e-03,2.1963026375e-03
928,2.4862059366e-02,3.6229997873e-01,3.2062658668e-01,1.9734434318e-03,2.1938956343e-03
929,2.4834996542e-02,3.6190560833e-01,3.2028326392e-01,1.9707477186e-03,2.1914867684e-03
930,2.4807885275e-02,3.6151053198e-01,3.1993919611e-01,1.9680545665e-03,2.1890790667e-03
931,2.4780730421e-02,3.6111482047e-01,3.1959441304e-01,1.9653681666e-03,2.1866725292e-03
932,2.4753527251e-02,3.6071840487e-01,3.1924891472e-01,1.9626847934e-03,2.1842641290e-03
933,2.4726268862e-02,3.6032118462e-01,3.1890264153e-01,1.9600074738e-03,2.1818468813e-03
934,2.4698961007e-02,3.5992324352e-01,3.1855565310e-01,1.9573383033e-03,2.1794207860e-03
935,2.4671602280e-02,3.5952456109e-01,3.1820783019e-01,1.9546733238e-03,2.1769998129e-03
936,2.4644191914e-02,3.5912512615e-01,3.1785917282e-01,1.9520182395e-03,2.1745772101e-03
937,2.4616724668e-02,3.5872486234e-01,3.1750965118e-01,1.9493725849e-03,2.1721485537e-03
938,2.4589199008e-02,3.5832374729e-01,3.1715929508e-01,1.9467329839e-03,2.1697122138e-03
939,2.4561621708e-02,3.5792187974e-01,3.1680810452e-01,1.9441014156e-03,2.1672761068e-03
940,2.4533982800e-02,3.5751911439e-01,3.1645596027e-01,1.9414775306e-03,2.1648379043e-03
941,2.4506280876e-02,3.5711543076e-01,3.1610286236e-01,1.9388608634e-03,2.1623959765e-03
942,2.4478522455e-02,3.5671092384e-01,3.1574890018e-01,1.9362559542e-03,2.1599463653e-03
943,2.4450698847e-02,3.5630546696e-01,3.1539395452e-01,1.9336639671e-03,2.1574874409e-03
944,2.4422808133e-02,3.5589903221e-01,3.1503796577e-01,1.9310768694e-03,2.1550296806e-03
945,2.4394852997e-02,3.5549165867e-01,3.1468087435e-01,1.9284988521e-03,2.1525796037e-03
946,2.4366834847e-02,3.5508336686e-01,3.1432285905e-01,1.9259342225e-03,2.1501164883e-03
947,2.4338740515e-02,3.5467396490e-01,3.1396374106e-01,1.9233796047e-03,2.1476426627e-03
948,2.4310581507e-02,3.5426362045e-01,3.1360358000e-01,1.9208375597e-03,2.1451665089e-03
949,2.4282344528e-02,3.5385213979e-01,3.1324222684e-01,1.9183020340e-03,2.1426891908e-03
950,2.4254035459e-02,3.5343960859e-01,3.1287974119e-01,1.9157768693e-03,2.1402097773e-03
951,2.4225646886e-02,3.5302591883e-01,3.1251597404e-01,1.9132606685e-03,2.1377338562e-03
952,2.4197182388e-02,3.5261112265e-01,3.1215107441e-01,1.9107568078e-03,2.1352479234e-03
953,2.4168635446e-02,3.5219512507e-01,3.1178495288e-01,1.9082664512e-03,2.1327505819e-03
954,2.4140003376e-02,3.5177788697e-01,3.1141760945e-01,1.9057854079e-03,2.1302422974e-03
955,2.4111289501e-02,3.5135945678e-01,3.1104883552e-01,1.9033149583e-03,2.1277472842e-03
956,2.4082488580e-02,3.5093975812e-01,3.1067869067e-01,1.9008563831e-03,2.1252504084e-03
957,2.4053597546e-02,3.5051874630e-01,3.1030714512e-01,1.8984113121e-03,2.1227488760e-03
958,2.4024614610e-02,3.5009639524e-01,3.0993425846e-01,1.8959781155e-03,2.1202354692e-03
959,2.3995542072e-02,3.4967273846e-01,3.0956000090e-01,1.8935572589e-03,2.1177164745e-03
960,2.3966370090e-02,3.4924763255e-01,3.0918419361e-01,1.8911465304e-03,2.1151972469e-03
961,2.3937102115e-02,3.4882112779e-01,3.0880686641e-01,1.8887460465e-03,2.1126801148e-03
962,2.3907735080e-02,3.4839317948e-01,3.0842795968e-01,1.8863565056e-03,2.1101655439e-03
963,2.3878261442e-02,3.4796367772e-01,3.0804753304e-01,1.8839760451e-03,2.1076384000e-03
964,2.3848683504e-02,3.4753265604e-01,3.0766549706e-01,1.8816111842e-03,2.1051047370e-03
965,2.3818999347e-02,3.4710008651e-01,3.0728182197e-01,1.8792531919e-03,2.1025731694e-03
966,2.3789204753e-02,3.4666590765e-01,3.0689641833e-01,1.8769049784e-03,2.1000439301e-03
967,2.3759300874e-02,3.4623013623e-01,3.0650934577e-01,1.8745688722e-03,2.0975102670e-03
968,2.3729276332e-02,3.4579260647e-01,3.0612048507e-01,1.8722421955e-03,2.0949698519e-03
969,2.3699140331e-02,3.4535345249e-01,3.0572986603e-01,1.8699271604e-03,2.0924315322e-03
970,2.3668878811e-02,3.4491246939e-01,3.0533736944e-01,1.8676187610e-03,2.0898911171e-03
971,2.3638499953e-02,3.4446977638e-01,3.0494305491e-01,1.8653211882e-03,2.0873509347e-03
972,2.3607994424e-02,3.4402523749e-01,3.0454680324e-01,1.8630342092e-03,2.0848091226e-03
973,2.3577362098e-02,3.4357885085e-01,3.0414864421e-01,1.8607564270e-03,2.0822642837e-03
974,2.3546603103e-02,3.4313061833e-01,3.0374857783e-01,1.8584891222e-03,2.0797147881e-03
975,2.3515705934e-02,3.4268037230e-01,3.0334645510e-01,1.8562256591e-03,2.0771659911e-03
976,2.3484683118e-02,3.4222829528e-01,3.0294233561e-01,1.8539708108e-03,2.0746251103e-03
977,2.3453520466e-02,3.4177418053e-01,3.0253615975e-01,1.8517245771e-03,2.0720774774e-03
978,2.3422217724e-02,3.4131802432e-01,3.0212792754e-01,1.8494796241e-03,2.0695300773e-03
979,2.3390773741e-02,3.4085980989e-01,3.0171757936e-01,1.8472449156e-03,2.0669780206e-03
980,2.3359188901e-02,3.4039954282e-01,3.0130511522e-01,1.8450142816e-03,2.0644285250e-03
981,2.3327458728e-02,3.3993715793e-01,3.0089047551e-01,1.8427910982e-03,2.0618771669e-03
982,2.3295580541e-02,3.3947261609e-01,3.0047363043e-01,1.8405674491e-03,2.0593311638e-03
983,2.3263552164e-02,3.3900588565e-01,3.0005452037e-01,1.8383517163e-03,2.0567846950e-03
984,2.3231370404e-02,3.3853692003e-01,2.9963320494e-01,1.8361345865e-03,2.0542370621e-03
985,2.3199037433e-02,3.3806575090e-01,2.9920965433e-01,1.8339272356e-03,2.0516824443e-03
986,2.3166549288e-02,3.3759232052e-01,2.9878377914e-01,1.8317206996e-03,2.0491334144e-03
987,2.3133902390e-02,3.3711657673e-01,2.9835554957e-01,1.8295135815e-03,2.0465892740e-03
988,2.3101099425e-02,3.3663855866e-01,2.9792499542e-01,1.8273103051e-03,2.0440458320e-03
989,2.3068128887e-02,3.3615809865e-01,2.9749205709e-01,1.8251095898e-03,2.0414947066e-03
990,2.3035003559e-02,3.3567538299e-01,2.9705682397e-01,1.8229091074e-03,2.0389468409e-03
991,2.3001711043e-02,3.3519023098e-01,2.9661914706e-01,1.8207093235e-03,2.0363989752e-03
992,2.2968253766e-02,3.3470267802e-01,2.9617902637e-01,1.8185065128e-03,2.0338587929e-03
993,2.2934632497e-02,3.3421273530e-01,2.9573652148e-01,1.8163027707e-03,2.0313186105e-03
994,2.2900839309e-02,3.3372028731e-01,2.9529163241e-01,1.8140970496e-03,2.0287684165e-03
995,2.2866875993e-02,3.3322536014e-01,2.9484423995e-01,1.8118898151e-03,2.0262221806e-03
996,2.2832742421e-02,3.3272795193e-01,2.9439437389e-01,1.8096766435e-03,2.0236810669e-03
997,2.2798439360e-02,3.3222807385e-01,2.9394203424e-01,1.8074621912e-03,2.0211418159e-03
998,2.2763963358e-02,3.3172567561e-01,2.9348728061e-01,1.8052413361e-03,2.0185981411e-03
999,2.2729312242e-02,3.3122072555e-01,2.9303002357e-01,1.8030217616e-03,2.0160484128e-03
1000,2.2694487164e-02,3.3071324043e-01,2.9257023335e-01,1.8007890321e-03,2.0135117229e-03
1001,2.2659488122e-02,3.3020322025e-01,2.9210796952e-01,1.7985581653e-03,2.0109668840e-03
1002,2.2624311411e-02,3.2969061099e-01,2.9164317250e-01,1.7963161226e-03,2.0084276330e-03
1003,2.2588958563e-02,3.2917543501e-01,2.9117590189e-01,1.7940722173e-03,2.0058811642e-03
1004,2.2553428301e-02,3.2865767367e-01,2.9070603848e-01,1.7918231897e-03,2.0033402834e-03
1005,2.2517722032e-02,3.2813734747e-01,2.9023373127e-01,1.7895650817e-03,2.0007966086e-03
1006,2.2481839115e-02,3.2761444710e-01,2.8975892067e-01,1.7873005709e-03,1.9982520025e-03
1007,2.2445771497e-02,3.2708885521e-01,2.8928157687e-01,1.7850256991e-03,1.9957020413e-03
1008,2.2409530940e-02,3.2656074315e-01,2.8880172968e-01,1.7827415140e-03,1.9931597635e-03
1009,2.2373113096e-02,3.2603004761e-01,2.8831937909e-01,1.7804501113e-03,1.9906167872e-03
1010,2.2336511319e-02,3.2549667172e-01,2.8783458471e-01,1.7781488132e-03,1.9880598411e-03
1011,2.2299733406e-02,3.2496072911e-01,2.8734731674e-01,1.7758393660e-03,1.9855019636e-03
1012,2.2262777568e-02,3.2442219369e-01,2.8685742617e-01,1.7735175788e-03,1.9829592202e-03
1013,2.2225642909e-02,3.2388105243e-01,2.8636512160e-01,1.7711849650e-03,1.9804080948e-03
1014,2.2188329302e-02,3.2333730347e-01,2.8587043285e-01,1.7688429216e-03,1.9778441638e-03
1015,2.2150837770e-02,3.2279096171e-01,2.8537327051e-01,1.7664926127e-03,1.9752765074e-03
1016,2.2113169590e-02,3.2224204578e-01,2.8487360477e-01,1.7641281011e-03,1.9727158360e-03
1017,2.2075319523e-02,3.2169047929e-01,2.8437137604e-01,1.7617493868e-03,1.9701609854e-03
1018,2.2037294342e-02,3.2113636099e-01,2.8386682272e-01,1.7593626399e-03,1.9675912336e-03
1019,2.1999095198e-02,3.2057970762e-01,2.8336003423e-01,1.7569686752e-03,1.9649986643e-03
1020,2.1960715573e-02,3.2002042420e-01,2.8285068274e-01,1.7545563169e-03,1.9624179695e-03
1021,2.1922161345e-02,3.1945859641e-01,2.8233876824e-01,1.7521278933e-03,1.9598549698e-03
1022,2.1883429191e-02,3.1889417581e-01,2.8182467818e-01,1.7496875953e-03,1.9572621677e-03
1023,2.1844527932e-02,3.1832729094e-01,2.8130832314e-01,1.7472415930e-03,1.9546551630e-03
1024,2.1805446063e-02,3.1775777414e-01,2.8078949451e-01,1.7447767314e-03,1.9520511851e-03
1025,2.1766193810e-02,3.1718577445e-01,2.8026816249e-01,1.7422976671e-03,1.9494636217e-03
1026,2.1726769127e-02,3.1661126204e-01,2.7974462509e-01,1.7398037016e-03,1.9468599930e-03
1027,2.1687167542e-02,3.1603417173e-01,2.7921897173e-01,1.7372956499e-03,1.9442243502e-03
1028,2.1647401708e-02,3.1545468792e-01,2.7869105339e-01,1.7347777029e-03,1.9415857969e-03
1029,2.1607459099e-02,3.1487262808e-01,2.7816066146e-01,1.7322362401e-03,1.9389605150e-03
1030,2.1567347640e-02,3.1428810768e-01,2.7762791514e-01,1.7296771985e-03,1.9363419851e-03
1031,2.1527068864e-02,3.1370114908e-01,2.7709323168e-01,1.7271115212e-03,1.9336802652e-03
1032,2.1486620727e-02,3.1311172247e-01,2.7655646205e-01,1.7245296622e-03,1.9309964264e-03
1033,2.1446004122e-02,3.1251984090e-01,2.7601715922e-01,1.7219281290e-03,1.9283400616e-03
1034,2.1405220585e-02,3.1192552671e-01,2.7547565103e-01,1.7193070380e-03,1.9256806700e-03
1035,2.1364270371e-02,3.1132878363e-01,2.7493217587e-01,1.7166692996e-03,1.9229914760e-03
1036,2.1323158336e-02,3.1072968245e-01,2.7438679338e-01,1.7140214331e-03,1.9202675903e-03
1037,2.1281881925e-02,3.1012818590e-01,2.7383911610e-01,1.7113499343e-03,1.9175569760e-03
1038,2.1240438581e-02,3.0952425674e-01,2.7328911424e-01,1.7086560838e-03,1.9148581196e-03
1039,2.1198833673e-02,3.0891797319e-01,2.7273726463e-01,1.7059431411e-03,1.9121277146e-03
1040,2.1157070778e-02,3.0830938742e-01,2.7218356729e-01,1.7032210017e-03,1.9093611045e-03
1041,2.1115147854e-02,3.0769846961e-01,2.7162775397e-01,1.7004720867e-03,1.9065993838e-03
1042,2.1073065154e-02,3.0708522350e-01,2.7106979489e-01,1.6977024497e-03,1.9038403407e-03
1043,2.1030823318e-02,3.0646965839e-01,2.7050992846e-01,1.6949116252e-03,1.9010612741e-03
1044,2.0988427203e-02,3.0585184507e-01,2.6994830370e-01,1.6921098577e-03,1.8982441397e-03
1045,2.0945871825e-02,3.0523171090e-01,2.6938471198e-01,1.6892773565e-03,1.8954225816e-03
1046,2.0903161657e-02,3.0460932106e-01,2.6881894469e-01,1.6864254139e-03,1.8926121993e-03
1047,2.0860298999e-02,3.0398470908e-01,2.6825147867e-01,1.6835576389e-03,1.8897654954e-03
1048,2.0817285514e-02,3.0335789919e-01,2.6768231392e-01,1.6806711210e-03,1.8868874758e-03
1049,2.0774119028e-02,3.0272885971e-01,2.6711121202e-01,1.6777561978e-03,1.8840086414e-03
1050,2.0730802737e-02,3.0209763721e-01,2.6653814316e-01,1.6748205526e-03,1.8811289920e-03
1051,2.0687338558e-02,3.0146425962e-01,2.6596343517e-01,1.6718610423e-03,1.8782214029e-03
1052,2.0643726108e-02,3.0082872137e-01,2.6538720727e-01,1.6688815085e-03,1.8752699252e-03
1053,2.0599966793e-02,3.0019104294e-01,2.6480901241e-01,1.6658755485e-03,1.8723276444e-03
1054,2.0556066748e-02,2.9955131374e-01,2.6422908902e-01,1.6628440935e-03,1.8693784950e-03
1055,2.0512020860e-02,2.9890945926e-01,2.6364764571e-01,1.6597900540e-03,1.8663913943e-03
1056,2.0467831558e-02,2.9826551490e-01,2.6306462288e-01,1.6567158746e-03,1.8633733271e-03
1057,2.0423503699e-02,2.9761955142e-01,2.6247984171e-01,1.6536103794e-03,1.8603606150e-03
1058,2.0379033194e-02,2.9697150923e-01,2.6189342141e-01,1.6504792729e-03,1.8573296256e-03
1059,2.0334431800e-02,2.9632155970e-01,2.6130560040e-01,1.6473293072e-03,1.8542665057e-03
1060,2.0289688526e-02,2.9566954263e-01,2.6071625948e-01,1.6441517510e-03,1.8511767266e-03
1061,2.0244810147e-02,2.9501555674e-01,2.6012524962e-01,1.6409449745e-03,1.8480857834e-03
1062,2.0199800368e-02,2.9435965605e-01,2.5953283906e-01,1.6377138672e-03,1.8449679483e-03
1063,2.0154658935e-02,2.9370183684e-01,2.5893893838e-01,1.6344564501e-03,1.8418334657e-03
1064,2.0109383674e-02,2.9304206744e-01,2.5834372640e-01,1.6311735380e-03,1.8386605661e-03
1065,2.0063983533e-02,2.9238047823e-01,2.5774699450e-01,1.6278665280e-03,1.8354817294e-03
1066,2.0018456467e-02,2.9171703942e-01,2.5714883208e-01,1.6245328588e-03,1.8322878750e-03
1067,1.9972805032e-02,2.9105178826e-01,2.5654941797e-01,1.6211754410e-03,1.8290616572e-03
1068,1.9927027694e-02,2.9038470238e-01,2.5594863296e-01,1.6177896177e-03,1.8258173950e-03
1069,1.9881132889e-02,2.8971590474e-01,2.5534650683e-01,1.6143803950e-03,1.8225592794e-03
1070,1.9835113844e-02,2.8904529661e-01,2.5474315882e-01,1.6109423013e-03,1.8192713615e-03
1071,1.9788979249e-02,2.8837300465e-01,2.5413861871e-01,1.6074751038e-03,1.8159635365e-03
1072,1.9742727699e-02,2.8769900836e-01,2.5353279710e-01,1.6039842740e-03,1.8126368523e-03
1073,1.9696361111e-02,2.8702333570e-01,2.5292578340e-01,1.6004587524e-03,1.8092963146e-03
1074,1.9649882424e-02,2.8634602949e-01,2.5231769681e-01,1.5969114611e-03,1.8059217837e-03
1075,1.9603294580e-02,2.8566713259e-01,2.5170841813e-01,1.5933304094e-03,1.8025409663e-03
1076,1.9556598727e-02,2.8498666175e-01,2.5109818578e-01,1.5897297999e-03,1.7991177738e-03
1077,1.9509792438e-02,2.8430458158e-01,2.5048670173e-01,1.5860953135e-03,1.7956928350e-03
1078,1.9462883254e-02,2.8362100199e-01,2.4987405539e-01,1.5824403381e-03,1.7922542756e-03
1079,1.9415871686e-02,2.8293593042e-01,2.4926069379e-01,1.5787595185e-03,1.7887640279e-03
1080,1.9368760674e-02,2.8224940971e-01,2.4864612520e-01,1.5750521561e-03,1.7852762248e-03
1081,1.9321551112e-02,2.8156145290e-01,2.4803054333e-01,1.5713166213e-03,1.7817743355e-03
1082,1.9274244280e-02,2.8087207861e-01,2.4741415679e-01,1.5675561735e-03,1.7782361247e-03
1083,1.9226845034e-02,2.8018135764e-01,2.4679693580e-01,1.5637681354e-03,1.7746741651e-03
1084,1.9179350945e-02,2.7948925458e-01,2.4617858231e-01,1.5599506442e-03,1.7711166292e-03
1085,1.9131764954e-02,2.7879581228e-01,2.4555952847e-01,1.5561103355e-03,1.7675179988e-03
1086,1.9084097158e-02,2.7810117789e-01,2.4493969977e-01,1.5522448812e-03,1.7639029538e-03
1087,1.9036338609e-02,2.7740522102e-01,2.4431893229e-01,1.5483496245e-03,1.7602791777e-03
1088,1.8988500877e-02,2.7670811024e-01,2.4369746447e-01,1.5444288729e-03,1.7566356109e-03
1089,1.8940577888e-02,2.7600975707e-01,2.4307535589e-01,1.5404839069e-03,1.7529561883e-03
1090,1.8892578654e-02,2.7531029284e-01,2.4245247245e-01,1.5365115833e-03,1.7492703628e-03
1091,1.8844501706e-02,2.7460969612e-01,2.4182876945e-01,1.5325164422e-03,1.7455761554e-03
1092,1.8796351006e-02,2.7390802465e-01,2.4120455980e-01,1.5284962719e-03,1.7418501666e-03
1093,1.8748126682e-02,2.7320528030e-01,2.4057976902e-01,1.5244537499e-03,1.7380974023e-03
1094,1.8699834037e-02,2.7250154037e-01,2.3995414376e-01,1.5203851508e-03,1.7343545333e-03
1095,1.8651474671e-02,2.7179682814e-01,2.3932804167e-01,1.5162930358e-03,1.7305857036e-03
1096,1.8603046793e-02,2.7109111752e-01,2.3870167136e-01,1.5121764736e-03,1.7267680960e-03
1097,1.8554559543e-02,2.7038454171e-01,2.3807445168e-01,1.5080346493e-03,1.7229743535e-03
1098,1.8506009980e-02,2.6967705786e-01,2.3744671047e-01,1.5038659330e-03,1.7191687366e-03
1099,1.8457401493e-02,2.6896871533e-01,2.3681890965e-01,1.4996816171e-03,1.7152988585e-03
1100,1.8408738170e-02,2.6825957373e-01,2.3619046807e-01,1.4954674989e-03,1.7114430666e-03
1101,1.8360020396e-02,2.6754963864e-01,2.3556137085e-01,1.4912226470e-03,1.7076041549e-03
1102,1.8311251239e-02,2.6683895476e-01,2.3493248224e-01,1.4869632432e-03,1.7036841018e-03
1103,1.8262431785e-02,2.6612753794e-01,2.3430287838e-01,1.4826816041e-03,1.6997843049e-03
1104,1.8213567082e-02,2.6541546173e-01,2.3367279768e-01,1.4783737715e-03,1.6958926572e-03
1105,1.8164655980e-02,2.6470270939e-01,2.3304282129e-01,1.4740474289e-03,1.6919412883e-03
1106,1.8115702570e-02,2.6398934051e-01,2.3241244256e-01,1.4697008301e-03,1.6879891045e-03
1107,1.8066711070e-02,2.6327541657e-01,2.3178154230e-01,1.4653296676e-03,1.6840577591e-03
1108,1.8017678411e-02,2.6256089285e-01,2.3115086555e-01,1.4609375503e-03,1.6800651792e-03
1109,1.7968611178e-02,2.6184586529e-01,2.3051992059e-01,1.4565256424e-03,1.6760688741e-03
1110,1.7919509624e-02,2.6113033760e-01,2.2988852859e-01,1.4520854456e-03,1.6720955027e-03
1111,1.7870380398e-02,2.6041440666e-01,2.2925738990e-01,1.4476306969e-03,1.6680709086e-03
1112,1.7821219472e-02,2.5969801378e-01,2.2862613201e-01,1.4431552263e-03,1.6640330432e-03
1113,1.7772027614e-02,2.5898117013e-01,2.2799444199e-01,1.4386521652e-03,1.6600206727e-03
1114,1.7722813387e-02,2.5826400053e-01,2.2736309469e-01,1.4341325732e-03,1.6559580108e-03
1115,1.7673576728e-02,2.5754650403e-01,2.2673171759e-01,1.4295927249e-03,1.6518859193e-03
1116,1.7624319042e-02,2.5682870112e-01,2.2610002756e-01,1.4250280801e-03,1.6478393227e-03
1117,1.7575040075e-02,2.5611058809e-01,2.2546878457e-01,1.4204500476e-03,1.6437303275e-03
1118,1.7525743596e-02,2.5539221987e-01,2.2483733296e-01,1.4158472186e-03,1.6396414721e-03
1119,1.7476431076e-02,2.5467361789e-01,2.2420595586e-01,1.4112248318e-03,1.6355413245e-03
1120,1.7427104879e-02,2.5395481661e-01,2.2357493639e-01,1.4065857977e-03,1.6314022942e-03
1121,1.7377763790e-02,2.5323579833e-01,2.2294369340e-01,1.4019215014e-03,1.6272889916e-03
1122,1.7328413499e-02,2.5251664594e-01,2.2231286764e-01,1.3972420711e-03,1.6231358750e-03
1123,1.7279054197e-02,2.5179736223e-01,2.2168216109e-01,1.3925441308e-03,1.6189758899e-03
1124,1.7229689142e-02,2.5107799470e-01,2.2105149925e-01,1.3878250029e-03,1.6148245195e-03
1125,1.7180312329e-02,2.5035845581e-01,2.2042123973e-01,1.3830849202e-03,1.6106367111e-03
1126,1.7130932191e-02,2.4963886850e-01,2.1979120374e-01,1.3783250470e-03,1.6064414522e-03
1127,1.7081548220e-02,2.4891922530e-01,2.1916118264e-01,1.3735429384e-03,1.6022613272e-03
1128,1.7032158432e-02,2.4819949735e-01,2.1853175759e-01,1.3687453466e-03,1.5980286989e-03
1129,1.6982769220e-02,2.4747977778e-01,2.1790249646e-01,1.3639244717e-03,1.5938035212e-03
1130,1.6933375086e-02,2.4675998650e-01,2.1727333963e-01,1.3590818271e-03,1.5895828838e-03
1131,1.6883984085e-02,2.4604024086e-01,2.1664491296e-01,1.3542220695e-03,1.5853107907e-03
1132,1.6834590271e-02,2.4532045424e-01,2.1601651609e-01,1.3493417064e-03,1.5810522018e-03
1133,1.6785198055e-02,2.4460069090e-01,2.1538849175e-01,1.3444435317e-03,1.5767764999e-03
1134,1.6735806286e-02,2.4388093408e-01,2.1476092935e-01,1.3395267306e-03,1.5724736731e-03
1135,1.6686416626e-02,2.4316120800e-01,2.1413366497e-01,1.3345869957e-03,1.5681673540e-03
1136,1.6637024985e-02,2.4244145304e-01,2.1350681782e-01,1.3296275865e-03,1.5638358891e-03
1137,1.6587637498e-02,2.4172175862e-01,2.1288037300e-01,1.3246467570e-03,1.5594918514e-03
1138,1.6538249692e-02,2.4100205954e-01,2.1225439012e-01,1.3196471846e-03,1.5551197575e-03
1139,1.6488864250e-02,2.4028239492e-01,2.1162869036e-01,1.3146240963e-03,1.5507463831e-03
1140,1.6439473888e-02,2.3956265859e-01,2.1100357175e-01,1.3095758623e-03,1.5463328455e-03
1141,1.6390085187e-02,2.3884294648e-01,2.1037888527e-01,1.3045051601e-03,1.5419009142e-03
1142,1.6340695910e-02,2.3812322598e-01,2.0975452662e-01,1.2994132703e-03,1.5374566428e-03
1143,1.6291305420e-02,2.3740348779e-01,2.0913085341e-01,1.2943015900e-03,1.5329618473e-03
1144,1.6241909625e-02,2.3668367229e-01,2.0850740373e-01,1.2891624356e-03,1.5284644905e-03
1145,1.6192511401e-02,2.3596382141e-01,2.0788452029e-01,1.2840019772e-03,1.5239281347e-03
1146,1.6143107937e-02,2.3524389416e-01,2.0726233721e-01,1.2788225431e-03,1.5193332219e-03
1147,1.6093696611e-02,2.3452385236e-01,2.0664006472e-01,1.2736120261e-03,1.5147667145e-03
1148,1.6044277361e-02,2.3380369507e-01,2.0601910353e-01,1.2683859095e-03,1.5100731980e-03
1149,1.5994848014e-02,2.3308339063e-01,2.0539784431e-01,1.2631262653e-03,1.5054283431e-03
1150,1.5945408121e-02,2.3236293253e-01,2.0477759838e-01,1.2578482274e-03,1.5006852336e-03
1151,1.5895957043e-02,2.3164231144e-01,2.0415796340e-01,1.2525431812e-03,1.4958915999e-03
1152,1.5846491906e-02,2.3092148546e-01,2.0353825390e-01,1.2472071685e-03,1.4911160106e-03
1153,1.5797012836e-02,2.3020045646e-01,2.0292018354e-01,1.2418521801e-03,1.4861751115e-03
1154,1.5747519770e-02,2.2947922349e-01,2.0230157673e-01,1.2364585418e-03,1.4813061571e-03
1155,1.5698007914e-02,2.2875771672e-01,2.0168462396e-01,1.2310479069e-03,1.4762614155e-03
1156,1.5648482637e-02,2.2803601436e-01,2.0106755197e-01,1.2256004848e-03,1.4712457778e-03
1157,1.5598938124e-02,2.2731403168e-01,2.0045170188e-01,1.2201311765e-03,1.4661017340e-03
1158,1.5549379678e-02,2.2659184597e-01,1.9983635843e-01,1.2146327645e-03,1.4609160135e-03
1159,1.5499810495e-02,2.2586950380e-01,1.9922183454e-01,1.2091074605e-03,1.4556595124e-03
1160,1.5450225909e-02,2.2514693718e-01,1.9860832393e-01,1.2035601540e-03,1.4503011480e-03
1161,1.5400631610e-02,2.2442422900e-01,1.9799524546e-01,1.1979831615e-03,1.4449151931e-03
1162,1.5351034945e-02,2.2370148636e-01,1.9738388062e-01,1.1923868442e-03,1.4393737074e-03
1163,1.5301437578e-02,2.2297873348e-01,1.9677267969e-01,1.1867595604e-03,1.4338458423e-03
1164,1.5251846282e-02,2.2225606907e-01,1.9616355002e-01,1.1811164441e-03,1.4281354379e-03
1165,1.5202267129e-02,2.2153358161e-01,1.9555474818e-01,1.1754421284e-03,1.4224412153e-03
1166,1.5152712071e-02,2.2081144527e-01,1.9494821131e-01,1.1697544251e-03,1.4165689936e-03
1167,1.5103189734e-02,2.2008978575e-01,1.9434224069e-01,1.1640406447e-03,1.4107138850e-03
1168,1.5053714690e-02,2.1936881542e-01,1.9373866916e-01,1.1583165033e-03,1.4046981232e-03
1169,1.5004294354e-02,2.1864864230e-01,1.9313620031e-01,1.1525694281e-03,1.3986747945e-03
1170,1.4954951668e-02,2.1792960074e-01,1.9253593683e-01,1.1468132725e-03,1.3925530948e-03
1171,1.4905697497e-02,2.1721184906e-01,1.9193768501e-01,1.1410459410e-03,1.3863703934e-03
1172,1.4856553699e-02,2.1649570577e-01,1.9134129584e-01,1.1352694128e-03,1.3801716268e-03
1173,1.4807538872e-02,2.1578144189e-01,1.9074772298e-01,1.1294974247e-03,1.3738744892e-03
1174,1.4758673849e-02,2.1506936103e-01,1.9015601277e-01,1.1237217113e-03,1.3676130911e-03
1175,1.4709978700e-02,2.1435975563e-01,1.8956750631e-01,1.1179596186e-03,1.3612653129e-03
1176,1.4661476686e-02,2.1365296468e-01,1.8898108602e-01,1.1122038122e-03,1.3549840078e-03
1177,1.4613189027e-02,2.1294929739e-01,1.8839842081e-01,1.1064740829e-03,1.3486135285e-03
1178,1.4565141286e-02,2.1224912629e-01,1.8781748414e-01,1.1007580906e-03,1.3424061472e-03
1179,1.4517351230e-02,2.1155271027e-01,1.8724188209e-01,1.0950820288e-03,1.3360007433e-03
1180,1.4469841675e-02,2.1086038183e-01,1.8666586280e-01,1.0894119041e-03,1.3300400460e-03
1181,1.4422631794e-02,2.1017242037e-01,1.8609970808e-01,1.0838288581e-03,1.3234423241e-03
1182,1.4375737245e-02,2.0948905405e-01,1.8552537262e-01,1.0782052996e-03,1.3181628892e-03
1183,1.4329181739e-02,2.0881062839e-01,1.8497568369e-01,1.0727910558e-03,1.3107034611e-03
1184,1.4282971858e-02,2.0813723933e-01,1.8439038098e-01,1.0671536438e-03,1.3075321913e-03
1185,1.4237125434e-02,2.0746914670e-01,1.8388235569e-01,1.0621063411e-03,1.2965727365e-03
1186,1.4191651477e-02,2.0680648182e-01,1.8323658407e-01,1.0561359813e-03,1.3008537935e-03
1187,1.4146573187e-02,2.0614958275e-01,1.8287003040e-01,1.0521671502e-03,1.2757880613e-03
1188,1.4101952173e-02,2.0549934730e-01,1.8196024001e-01,1.0444920044e-03,1.3094187016e-03
1189,1.4058046440e-02,2.0485953521e-01,1.8215177953e-01,1.0445050430e-03,1.2262704549e-03
1190,1.4015818856e-02,2.0424417779e-01,1.8014650047e-01,1.0293703526e-03,1.3803973561e-03
1191,1.3977200910e-02,2.0368142147e-01,1.8233151734e-01,1.0444400832e-03,1.0905503295e-03
1192,1.3940857521e-02,2.0315181091e-01,1.7770689726e-01,1.0074129095e-03,1.5370784095e-03
1193,1.3891134506e-02,2.0242722705e-01,1.8117114902e-01,1.0407499503e-03,1.0848578531e-03
1194,1.3841907306e-02,2.0170986839e-01,1.7909690738e-01,1.0230495827e-03,1.2382465648e-03
1195,1.3806688286e-02,2.0119664259e-01,1.7682442069e-01,1.0025568772e-03,1.4346654061e-03
1196,1.3763877268e-02,2.0057278313e-01,1.7940060794e-01,1.0281464783e-03,1.0890710400e-03
1197,1.3716975689e-02,1.9988931436e-01,1.7740699649e-01,1.0091179283e-03,1.2391138589e-03
1198,1.3680540589e-02,1.9935836736e-01,1.7558850348e-01,9.9113408942e-04,1.3858523453e-03
1199,1.3638769195e-02,1.9874965772e-01,1.7755725980e-01,1.0104120011e-03,1.1088277679e-03
1200,1.3594919639e-02,1.9811066426e-01,1.7604470253e-01,9.9544343539e-04,1.2111527612e-03
1201,1.3558285971e-02,1.9757682364e-01,1.7424865067e-01,9.7775377799e-04,1.3550635194e-03
1202,1.3516702280e-02,1.9697084930e-01,1.7574521899e-01,9.9325820338e-04,1.1293047573e-03
1203,1.3475458527e-02,1.9636982866e-01,1.7472055554e-01,9.8424707539e-04,1.1806802358e-03
1204,1.3438601174e-02,1.9583272841e-01,1.7288489640e-01,9.6760859014e-04,1.3271745993e-03
1205,1.3397471117e-02,1.9523336459e-01,1.7396295071e-01,9.8039431032e-04,1.1466470314e-03
1206,1.3358206273e-02,1.9466118142e-01,1.7334249616e-01,9.7657809965e-04,1.1552904034e-03
1207,1.3321062156e-02,1.9411990233e-01,1.7152170837e-01,9.6100539668e-04,1.2988139642e-03
1208,1.3280738579e-02,1.9353229087e-01,1.7223849893e-01,9.7055878723e-04,1.1588203488e-03
1209,1.3242817700e-02,1.9297969248e-01,1.7191633582e-01,9.6956937341e-04,1.1367662810e-03
1210,1.3205507608e-02,1.9243599474e-01,1.7018175125e-01,9.5442699967e-04,1.2709973380e-03
1211,1.3166156422e-02,1.9186255336e-01,1.7060825229e-01,9.6022622893e-04,1.1652038665e-03
1212,1.3129083564e-02,1.9132231269e-01,1.7047677934e-01,9.6010568086e-04,1.1244476773e-03
1213,1.3091833356e-02,1.9077948760e-01,1.6887181997e-01,9.4537885161e-04,1.2453879463e-03
1214,1.3053428870e-02,1.9021984190e-01,1.6907915473e-01,9.4811565941e-04,1.1659531156e-03
1215,1.3016911134e-02,1.8968769070e-01,1.6904041171e-01,9.4826967688e-04,1.1164582102e-03
1216,1.2979932736e-02,1.8914882652e-01,1.6757442057e-01,9.3472434673e-04,1.2227162952e-03
1217,1.2942364256e-02,1.8860136345e-01,1.6762664914e-01,9.3587726587e-04,1.1615941767e-03
1218,1.2906261041e-02,1.8807525281e-01,1.6760435700e-01,9.3637278769e-04,1.1107168393e-03
1219,1.2869699783e-02,1.8754246738e-01,1.6626833379e-01,9.2456466518e-04,1.2028486235e-03
1220,1.2832844347e-02,1.8700539507e-01,1.6622374952e-01,9.2516903533e-04,1.1529955082e-03
1221,1.2797113152e-02,1.8648470566e-01,1.6616965830e-01,9.2572462745e-04,1.1057801312e-03
1222,1.2761046558e-02,1.8595912866e-01,1.6495132446e-01,9.1539917048e-04,1.1853812030e-03
1223,1.2724807726e-02,1.8543104175e-01,1.6486157477e-01,9.1564870672e-04,1.1412979802e-03
1224,1.2689441585e-02,1.8491567206e-01,1.6474872828e-01,9.1555825202e-04,1.1011360912e-03
1225,1.2653897327e-02,1.8439770676e-01,1.6363793612e-01,9.0610043844e-04,1.1698766612e-03
1226,1.2618213554e-02,1.8387770839e-01,1.6354204714e-01,9.0592133347e-04,1.1276447913e-03
1227,1.2583217004e-02,1.8336772453e-01,1.6335223615e-01,9.0470805299e-04,1.0968407150e-03
1228,1.2548196617e-02,1.8285739329e-01,1.6234160960e-01,8.9587701950e-04,1.1557013495e-03
1229,1.2513040740e-02,1.8234508764e-01,1.6226087511e-01,8.9548411779e-04,1.1129371123e-03
1230,1.2478409309e-02,1.8184042443e-01,1.6197793186e-01,8.9319871040e-04,1.0930505814e-03
1231,1.2443899818e-02,1.8133753818e-01,1.6106548905e-01,8.8524812600e-04,1.1419567745e-03
1232,1.2409260654e-02,1.8083276227e-01,1.6100426018e-01,8.8501762366e-04,1.0978325736e-03
1233,1.2374992231e-02,1.8033338897e-01,1.6061611474e-01,8.8190060342e-04,1.0898268083e-03
1234,1.2340959637e-02,1.7983745225e-01,1.5980960429e-01,8.7512185564e-04,1.1276629521e-03
1235,1.2306841723e-02,1.7934027221e-01,1.5975841880e-01,8.7510875892e-04,1.0830765823e-03
1236,1.2272945640e-02,1.7884632479e-01,1.5926346183e-01,8.7119115051e-04,1.0870951228e-03
1237,1.2239339390e-02,1.7835660093e-01,1.5857991576e-01,8.6561578792e-04,1.1120527051e-03
1238,1.2205740105e-02,1.7786697857e-01,1.5851590037e-01,8.6544291116e-04,1.0696649551e-03
1239,1.2172239817e-02,1.7737879883e-01,1.5792772174e-01,8.6064310744e-04,1.0844646022e-03
1240,1.2139016004e-02,1.7689464800e-01,1.5738470852e-01,8.5617002333e-04,1.0948239360e-03
1241,1.2105904353e-02,1.7641213164e-01,1.5727175772e-01,8.5534009850e-04,1.0586973513e-03
1242,1.2072834627e-02,1.7593022622e-01,1.5662211180e-01,8.4982771659e-04,1.0809836676e-03
1243,1.2039966409e-02,1.7545125727e-01,1.5622399747e-01,8.4642361617e-04,1.0763023747e-03
1244,1.2007289794e-02,1.7497508042e-01,1.5601909161e-01,8.4463413805e-04,1.0509646963e-03
1245,1.1974676066e-02,1.7449981999e-01,1.5535879135e-01,8.3897577133e-04,1.0751270456e-03
1246,1.1942174691e-02,1.7402619682e-01,1.5508413315e-01,8.3659548545e-04,1.0576108471e-03
1247,1.1909868562e-02,1.7355541885e-01,1.5475307405e-01,8.3376502153e-04,1.0464694351e-03
1248,1.1877690828e-02,1.7308651190e-01,1.5414653718e-01,8.2867132733e-04,1.0653261561e-03
1249,1.1845590170e-02,1.7261872813e-01,1.5394185483e-01,8.2696881145e-04,1.0407185182e-03
1250,1.1813628707e-02,1.7215297278e-01,1.5348154306e-01,8.2317885244e-04,1.0439640610e-03
1251,1.1781827914e-02,1.7168955877e-01,1.5298853815e-01,8.1914174370e-04,1.0509602726e-03
1252,1.1750139028e-02,1.7122777551e-01,1.5277424455e-01,8.1740412861e-04,1.0279489215e-03
1253,1.1718544984e-02,1.7076737434e-01,1.5223029256e-01,8.1296579447e-04,1.0407423833e-03
1254,1.1687079463e-02,1.7030884605e-01,1.5187346935e-01,8.1003981177e-04,1.0334978579e-03
1255,1.1655759594e-02,1.6985244025e-01,1.5157164633e-01,8.0753181828e-04,1.0205475846e-03
1256,1.1624545814e-02,1.6939758044e-01,1.5103147924e-01,8.0308009638e-04,1.0335299885e-03
1257,1.1593427581e-02,1.6894411296e-01,1.5077002347e-01,8.0085027730e-04,1.0165587300e-03
1258,1.1562431862e-02,1.6849243082e-01,1.5034821630e-01,7.9732143786e-04,1.0170999449e-03
1259,1.1531565626e-02,1.6804263555e-01,1.4990015328e-01,7.9358241055e-04,1.0206658626e-03
1260,1.1500804841e-02,1.6759437695e-01,1.4963869750e-01,7.9132796964e-04,1.0042400099e-03
1261,1.1470141646e-02,1.6714754049e-01,1.4914266765e-01,7.8723666957e-04,1.0132506723e-03
1262,1.1439587354e-02,1.6670229100e-01,1.4881470799e-01,7.8448723070e-04,1.0042709764e-03
1263,1.1409147270e-02,1.6625870578e-01,1.4846245944e-01,7.8156887321e-04,9.9805579521e-04
1264,1.1378817941e-02,1.6581673454e-01,1.4799655974e-01,7.7779137064e-04,1.0042261565e-03
1265,1.1348584829e-02,1.6537616542e-01,1.4772221446e-01,7.7551690629e-04,9.8987820093e-04
1266,1.1318447135e-02,1.6493698675e-01,1.4727285504e-01,7.7190308366e-04,9.9451013375e-04
1267,1.1288412687e-02,1.6449931264e-01,1.4691330492e-01,7.6899363194e-04,9.8960718606e-04
1268,1.1258485992e-02,1.6406320874e-01,1.4658190310e-01,7.6630094554e-04,9.8182959482e-04
1269,1.1228653500e-02,1.6362847760e-01,1.4613059163e-01,7.6269276906e-04,9.8709587473e-04
1270,1.1198913581e-02,1.6319509549e-01,1.4584036171e-01,7.6031009667e-04,9.7516324604e-04
1271,1.1169265821e-02,1.6276305635e-01,1.4541557431e-01,7.5690506492e-04,9.7784318496e-04
1272,1.1139712456e-02,1.6233239276e-01,1.4505699277e-01,7.5400411151e-04,9.7353587626e-04
1273,1.1110255084e-02,1.6190312803e-01,1.4472091198e-01,7.5127399759e-04,9.6694758395e-04
1274,1.1080888176e-02,1.6147518158e-01,1.4429312944e-01,7.4787216727e-04,9.7033311613e-04
1275,1.1051608953e-02,1.6104851291e-01,1.4399394393e-01,7.4543600203e-04,9.6002093051e-04
1276,1.1022412781e-02,1.6062305449e-01,1.4357569814e-01,7.4213609332e-04,9.6259958809e-04
1277,1.0993307266e-02,1.6019891715e-01,1.4323598146e-01,7.3943682946e-04,9.5685670385e-04
1278,1.0964284481e-02,1.5977598540e-01,1.4287976921e-01,7.3663191870e-04,9.5298973611e-04
1279,1.0935348583e-02,1.5935431980e-01,1.4248237014e-01,7.3354708729e-04,9.5364789013e-04
1280,1.0906493531e-02,1.5893383231e-01,1.4217098057e-01,7.3110050289e-04,9.4518467085e-04
1281,1.0877717918e-02,1.5851450246e-01,1.4175693691e-01,7.2792608989e-04,9.4783044187e-04
1282,1.0849021683e-02,1.5809632931e-01,1.4144000411e-01,7.2546245065e-04,9.4017008087e-04
1283,1.0820403417e-02,1.5767929237e-01,1.4105512202e-01,7.2251807433e-04,9.3989889137e-04
1284,1.0791860277e-02,1.5726335021e-01,1.4070090652e-01,7.1979896165e-04,9.3644543085e-04
1285,1.0763398431e-02,1.5684859268e-01,1.4035880566e-01,7.1717501851e-04,9.3180366093e-04
1286,1.0735007430e-02,1.5643486753e-01,1.3997094333e-01,7.1423233021e-04,9.3216012465e-04
1287,1.0706690947e-02,1.5602222830e-01,1.3965468109e-01,7.1180687519e-04,9.2494790442e-04
1288,1.0678445852e-02,1.5561062936e-01,1.3925717771e-01,7.0882355794e-04,9.2652160674e-04
1289,1.0650270994e-02,1.5520005394e-01,1.3894093037e-01,7.0642243372e-04,9.1948988847e-04
1290,1.0622163753e-02,1.5479046386e-01,1.3855637610e-01,7.0356030483e-04,9.1984844767e-04
1291,1.0594128922e-02,1.5438192897e-01,1.3822309673e-01,7.0107309148e-04,9.1481010895e-04
1292,1.0566160621e-02,1.5397436358e-01,1.3786175847e-01,6.9840846118e-04,9.1285206145e-04
1293,1.0538256358e-02,1.5356773138e-01,1.3750723004e-01,6.9580785930e-04,9.1024232097e-04
1294,1.0510421309e-02,1.5316210780e-01,1.3716803491e-01,6.9333118154e-04,9.0607610764e-04
1295,1.0482647966e-02,1.5275738342e-01,1.3679675758e-01,6.9065153366e-04,9.0541102691e-04
1296,1.0454937318e-02,1.5235357266e-01,1.3647343218e-01,6.8831257522e-04,8.9970149565e-04
1297,1.0427290229e-02,1.5195068810e-01,1.3609182835e-01,6.8559189094e-04,9.0029404964e-04
1298,1.0399703216e-02,1.5154867899e-01,1.3577871025e-01,6.8334827665e-04,8.9364859741e-04
1299,1.0372177651e-02,1.5114756534e-01,1.3539107144e-01,6.8061589263e-04,8.9503353229e-04
1300,1.0344709670e-02,1.5074729081e-01,1.3508559763e-01,6.7844445584e-04,8.8772486197e-04
1301,1.0317299975e-02,1.5034786565e-01,1.3469220698e-01,6.7569914972e-04,8.8986672927e-04
1302,1.0289948118e-02,1.4994928334e-01,1.3439647853e-01,6.7361409310e-04,8.8166643400e-04
1303,1.0262654419e-02,1.4955154853e-01,1.3399255276e-01,6.7083077738e-04,8.8506884640e-04
1304,1.0235414405e-02,1.4915459603e-01,1.3371403515e-01,6.6888722358e-04,8.7516882923e-04
1305,1.0208233571e-02,1.4875850594e-01,1.3328835368e-01,6.6599412821e-04,8.8102114387e-04
1306,1.0181103994e-02,1.4836316276e-01,1.3304294646e-01,6.6429574508e-04,8.6772587383e-04
1307,1.0154034172e-02,1.4796869038e-01,1.3257284462e-01,6.6114845686e-04,8.7843608344e-04
1308,1.0127021933e-02,1.4757505711e-01,1.3239280879e-01,6.5990083385e-04,8.5832399782e-04
1309,1.0100074339e-02,1.4718236588e-01,1.3183175027e-01,6.5620400710e-04,8.7885756511e-04
1310,1.0073203277e-02,1.4679078991e-01,1.3178482652e-01,6.5583107062e-04,8.4476522170e-04
1311,1.0046437379e-02,1.4640074642e-01,1.3103355467e-01,6.5095623722e-04,8.8576291455e-04
1312,1.0019831991e-02,1.4601304196e-01,1.3126683235e-01,6.5239088144e-04,8.2223000936e-04
1313,9.9935242965e-03,1.4562967559e-01,1.3010895252e-01,6.4496765845e-04,9.0710463701e-04
1314,9.9677429324e-03,1.4525397914e-01,1.3093926013e-01,6.5023335628e-04,7.8123854473e-04
1315,9.9429987001e-03,1.4489339618e-01,1.2893787026e-01,6.3743232749e-04,9.5812021755e-04
1316,9.9195601814e-03,1.4455184061e-01,1.3091327250e-01,6.5027817618e-04,7.1357859997e-04
1317,9.8974562635e-03,1.4422973339e-01,1.2756796181e-01,6.2837701989e-04,1.0378001025e-03
1318,9.8725213877e-03,1.4386637229e-01,1.3072074950e-01,6.5033871215e-04,6.6422356758e-04
1319,9.8426575477e-03,1.4343118435e-01,1.2703587115e-01,6.2521599466e-04,1.0143152904e-03
1320,9.8091001882e-03,1.4294217294e-01,1.2896914780e-01,6.3986587338e-04,7.5743661728e-04
1321,9.7805865432e-03,1.4252666058e-01,1.2806881964e-01,6.3389702700e-04,8.1188709009e-04
1322,9.7582058950e-03,1.4220052073e-01,1.2654152513e-01,6.2307273038e-04,9.4282685313e-04
1323,9.7349109821e-03,1.4186105784e-01,1.2852148712e-01,6.3717598096e-04,6.9678109139e-04
1324,9.7064307620e-03,1.4144603256e-01,1.2580627203e-01,6.1764696147e-04,9.4632909168e-04
1325,9.6761161008e-03,1.4100427506e-01,1.2688781321e-01,6.2565173721e-04,7.8599440167e-04
1326,9.6503035807e-03,1.4062812459e-01,1.2663957477e-01,6.2391662505e-04,7.7493832214e-04
1327,9.6273203249e-03,1.4029320329e-01,1.2490875274e-01,6.1153405113e-04,9.2691101599e-04
1328,9.6013887724e-03,1.3991531823e-01,1.2651202083e-01,6.2345032347e-04,7.1687938180e-04
1329,9.5726702318e-03,1.3949682005e-01,1.2466322631e-01,6.1065063346e-04,8.7270879885e-04
1330,9.5456188799e-03,1.3910261681e-01,1.2473553419e-01,6.1184732476e-04,8.2486093743e-04
1331,9.5214897176e-03,1.3875099691e-01,1.2518244982e-01,6.1572552659e-04,7.4112915900e-04
1332,9.4967521320e-03,1.3839051081e-01,1.2336747348e-01,6.0337368632e-04,8.9893006952e-04
1333,9.4694541513e-03,1.3799271360e-01,1.2443149090e-01,6.1184831429e-04,7.4427400250e-04
1334,9.4423148912e-03,1.3759722933e-01,1.2344345450e-01,6.0547038447e-04,8.0990709830e-04
1335,9.4172963251e-03,1.3723264867e-01,1.2277687341e-01,6.0127559118e-04,8.4430194693e-04
1336,9.3927135934e-03,1.3687441917e-01,1.2351009250e-01,6.0700339964e-04,7.2942924453e-04
1337,9.3666469671e-03,1.3649456576e-01,1.2196020782e-01,5.9637555387e-04,8.5706025129e-04
1338,9.3398711312e-03,1.3610437745e-01,1.2241439521e-01,6.0005031992e-04,7.6894793892e-04
1339,9.3142648806e-03,1.3573123282e-01,1.2205907702e-01,5.9789163060e-04,7.6932396041e-04
1340,9.2895728628e-03,1.3537141075e-01,1.2105984986e-01,5.9116253396e-04,8.3999353228e-04
1341,9.2642451321e-03,1.3500232482e-01,1.2172459811e-01,5.9627828887e-04,7.3149439413e-04
1342,9.2380954866e-03,1.3462126162e-01,1.2055902183e-01,5.8856152464e-04,8.1766245421e-04
1343,9.2122399550e-03,1.3424448436e-01,1.2055093050e-01,5.8907561470e-04,7.8027980635e-04
1344,9.1872277799e-03,1.3387999684e-01,1.2050627172e-01,5.8936502319e-04,7.4800744187e-04
1345,9.1623270000e-03,1.3351713261e-01,1.1946966499e-01,5.8276695199e-04,8.2197983284e-04
1346,9.1368330713e-03,1.3314562477e-01,1.1992938071e-01,5.8666587574e-04,7.3495850665e-04
1347,9.1111024199e-03,1.3277066732e-01,1.1906892061e-01,5.8138626628e-04,7.8878836939e-04
1348,9.0857951403e-03,1.3240187941e-01,1.1882047355e-01,5.8034085669e-04,7.7779975254e-04
1349,9.0609158023e-03,1.3203932764e-01,1.1885293573e-01,5.8118888410e-04,7.3745031841e-04
1350,9.0359501857e-03,1.3167551858e-01,1.1791234463e-01,5.7530566119e-04,8.0101174535e-04
1351,9.0106427783e-03,1.3130672881e-01,1.1819060147e-01,5.7778996415e-04,7.3382275878e-04
1352,8.9853015625e-03,1.3093744637e-01,1.1749833822e-01,5.7359831408e-04,7.7031250112e-04
1353,8.9602576242e-03,1.3057249598e-01,1.1718711257e-01,5.7200581068e-04,7.6653255383e-04
1354,8.9354545627e-03,1.3021105574e-01,1.1717100441e-01,5.7242077310e-04,7.3158438317e-04
1355,8.9105983920e-03,1.2984884158e-01,1.1635595560e-01,5.6744803442e-04,7.8184052836e-04
1356,8.8855662451e-03,1.2948406301e-01,1.1651522666e-01,5.6910671992e-04,7.2777690366e-04
1357,8.8605171301e-03,1.2911903718e-01,1.1587582529e-01,5.6542392122e-04,7.5889728032e-04
1358,8.8356379518e-03,1.2875648774e-01,1.1560879648e-01,5.6428048993e-04,7.5048865983e-04
1359,8.8109319696e-03,1.2839646218e-01,1.1547735333e-01,5.6406582007e-04,7.2784506483e-04
1360,8.7862570477e-03,1.2803688925e-01,1.1479491740e-01,5.6020356715e-04,7.6399359386e-04
1361,8.7615047947e-03,1.2767618941e-01,1.1487048119e-01,5.6139077060e-04,7.1918003960e-04
1362,8.7367191487e-03,1.2731500296e-01,1.1422846466e-01,5.5782758864e-04,7.5082626427e-04
1363,8.7120014391e-03,1.2695480650e-01,1.1406025290e-01,5.5738596711e-04,7.3206942761e-04
1364,8.6874079385e-03,1.2659642007e-01,1.1377401650e-01,5.5615056772e-04,7.2608981282e-04
1365,8.6629004609e-03,1.2623928720e-01,1.1325401813e-01,5.5337144295e-04,7.4515549932e-04
1366,8.6384085453e-03,1.2588238111e-01,1.1322683841e-01,5.5380316917e-04,7.1175111225e-04
1367,8.6138983515e-03,1.2552520866e-01,1.1259909719e-01,5.5032543605e-04,7.4228568701e-04
1368,8.5893921201e-03,1.2516809395e-01,1.1252417415e-01,5.5044313194e-04,7.1394885890e-04
1369,8.5649428964e-03,1.2481180998e-01,1.1207084358e-01,5.4812512826e-04,7.2597147664e-04
1370,8.5405742952e-03,1.2445670087e-01,1.1175409704e-01,5.4670561804e-04,7.2355475277e-04
1371,8.5162757713e-03,1.2410261296e-01,1.1155068129e-01,5.4603157332e-04,7.0916156983e-04
1372,8.4920168717e-03,1.2374910247e-01,1.1103228480e-01,5.4336473113e-04,7.2831701254e-04
1373,8.4677816188e-03,1.2339593656e-01,1.1095067114e-01,5.4350250866e-04,7.0102402242e-04
1374,8.4435612249e-03,1.2304298719e-01,1.1040493101e-01,5.4070603801e-04,7.2309956886e-04
1375,8.4193725623e-03,1.2269050023e-01,1.1026678234e-01,5.4049707251e-04,7.0187472738e-04
1376,8.3952353154e-03,1.2233876251e-01,1.0984233022e-01,5.3848617245e-04,7.1115710307e-04
1377,8.3711553318e-03,1.2198785925e-01,1.0955075175e-01,5.3730764193e-04,7.0640310878e-04
1378,8.3471329951e-03,1.2163779605e-01,1.0928692669e-01,5.3629948525e-04,6.9878745126e-04
1379,8.3231587826e-03,1.2128843414e-01,1.0885590315e-01,5.3424370708e-04,7.0900941500e-04
1380,8.2992250252e-03,1.2093966175e-01,1.0869860649e-01,5.3388724336e-04,6.9021829404e-04
1381,8.2753299013e-03,1.2059145235e-01,1.0820592940e-01,5.3145544371e-04,7.0709682768e-04
1382,8.2514700558e-03,1.2024375703e-01,1.0806941241e-01,5.3122895770e-04,6.8620551610e-04
1383,8.2276502180e-03,1.1989664473e-01,1.0759543628e-01,5.2893365500e-04,7.0118717849e-04
1384,8.2038741904e-03,1.1955017084e-01,1.0741306841e-01,5.2843726007e-04,6.8527297117e-04
1385,8.1801450089e-03,1.1920437962e-01,1.0700599104e-01,5.2657816559e-04,6.9326069206e-04
1386,8.1564664761e-03,1.1885932647e-01,1.0674872994e-01,5.2564142970e-04,6.8541819928e-04
1387,8.1328378571e-03,1.1851500068e-01,1.0642059892e-01,5.2428251365e-04,6.8515766179e-04
1388,8.1092589919e-03,1.1817139992e-01,1.0609000921e-01,5.2291597240e-04,6.8522308720e-04
1389,8.0857289860e-03,1.1782851117e-01,1.0583019257e-01,5.2197981859e-04,6.7785207648e-04
1390,8.0622484145e-03,1.1748634279e-01,1.0544206947e-01,5.2027503261e-04,6.8415229907e-04
1391,8.0388159352e-03,1.1714487523e-01,1.0523363948e-01,5.1964650629e-04,6.7147705704e-04
1392,8.0154323152e-03,1.1680411967e-01,1.0480339080e-01,5.1769387210e-04,6.8237900268e-04
1393,7.9920974905e-03,1.1646407517e-01,1.0463497043e-01,5.1729474217e-04,6.6561572021e-04
1394,7.9688120042e-03,1.1612474965e-01,1.0416872799e-01,5.1513605285e-04,6.8046612432e-04
1395,7.9455809694e-03,1.1578621762e-01,1.0404042155e-01,5.1497085951e-04,6.5960874781e-04
1396,7.9224006471e-03,1.1544842459e-01,1.0353103280e-01,5.1256746519e-04,6.7917176057e-04
1397,7.8992786427e-03,1.1511148140e-01,1.0345812142e-01,5.1272544079e-04,6.5261055715e-04
1398,7.8762179600e-03,1.1477543181e-01,1.0288071632e-01,5.0994323101e-04,6.7952828249e-04
1399,7.8532254373e-03,1.1444037547e-01,1.0289981216e-01,5.1063857973e-04,6.4341776306e-04
1400,7.8303172119e-03,1.1410654755e-01,1.0220295936e-01,5.0718564307e-04,6.8317318801e-04
1401,7.8075112106e-03,1.1377420928e-01,1.0238542408e-01,5.0882267533e-04,6.3005584525e-04
1402,7.7848546948e-03,1.1344404938e-01,1.0147184134e-01,5.0414580619e-04,6.9307500962e-04
1403,7.7624096892e-03,1.1311697168e-01,1.0195067525e-01,5.0747586647e-04,6.0915376525e-04
1404,7.7403218447e-03,1.1279509868e-01,1.0064299405e-01,5.0056213513e-04,7.1464834036e-04
1405,7.7187359175e-03,1.1248053983e-01,1.0165330023e-01,5.0693994854e-04,5.7578401174e-04
1406,7.6980470313e-03,1.1217905302e-01,9.9660657346e-02,4.9610383576e-04,7.5573573122e-04
1407,7.6781913080e-03,1.1188970739e-01,1.0153354704e-01,5.0754455151e-04,5.2807148313e-04
1408,7.6594790627e-03,1.1161702499e-01,9.8568432033e-02,4.9097638112e-04,8.1388291437e-04
1409,7.6393805133e-03,1.1132414080e-01,1.0136760771e-01,5.0833914429e-04,4.8731415882e-04
1410,7.6170029647e-03,1.1099804612e-01,9.7839206457e-02,4.8810685985e-04,8.2777708303e-04
1411,7.5893997499e-03,1.1059580091e-01,1.0039968789e-01,5.0479924539e-04,5.1481206901e-04
1412,7.5611841812e-03,1.1018463224e-01,9.8139807582e-02,4.9187126569e-04,7.1261118865e-04
1413,7.5365035713e-03,1.0982497642e-01,9.8504945636e-02,4.9475888954e-04,6.3724420033e-04
1414,7.5165952501e-03,1.0953486431e-01,9.8884835839e-02,4.9738131929e-04,5.6762155145e-04
1415,7.4982469084e-03,1.0926748486e-01,9.6907027066e-02,4.8546961625e-04,7.5057614595e-04
1416,7.4770136367e-03,1.0895806504e-01,9.8794884980e-02,4.9728021258e-04,5.1903782878e-04
1417,7.4525281441e-03,1.0860125255e-01,9.6494652331e-02,4.8360673827e-04,7.2705326602e-04
1418,7.4272480263e-03,1.0823286045e-01,9.7468256950e-02,4.9020716688e-04,5.8625318343e-04
1419,7.4047478663e-03,1.0790497903e-01,9.6956595778e-02,4.8773418530e-04,6.0710415710e-04
1420,7.3849329176e-03,1.0761622759e-01,9.5878593624e-02,4.8186333152e-04,6.9190008799e-04
1421,7.3649349306e-03,1.0732480884e-01,9.7055323422e-02,4.8986735055e-04,5.3708121413e-04
1422,7.3428815656e-03,1.0700343829e-01,9.5134451985e-02,4.7909776913e-04,7.0780084934e-04
1423,7.3191968975e-03,1.0665829573e-01,9.6122398973e-02,4.8617125140e-04,5.6741840672e-04
1424,7.2963654919e-03,1.0632558726e-01,9.5262035728e-02,4.8188003711e-04,6.2447512755e-04
1425,7.2754397232e-03,1.0602064850e-01,9.4729676843e-02,4.7945594997e-04,6.4964120975e-04
1426,7.2553337603e-03,1.0572765628e-01,9.5354042947e-02,4.8391942983e-04,5.5344187422e-04
1427,7.2344504598e-03,1.0542333638e-01,9.3840532005e-02,4.7535082558e-04,6.8292964716e-04
1428,7.2122599119e-03,1.0509996675e-01,9.4713829458e-02,4.8119798885e-04,5.5741576944e-04
1429,7.1899064255e-03,1.0477422271e-01,9.3686126173e-02,4.7550871386e-04,6.3330092235e-04
1430,7.1684695365e-03,1.0446183570e-01,9.3561977148e-02,4.7523490502e-04,6.1475095572e-04
1431,7.1479821905e-03,1.0416328581e-01,9.3705400825e-02,4.7655010712e-04,5.6923838565e-04
1432,7.1276003280e-03,1.0386627307e-01,9.2606127262e-02,4.7047826229e-04,6.5553630702e-04
1433,7.1065748597e-03,1.0355988145e-01,9.3284390867e-02,4.7510629520e-04,5.5244273972e-04
1434,7.0850545681e-03,1.0324627906e-01,9.2189997435e-02,4.6925497008e-04,6.3637318090e-04
1435,7.0636361810e-03,1.0293416167e-01,9.2381663620e-02,4.7110492596e-04,5.8414490195e-04
1436,7.0428002059e-03,1.0263053142e-01,9.2070773244e-02,4.6998061589e-04,5.8599520708e-04
1437,7.0224432683e-03,1.0233388189e-01,9.1428115964e-02,4.6688853763e-04,6.2368804356e-04
1438,7.0021108083e-03,1.0203758907e-01,9.1791667044e-02,4.6970610856e-04,5.5488606449e-04
1439,6.9814990615e-03,1.0173722636e-01,9.0791240335e-02,4.6448118519e-04,6.3011737075e-04
1440,6.9606321539e-03,1.0143314535e-01,9.1152124107e-02,4.6720734099e-04,5.6089478312e-04
1441,6.9398258650e-03,1.0112994770e-01,9.0476274490e-02,4.6382151777e-04,6.0154579114e-04
1442,6.9193154476e-03,1.0083106160e-01,9.0310752392e-02,4.6337183448e-04,5.8865908068e-04
1443,6.8991094654e-03,1.0053661186e-01,9.0228766203e-02,4.6336979722e-04,5.6741473963e-04
1444,6.8790345947e-03,1.0024407273e-01,8.9549161494e-02,4.5990408398e-04,6.0958706308e-04
1445,6.8589001598e-03,9.9950665608e-02,8.9812085032e-02,4.6189088607e-04,5.5196718313e-04
1446,6.8386599219e-03,9.9655716680e-02,8.9010462165e-02,4.5778232743e-04,6.0674309498e-04
1447,6.8183799000e-03,9.9360188004e-02,8.9180491865e-02,4.5928030158e-04,5.5868935306e-04
1448,6.7981934744e-03,9.9066023249e-02,8.8644415140e-02,4.5676223817e-04,5.8539857855e-04
1449,6.7781794779e-03,9.8774371203e-02,8.8451251388e-02,4.5621467871e-04,5.7609728537e-04
1450,6.7583350028e-03,9.8485189490e-02,8.8305085897e-02,4.5593429240e-04,5.6207610760e-04
1451,6.7385937104e-03,9.8197511397e-02,8.7770894170e-02,4.5344966929e-04,5.8921205346e-04
1452,6.7188878561e-03,9.7910349723e-02,8.7876595557e-02,4.5456422959e-04,5.4881122196e-04
1453,6.6991794774e-03,9.7623151261e-02,8.7212063372e-02,4.5132340165e-04,5.8978539892e-04
1454,6.6794718655e-03,9.7335963976e-02,8.7332002819e-02,4.5246261288e-04,5.4793350864e-04
1455,6.6598047407e-03,9.7049366683e-02,8.6761362851e-02,4.4971413445e-04,5.7908624876e-04
1456,6.6402107609e-03,9.6763835289e-02,8.6714528501e-02,4.4986905414e-04,5.5506161880e-04
1457,6.6207186856e-03,9.6479788888e-02,8.6359284818e-02,4.4829215039e-04,5.6375825079e-04
1458,6.6013303682e-03,9.6197254490e-02,8.6088389158e-02,4.4718015124e-04,5.6370638777e-04
1459,6.5820319083e-03,9.5916029532e-02,8.5947588086e-02,4.4678509585e-04,5.5005901959e-04
1460,6.5628064336e-03,9.5635868143e-02,8.5498198867e-02,4.4470201829e-04,5.6906492682e-04
1461,6.5436390531e-03,9.5356553327e-02,8.5495859385e-02,4.4508284191e-04,5.4098654073e-04
1462,6.5245201803e-03,9.5077945385e-02,8.4957838058e-02,4.4254589011e-04,5.6946481345e-04
1463,6.5054503585e-03,9.4800052233e-02,8.5002295673e-02,4.4319315930e-04,5.3658249089e-04
1464,6.4864291722e-03,9.4522867817e-02,8.4459468722e-02,4.4064901886e-04,5.6569086155e-04
1465,6.4674636835e-03,9.4246495049e-02,8.4480941296e-02,4.4116153731e-04,5.3539383225e-04
1466,6.4485592927e-03,9.3971012626e-02,8.3986848593e-02,4.3887630454e-04,5.5954011623e-04
1467,6.4297194191e-03,9.3696470372e-02,8.3949312568e-02,4.3903462938e-04,5.3568114527e-04
1468,6.4109467149e-03,9.3422906939e-02,8.3524942398e-02,4.3709951569e-04,5.5269693257e-04
1469,6.3922420430e-03,9.3150334898e-02,8.3420529962e-02,4.3686132994e-04,5.3611915791e-04
1470,6.3736053393e-03,9.2878753319e-02,8.3064094186e-02,4.3526384979e-04,5.4620206356e-04
1471,6.3550354536e-03,9.2608145438e-02,8.2901120186e-02,4.3468808872e-04,5.3601444233e-04
1472,6.3365321940e-03,9.2338508461e-02,8.2600183785e-02,4.3337658281e-04,5.4045591969e-04
1473,6.3180944742e-03,9.2069826555e-02,8.2392364740e-02,4.3255722267e-04,5.3518894129e-04
1474,6.2997184275e-03,9.1802043375e-02,8.2133255899e-02,4.3146798271e-04,5.3541077068e-04
1475,6.2814084319e-03,9.1535222717e-02,8.1892393529e-02,4.3048005318e-04,5.3380284226e-04
1476,6.2631621545e-03,9.1269330587e-02,8.1665664911e-02,4.2956971447e-04,5.3079688223e-04
1477,6.2449779018e-03,9.1004342306e-02,8.1398151815e-02,4.2844485142e-04,5.3217419190e-04
1478,6.2268575271e-03,9.0740284882e-02,8.1201024354e-02,4.2768300045e-04,5.2624306409e-04
1479,6.2088004873e-03,9.0477150399e-02,8.0905750394e-02,4.2640737956e-04,5.3073262097e-04
1480,6.1908087955e-03,9.0214968193e-02,8.0744273961e-02,4.2581468006e-04,5.2125472575e-04
1481,6.1728802787e-03,8.9953706600e-02,8.0409586430e-02,4.2432040209e-04,5.3009163821e-04
1482,6.1550207847e-03,8.9693450835e-02,8.0302827060e-02,4.2398416554e-04,5.1507819444e-04
1483,6.1372332854e-03,8.9434244204e-02,7.9900227487e-02,4.2212661356e-04,5.3127505817e-04
1484,6.1195295401e-03,8.9176258072e-02,7.9889677465e-02,4.2225923971e-04,5.0639885012e-04
1485,6.1019256862e-03,8.8919727597e-02,7.9359397292e-02,4.1974519263e-04,5.3628784372e-04
1486,6.0844580885e-03,8.8665182702e-02,7.9531162977e-02,4.2078350089e-04,4.9261847744e-04
1487,6.0672091908e-03,8.8413824793e-02,7.8749895096e-02,4.1700710426e-04,5.4938590620e-04
1488,6.0503137475e-03,8.8167617563e-02,7.9282157123e-02,4.1984813288e-04,4.6869789367e-04
1489,6.0341079251e-03,8.7931459770e-02,7.7998019755e-02,4.1355742724e-04,5.7978660334e-04
1490,6.0190489041e-03,8.7712013628e-02,7.9249195755e-02,4.2000834947e-04,4.2627341463e-04
1491,6.0063338149e-03,8.7526724208e-02,7.6988734305e-02,4.0879627340e-04,6.4500269946e-04
1492,5.9962016329e-03,8.7379073957e-02,7.9549439251e-02,4.2201657197e-04,3.6094689858e-04
1493,5.9899306065e-03,8.7287690025e-02,7.5758121908e-02,4.0278374217e-04,7.5017305790e-04
1494,5.9783237808e-03,8.7118550669e-02,7.9776257277e-02,4.2460925761e-04,3.0962011078e-04
1495,5.9583987151e-03,8.6828194559e-02,7.5236074626e-02,4.0085084038e-04,7.5836118776e-04
1496,5.9237994307e-03,8.6323999800e-02,7.8390777111e-02,4.1944216355e-04,3.7388008786e-04
1497,5.8951984526e-03,8.5907214787e-02,7.6546430588e-02,4.0973332943e-04,5.2634510212e-04
1498,5.8824403839e-03,8.5721299052e-02,7.5793094933e-02,4.0535372682e-04,5.8746669674e-04
1499,5.8760546869e-03,8.5628244095e-02,7.7875405550e-02,4.1627543396e-04,3.5900840885e-04
1500,5.8615072656e-03,8.5416253190e-02,7.4652478099e-02,3.9767852286e-04,6.7869899794e-04
1501,5.8345917544e-03,8.5024029482e-02,7.6931685209e-02,4.1027209954e-04,3.9896232192e-04
1502,5.8116324969e-03,8.4689457901e-02,7.5695998967e-02,4.0312623605e-04,4.9621966900e-04
1503,5.7997002734e-03,8.4515576717e-02,7.4734263122e-02,3.9752243902e-04,5.8060896117e-04
1504,5.7889987011e-03,8.4359629080e-02,7.6545067132e-02,4.0766902384e-04,3.7378715933e-04
1505,5.7705234022e-03,8.4090399556e-02,7.4049904943e-02,3.9412846672e-04,6.0992100043e-04
1506,5.7475795789e-03,8.3756052889e-02,7.5315341353e-02,4.0203248500e-04,4.4203866855e-04
1507,5.7308129781e-03,8.3511723205e-02,7.4990838766e-02,4.0093879215e-04,4.5114965178e-04
1508,5.7192570888e-03,8.3343326114e-02,7.3590166867e-02,3.9366443525e-04,5.8165151859e-04
1509,5.7040797383e-03,8.3122155629e-02,7.5183063745e-02,4.0318060201e-04,3.9072858635e-04
1510,5.6842270827e-03,8.2832854707e-02,7.3439113796e-02,3.9385040873e-04,5.4552371148e-04
1511,5.6658147671e-03,8.2564543001e-02,7.3793612421e-02,3.9609850501e-04,4.8099455307e-04
1512,5.6520320930e-03,8.2363696303e-02,7.4150748551e-02,3.9804456173e-04,4.2325019604e-04
1513,5.6383981056e-03,8.2165016327e-02,7.2630800307e-02,3.8933544420e-04,5.6408613455e-04
1514,5.6209492015e-03,8.1910743844e-02,7.3814727366e-02,3.9575732080e-04,4.1384430369e-04
1515,5.6027235511e-03,8.1645152299e-02,7.2800092399e-02,3.8992500049e-04,4.9458100693e-04
1516,5.5873103088e-03,8.1420544302e-02,7.2513639927e-02,3.8816922461e-04,5.0252123037e-04
1517,5.5734796223e-03,8.1218997948e-02,7.3164351285e-02,3.9168063086e-04,4.1378402966e-04
1518,5.5579999456e-03,8.0993421841e-02,7.1807362139e-02,3.8426951505e-04,5.3433643188e-04
1519,5.5407260431e-03,8.0741699552e-02,7.2508744895e-02,3.8840199704e-04,4.3489347445e-04
1520,5.5244661370e-03,8.0504753627e-02,7.2028495371e-02,3.8609103649e-04,4.6153477160e-04
1521,5.5099885054e-03,8.0293779727e-02,7.1411438286e-02,3.8304360351e-04,5.0519051729e-04
1522,5.4953525047e-03,8.0080498010e-02,7.2063371539e-02,3.8696225965e-04,4.1475039325e-04
1523,5.4793700799e-03,7.9847595654e-02,7.0985578001e-02,3.8138133823e-04,5.0482043298e-04
1524,5.4630703897e-03,7.9610069981e-02,7.1300230920e-02,3.8335469435e-04,4.4762922334e-04
1525,5.4478797141e-03,7.9388705315e-02,7.1130380034e-02,3.8255646359e-04,4.4327607611e-04
1526,5.4334110139e-03,7.9177861568e-02,7.0426195860e-02,3.7875003181e-04,4.9641652731e-04
1527,5.4183900353e-03,7.8958969796e-02,7.0956312120e-02,3.8159440737e-04,4.1867137770e-04
1528,5.4026784931e-03,7.8730014851e-02,7.0137888193e-02,3.7711233017e-04,4.8210035311e-04
1529,5.3871618604e-03,7.8503900208e-02,7.0217028260e-02,3.7747953320e-04,4.5120768482e-04
1530,5.3723816468e-03,7.8288516961e-02,7.0172742009e-02,3.7718884414e-04,4.3438863941e-04
1531,5.3578337621e-03,7.8076519305e-02,6.9507144392e-02,3.7360598799e-04,4.8333150335e-04
1532,5.3428588307e-03,7.7858298551e-02,6.9890521467e-02,3.7570259883e-04,4.2107509216e-04
1533,5.3275781218e-03,7.7635621885e-02,6.9248057902e-02,3.7237230572e-04,4.6638408094e-04
1534,5.3125354138e-03,7.7416413464e-02,6.9215700030e-02,3.7232070463e-04,4.4775064453e-04
1535,5.2979294349e-03,7.7203569235e-02,6.9181397557e-02,3.7225286360e-04,4.2996430420e-04
1536,5.2834231237e-03,7.6992177404e-02,6.8603076041e-02,3.6928942427e-04,4.6962071792e-04
1537,5.2686727881e-03,7.6777229551e-02,6.8864069879e-02,3.7073990097e-04,4.2057604878e-04
1538,5.2537732865e-03,7.6560107991e-02,6.8325608969e-02,3.6793696927e-04,4.5551295625e-04
1539,5.2390298531e-03,7.6345260721e-02,6.8268373609e-02,3.6762352102e-04,4.4006516691e-04
1540,5.2245560561e-03,7.6134342700e-02,6.8189352751e-02,3.6715256283e-04,4.2734644376e-04
1541,5.2101771175e-03,7.5924806995e-02,6.7714005709e-02,3.6458659451e-04,4.5649355161e-04
1542,5.1956893722e-03,7.5713685714e-02,6.7880891263e-02,3.6536919652e-04,4.1791025433e-04
1543,5.1811099479e-03,7.5501228450e-02,6.7399002612e-02,3.6278611515e-04,4.4743646868e-04
1544,5.1666001057e-03,7.5289785163e-02,6.7360892892e-02,3.6252636346e-04,4.3036288116e-04
1545,5.1522618618e-03,7.5080842478e-02,6.7207641900e-02,3.6168962833e-04,4.2563045281e-04
1546,5.1380321851e-03,7.4873481877e-02,6.6838428378e-02,3.5976301297e-04,4.4374231948e-04
1547,5.1237898701e-03,7.4665937107e-02,6.6918604076e-02,3.6016741069e-04,4.1456590407e-04
1548,5.1094965870e-03,7.4457649607e-02,6.6475830972e-02,3.5789576941e-04,4.4028612319e-04
1549,5.0952124589e-03,7.4249495519e-02,6.6468499601e-02,3.5784801003e-04,4.2025159928e-04
1550,5.0810205530e-03,7.4042685330e-02,6.6232874990e-02,3.5661607399e-04,4.2436496005e-04
1551,5.0669311268e-03,7.3837368516e-02,6.5976314247e-02,3.5525450949e-04,4.3085092329e-04
1552,5.0528927967e-03,7.3632796295e-02,6.5962396562e-02,3.5509638838e-04,4.1194356163e-04
1553,5.0388525333e-03,7.3428195901e-02,6.5574496984e-02,3.5302210017e-04,4.3234776240e-04
1554,5.0248063103e-03,7.3223508662e-02,6.5582104027e-02,3.5292713437e-04,4.1121331742e-04
1555,5.0107925695e-03,7.3019294767e-02,6.5279617906e-02,3.5125765135e-04,4.2271005805e-04
1556,4.9968423233e-03,7.2816006141e-02,6.5133757889e-02,3.5037405905e-04,4.1785076610e-04
1557,4.9829606047e-03,7.2613716125e-02,6.5010346472e-02,3.4960737685e-04,4.1072961176e-04
1558,4.9691245338e-03,7.2412091307e-02,6.4710065722e-02,3.4797066473e-04,4.2223191122e-04
1559,4.9553057505e-03,7.2210718412e-02,6.4686022699e-02,3.4772319486e-04,4.0474635898e-04
1560,4.9414992700e-03,7.2009524796e-02,6.4360454679e-02,3.4599215724e-04,4.1891486035e-04
1561,4.9277200470e-03,7.1808728389e-02,6.4293459058e-02,3.4555065213e-04,4.0597628686e-04
1562,4.9139840911e-03,7.1608562488e-02,6.4063794911e-02,3.4430873347e-04,4.1016799514e-04
1563,4.9003004775e-03,7.1409159340e-02,6.3877932727e-02,3.4328163019e-04,4.0984104271e-04
1564,4.8866605305e-03,7.1210392518e-02,6.3766144216e-02,3.4260892426e-04,4.0181589429e-04
1565,4.8730530976e-03,7.1012099506e-02,6.3490539789e-02,3.4112363937e-04,4.1103234980e-04
1566,4.8594707495e-03,7.0814172039e-02,6.3430309296e-02,3.4068070818e-04,3.9770556032e-04
1567,4.8459094277e-03,7.0616550976e-02,6.3149899244e-02,3.3915208769e-04,4.0751308552e-04
1568,4.8323805084e-03,7.0419402095e-02,6.3056573272e-02,3.3852609340e-04,3.9775681216e-04
1569,4.8188875224e-03,7.0222776849e-02,6.2840014696e-02,3.3729703864e-04,4.0097918827e-04
1570,4.8054331700e-03,7.0026714588e-02,6.2670342624e-02,3.3629417885e-04,3.9934300003e-04
1571,4.7920174353e-03,6.9831215078e-02,6.2531724572e-02,3.3544295002e-04,3.9450608892e-04
1572,4.7786334478e-03,6.9636178203e-02,6.2297999859e-02,3.3413880737e-04,3.9967906196e-04
1573,4.7652784436e-03,6.9441563683e-02,6.2204468995e-02,3.3350902959e-04,3.9020043914e-04
1574,4.7519514319e-03,6.9247357082e-02,6.1951316893e-02,3.3212095150e-04,3.9748306153e-04
1575,4.7386504636e-03,6.9053529995e-02,6.1855044216e-02,3.3148285002e-04,3.8836573367e-04
1576,4.7253805715e-03,6.8860155763e-02,6.1626072973e-02,3.3021348645e-04,3.9319478674e-04
1577,4.7121419473e-03,6.8667237181e-02,6.1493091285e-02,3.2939788071e-04,3.8801672054e-04
1578,4.6989340320e-03,6.8474766100e-02,6.1309967190e-02,3.2833803562e-04,3.8814186701e-04
1579,4.6857595256e-03,6.8282781867e-02,6.1131797731e-02,3.2729745726e-04,3.8780094474e-04
1580,4.6726140344e-03,6.8091220455e-02,6.0991529375e-02,3.2643089071e-04,3.8353822310e-04
1581,4.6594996034e-03,6.7900111666e-02,6.0780055821e-02,3.2522511901e-04,3.8678047713e-04
1582,4.6464119986e-03,6.7709393799e-02,6.0664791614e-02,3.2446871046e-04,3.7999151391e-04
1583,4.6333523066e-03,6.7519082688e-02,6.0440566391e-02,3.2320397440e-04,3.8464766112e-04
1584,4.6203177791e-03,6.7329138285e-02,6.0329400003e-02,3.2246543560e-04,3.7750840420e-04
1585,4.6073133053e-03,6.7139631836e-02,6.0111153871e-02,3.2123428537e-04,3.8161349948e-04
1586,4.5943346991e-03,6.6950502340e-02,5.9988643974e-02,3.2044792897e-04,3.7573790178e-04
1587,4.5813833185e-03,6.6761769587e-02,5.9787727892e-02,3.1930106343e-04,3.7810311187e-04
1588,4.5684607774e-03,6.6573457094e-02,5.9646621346e-02,3.1842949102e-04,3.7425410119e-04
1589,4.5555648547e-03,6.6385532496e-02,5.9466633946e-02,3.1737901736e-04,3.7451082608e-04
1590,4.5426973720e-03,6.6198022338e-02,5.9306412935e-02,3.1641742680e-04,3.7274352508e-04
1591,4.5298549261e-03,6.6010877024e-02,5.9145655483e-02,3.1544873491e-04,3.7107343087e-04
1592,4.5170395780e-03,6.5824126592e-02,5.8969497681e-02,3.1440722523e-04,3.7105564843e-04
1593,4.5042494904e-03,6.5637744265e-02,5.8824129403e-02,3.1350369682e-04,3.6785780685e-04
1594,4.4914853981e-03,6.5451740753e-02,5.8635845780e-02,3.1240287353e-04,3.6918662954e-04
1595,4.4787464385e-03,6.5266103484e-02,5.8502361178e-02,3.1154727913e-04,3.6482693395e-04
1596,4.4660345767e-03,6.5080861095e-02,5.8304909617e-02,3.1040341128e-04,3.6719173659e-04
1597,4.4533445561e-03,6.4895936986e-02,5.8180969208e-02,3.0959059950e-04,3.6190618994e-04
1598,4.4406823205e-03,6.4711417770e-02,5.7975664735e-02,3.0841454281e-04,3.6516075488e-04
1599,4.4280440031e-03,6.4527247101e-02,5.7860948145e-02,3.0764495023e-04,3.5898495116e-04
1600,4.4154294763e-03,6.4343423117e-02,5.7646866888e-02,3.0643242644e-04,3.6322319647e-04
1601,4.4028395228e-03,6.4159957226e-02,5.7543639094e-02,3.0571580282e-04,3.5591601045e-04
1602,4.3902736795e-03,6.3976842677e-02,5.7316936553e-02,3.0444981530e-04,3.6154079135e-04
1603,4.3777349179e-03,6.3794122776e-02,5.7230770588e-02,3.0380705721e-04,3.5252814996e-04
1604,4.3652191481e-03,6.3611737918e-02,5.6983910501e-02,3.0245221569e-04,3.6033050856e-04
1605,4.3527308435e-03,6.3429753296e-02,5.6924991310e-02,3.0192540726e-04,3.4855079139e-04
1606,4.3402700682e-03,6.3248169841e-02,5.6644406170e-02,3.0042289291e-04,3.5995346843e-04
1607,4.3278392187e-03,6.3067022478e-02,5.6630712003e-02,3.0008907197e-04,3.4354196396e-04
1608,4.3154437115e-03,6.2886390137e-02,5.6292619556e-02,2.9833475128e-04,3.6104230094e-04
1609,4.3030917270e-03,6.2706392026e-02,5.6355722249e-02,2.9833204462e-04,3.3673492726e-04
1610,4.2907991948e-03,6.2527260277e-02,5.5918082595e-02,2.9615094536e-04,3.6476683454e-04
1611,4.2785883396e-03,6.2349318760e-02,5.6114587933e-02,2.9672126402e-04,3.2675181865e-04
1612,4.2665139802e-03,6.2173366314e-02,5.5501483381e-02,2.9378820909e-04,3.7340007839e-04
1613,4.2546445962e-03,6.2000400852e-02,5.5934630334e-02,2.9537657974e-04,3.1120044878e-04
1614,4.2431611488e-03,6.1833059415e-02,5.5008146912e-02,2.9110405012e-04,3.9138717693e-04
1615,4.2322495682e-03,6.1674051452e-02,5.5864561349e-02,2.9451516457e-04,2.8643384576e-04
1616,4.2224940719e-03,6.1531890417e-02,5.4384052753e-02,2.8787052725e-04,4.2691323324e-04
1617,4.2141174661e-03,6.1409823131e-02,5.5972278118e-02,2.9447200359e-04,2.4928251514e-04
1618,4.2085110559e-03,6.1328124255e-02,5.3590700030e-02,2.8390987427e-04,4.8983254237e-04
1619,4.2036876712e-03,6.1257835943e-02,5.6241191924e-02,2.9537704540e-04,2.0628733910e-04
1620,4.2003732658e-03,6.1209537089e-02,5.2806645632e-02,2.8003161424e-04,5.6025752565e-04
1621,4.1876688336e-03,6.1024402967e-02,5.6181542575e-02,2.9553665081e-04,1.8874939997e-04
1622,4.1680833058e-03,6.0738994740e-02,5.2723515779e-02,2.7975960984e-04,5.2178825717e-04
1623,4.1407751156e-03,6.0341048753e-02,5.4969370365e-02,2.9049147270e-04,2.4667635444e-04
1624,4.1203523347e-03,6.0043439735e-02,5.3720876575e-02,2.8435373679e-04,3.4790259087e-04
1625,4.1114528811e-03,5.9913753299e-02,5.3178459406e-02,2.8105534147e-04,3.9247403038e-04
1626,4.1079209580e-03,5.9862284688e-02,5.4670855403e-02,2.8702488635e-04,2.3211805092e-04
1627,4.1005583645e-03,5.9754993999e-02,5.2241064608e-02,2.7473361115e-04,4.7665933380e-04
1628,4.0830750448e-03,5.9500219999e-02,5.4317541420e-02,2.8394660330e-04,2.3432123999e-04
1629,4.0633244695e-03,5.9212406632e-02,5.2647583187e-02,2.7578417212e-04,3.8069818402e-04
1630,4.0490370181e-03,5.9004204115e-02,5.2869606763e-02,2.7666578535e-04,3.3679394983e-04
1631,4.0413940674e-03,5.8892827947e-02,5.3477827460e-02,2.7942031738e-04,2.6207973133e-04
1632,4.0341220503e-03,5.8786857175e-02,5.1795307547e-02,2.7153614792e-04,4.2761882651e-04
1633,4.0210208966e-03,5.8595941868e-02,5.3372528404e-02,2.7916970430e-04,2.4317164207e-04
1634,4.0046280257e-03,5.8357058326e-02,5.1871635020e-02,2.7228193358e-04,3.7626040285e-04
1635,3.9902158858e-03,5.8147038799e-02,5.2246354520e-02,2.7411238989e-04,3.1595601467e-04
1636,3.9802964124e-03,5.8002488222e-02,5.2471622825e-02,2.7497098199e-04,2.7811556356e-04
1637,3.9716540847e-03,5.7876548730e-02,5.1265329123e-02,2.6886916021e-04,3.9225281216e-04
1638,3.9599885098e-03,5.7706553256e-02,5.2439894527e-02,2.7391940239e-04,2.5274645304e-04
1639,3.9457842053e-03,5.7499562390e-02,5.1183775067e-02,2.6748079108e-04,3.6409794120e-04
1640,3.9321247018e-03,5.7300510583e-02,5.1570504904e-02,2.6876723859e-04,3.0423334101e-04
1641,3.9211561454e-03,5.7140672347e-02,5.1585488021e-02,2.6830853312e-04,2.8720989940e-04
1642,3.9114544294e-03,5.6999295019e-02,5.0709523261e-02,2.6378041366e-04,3.6519678542e-04
1643,3.9003493453e-03,5.6837467244e-02,5.1563918591e-02,2.6748701930e-04,2.5986784021e-04
1644,3.8875151757e-03,5.6650442537e-02,5.0503250211e-02,2.6244088076e-04,3.5227835178e-04
1645,3.8745436794e-03,5.6461416651e-02,5.0876051188e-02,2.6418137713e-04,2.9435515171e-04
1646,3.8630446380e-03,5.6293847971e-02,5.0720445812e-02,2.6349062682e-04,2.9384958907e-04
1647,3.8526259155e-03,5.6142022135e-02,5.0108205527e-02,2.6066295686e-04,3.4271870391e-04
1648,3.8417597590e-03,5.5983676109e-02,5.0694923848e-02,2.6336163864e-04,2.6551360497e-04
1649,3.8298219273e-03,5.5809713202e-02,4.9802061170e-02,2.5914292200e-04,3.4162227530e-04
1650,3.8174412313e-03,5.5629296694e-02,5.0167009234e-02,2.6066880673e-04,2.8555994504e-04
1651,3.8057136796e-03,5.5458398070e-02,4.9874693155e-02,2.5905153598e-04,2.9931895551e-04
1652,3.7947999101e-03,5.5299358210e-02,4.9497924745e-02,2.5696484954e-04,3.2317850855e-04
1653,3.7839767330e-03,5.5141638499e-02,4.9853459001e-02,2.5821113377e-04,2.7060680441e-04
1654,3.7726189807e-03,5.4976128740e-02,4.9119587988e-02,2.5447225198e-04,3.3118182910e-04
1655,3.7607749370e-03,5.4803532548e-02,4.9466330558e-02,2.5572642335e-04,2.7799379313e-04
1656,3.7490490629e-03,5.4632658372e-02,4.9060981721e-02,2.5359465508e-04,3.0357300420e-04
1657,3.7378084576e-03,5.4468855727e-02,4.8889521509e-02,2.5258251117e-04,3.0535092810e-04
1658,3.7268773046e-03,5.4309562547e-02,4.9019746482e-02,2.5298557011e-04,2.7599601890e-04
1659,3.7158358749e-03,5.4148662370e-02,4.8453152180e-02,2.5026782532e-04,3.1928319368e-04
1660,3.7044607709e-03,5.3982899757e-02,4.8741672188e-02,2.5144621031e-04,2.7267655241e-04
1661,3.6929434991e-03,5.3815065417e-02,4.8269797117e-02,2.4918193230e-04,3.0534490361e-04
1662,3.6815755372e-03,5.3649406880e-02,4.8264630139e-02,2.4899997516e-04,2.8947769897e-04
1663,3.6704760611e-03,5.3487660829e-02,4.8185590655e-02,2.4844481959e-04,2.8176218621e-04
1664,3.6595053478e-03,5.3327791160e-02,4.7809913754e-02,2.4651965941e-04,3.0526806950e-04
1665,3.6484516314e-03,5.3166711936e-02,4.7989349812e-02,2.4706151453e-04,2.7067470364e-04
1666,3.6372429331e-03,5.3003374254e-02,4.7524910420e-02,2.4470940116e-04,3.0313697062e-04
1667,3.6259745749e-03,5.2839167183e-02,4.7621831298e-02,2.4486632901e-04,2.7686724206e-04
1668,3.6147938533e-03,5.2676237188e-02,4.7371685505e-02,2.4348319857e-04,2.8697197558e-04
1669,3.6037616266e-03,5.2515471121e-02,4.7191385180e-02,2.4242643849e-04,2.8998215566e-04
1670,3.5928128344e-03,5.2355920896e-02,4.7208435833e-02,2.4226069218e-04,2.7248781407e-04
1671,3.5818490553e-03,5.2196152275e-02,4.6834304929e-02,2.4037979892e-04,2.9580492992e-04
1672,3.5708118596e-03,5.2035313798e-02,4.6935815364e-02,2.4060983560e-04,2.6934000198e-04
1673,3.5597394654e-03,5.1873962395e-02,4.6593241394e-02,2.3888204305e-04,2.8919003671e-04
1674,3.5487007199e-03,5.1713101333e-02,4.6568427235e-02,2.3854390020e-04,2.7592352126e-04
1675,3.5377404239e-03,5.1553383470e-02,4.6409912407e-02,2.3759997566e-04,2.7674713056e-04
1676,3.5268503331e-03,5.1394688664e-02,4.6192612499e-02,2.3637905542e-04,2.8382855817e-04
1677,3.5159857583e-03,5.1236365689e-02,4.6196907759e-02,2.3611175129e-04,2.6783405337e-04
1678,3.5051108301e-03,5.1077891840e-02,4.5879565179e-02,2.3443257669e-04,2.8540010680e-04
1679,3.4942151791e-03,5.0919116009e-02,4.5911207795e-02,2.3427224369e-04,2.6651858934e-04
1680,3.4833213655e-03,5.0760366954e-02,4.5637797564e-02,2.3279277957e-04,2.7946414775e-04
1681,3.4724593472e-03,5.0602081232e-02,4.5572649688e-02,2.3222743766e-04,2.7071574004e-04
1682,3.4616477219e-03,5.0444529857e-02,4.5425552875e-02,2.3132337083e-04,2.7057432453e-04
1683,3.4508779736e-03,5.0287588732e-02,4.5232519507e-02,2.3023640097e-04,2.7527051861e-04
1684,3.4401325910e-03,5.0131002674e-02,4.5192997903e-02,2.2982312657e-04,2.6397735928e-04
1685,3.4293971784e-03,4.9974561902e-02,4.4929921627e-02,2.2845763306e-04,2.7600637986e-04
1686,3.4186640346e-03,4.9818154192e-02,4.4916842133e-02,2.2816529963e-04,2.6196590625e-04
1687,3.4079416277e-03,4.9661902944e-02,4.4671289623e-02,2.2687220189e-04,2.7218912146e-04
1688,3.3972406146e-03,4.9505963456e-02,4.4606845826e-02,2.2634371999e-04,2.6356804301e-04
1689,3.3865709015e-03,4.9350480083e-02,4.4436495751e-02,2.2535021708e-04,2.6604821323e-04
1690,3.3759348050e-03,4.9195486587e-02,4.4290099293e-02,2.2444729984e-04,2.6609143242e-04
1691,3.3653282669e-03,4.9040923826e-02,4.4198326766e-02,2.2376868583e-04,2.6049101143e-04
1692,3.3547426594e-03,4.8886666074e-02,4.3990153819e-02,2.2259377874e-04,2.6705744676e-04
1693,3.3441768160e-03,4.8732696334e-02,4.3939381838e-02,2.2208572773e-04,2.5724573061e-04
1694,3.3336274455e-03,4.8578966642e-02,4.3715745211e-02,2.2085421369e-04,2.6546794106e-04
1695,3.3230936050e-03,4.8425463261e-02,4.3658062816e-02,2.2032849665e-04,2.5641155662e-04
1696,3.3125827083e-03,4.8272294225e-02,4.3461363763e-02,2.1922844462e-04,2.6186459581e-04
1697,3.3020971359e-03,4.8119494226e-02,4.3364107609e-02,2.1855438536e-04,2.5698429090e-04
1698,3.2916410260e-03,4.7967123566e-02,4.3214920908e-02,2.1766929422e-04,2.5755097158e-04
1699,3.2812109116e-03,4.7815131722e-02,4.3070316315e-02,2.1680629288e-04,2.5767524494e-04
1700,3.2708059297e-03,4.7663506120e-02,4.2965218425e-02,2.1610806289e-04,2.5372070377e-04
1701,3.2604259207e-03,4.7512244433e-02,4.2785879225e-02,2.1509942599e-04,2.5753708906e-04
1702,3.2500694465e-03,4.7361325705e-02,4.2706370354e-02,2.1450039640e-04,2.5099513005e-04
1703,3.2397352929e-03,4.7210732242e-02,4.2514201254e-02,2.1343231492e-04,2.5622078101e-04
1704,3.2294243546e-03,4.7060477082e-02,4.2437948287e-02,2.1283962997e-04,2.4941324955e-04
1705,3.2191358648e-03,4.6910549048e-02,4.2253475636e-02,2.1179910982e-04,2.5390824885e-04
1706,3.2088731466e-03,4.6760996571e-02,4.2163189501e-02,2.1114641277e-04,2.4863431463e-04
1707,3.1986366475e-03,4.6611826168e-02,4.1999340057e-02,2.1019301494e-04,2.5105560781e-04
1708,3.1884249135e-03,4.6463016653e-02,4.1886650026e-02,2.0945236611e-04,2.4818428210e-04
1709,3.1782407248e-03,4.6314608539e-02,4.1747242212e-02,2.0860593941e-04,2.4813070195e-04
1710,3.1680830587e-03,4.6166586922e-02,4.1612103581e-02,2.0777930331e-04,2.4766902789e-04
1711,3.1579517555e-03,4.6018949477e-02,4.1494239122e-02,2.0702669281e-04,2.4544433109e-04
1712,3.1478474543e-03,4.5871705515e-02,4.1341673583e-02,2.0613496599e-04,2.4686823599e-04
1713,3.1377679821e-03,4.5724823372e-02,4.1239161044e-02,2.0544584549e-04,2.4312037567e-04
1714,3.1277170777e-03,4.5578357531e-02,4.1075952351e-02,2.0451188902e-04,2.4572861730e-04
1715,3.1176918332e-03,4.5432265615e-02,4.0982235223e-02,2.0385674725e-04,2.4114629196e-04
1716,3.1076909544e-03,4.5286528766e-02,4.0814533830e-02,2.0290246175e-04,2.4429702898e-04
1717,3.0977190747e-03,4.5141214505e-02,4.0724206716e-02,2.0225859771e-04,2.3944217537e-04
1718,3.0877721039e-03,4.4996263226e-02,4.0556494147e-02,2.0130402118e-04,2.4267288973e-04
1719,3.0778545638e-03,4.4851740822e-02,4.0466208011e-02,2.0066293655e-04,2.3789033003e-04
1720,3.0679622521e-03,4.4707586057e-02,4.0300581604e-02,1.9972237351e-04,2.4097807182e-04
1721,3.0580977572e-03,4.4563836651e-02,4.0209155530e-02,1.9907980459e-04,2.3638832499e-04
1722,3.0482609034e-03,4.4420490041e-02,4.0046073496e-02,1.9815558335e-04,2.3928606242e-04
1723,3.0384521860e-03,4.4277553447e-02,3.9953626692e-02,1.9751414948e-04,2.3487853468e-04
1724,3.0286716529e-03,4.4135027565e-02,3.9792370051e-02,1.9660140970e-04,2.3766435334e-04
1725,3.0189195918e-03,4.3992916588e-02,3.9700340480e-02,1.9596333732e-04,2.3329428222e-04
1726,3.0091938056e-03,4.3851188500e-02,3.9538972080e-02,1.9505218370e-04,2.3616946419e-04
1727,2.9994966591e-03,4.3709877762e-02,3.9449706674e-02,1.9442582561e-04,2.3159128614e-04
1728,2.9898295743e-03,4.3569005094e-02,3.9285540581e-02,1.9350489310e-04,2.3484154372e-04
1729,2.9801900826e-03,4.3428534525e-02,3.9202269167e-02,1.9290063938e-04,2.2972590523e-04
1730,2.9705796221e-03,4.3288487010e-02,3.9031561464e-02,1.9195527420e-04,2.3373728618e-04
1731,2.9609984643e-03,4.3148866505e-02,3.8958732039e-02,1.9139259530e-04,2.2762085428e-04
1732,2.9514467051e-03,4.3009674409e-02,3.8775987923e-02,1.9040351617e-04,2.3296513245e-04
1733,2.9419256307e-03,4.2870929465e-02,3.8720358163e-02,1.8991038087e-04,2.2514673765e-04
1734,2.9324361518e-03,4.2732644943e-02,3.8517128676e-02,1.8884806195e-04,2.3270356178e-04
1735,2.9229791392e-03,4.2594833532e-02,3.8489382714e-02,1.8846770399e-04,2.2207738948e-04
1736,2.9135580680e-03,4.2457545875e-02,3.8252010942e-02,1.8727977294e-04,2.3327372037e-04
1737,2.9041765411e-03,4.2320834473e-02,3.8269728422e-02,1.8707662821e-04,2.1803397976e-04
1738,2.8948433142e-03,4.2184826918e-02,3.7975668907e-02,1.8567591906e-04,2.3523988784e-04
1739,2.8855662083e-03,4.2049637181e-02,3.8068249822e-02,1.8576119328e-04,2.1237754845e-04
1740,2.8763715943e-03,4.1915649548e-02,3.7679165602e-02,1.8400228873e-04,2.3964612046e-04
1741,2.8672852917e-03,4.1783240275e-02,3.7897553295e-02,1.8456669932e-04,2.0400198991e-04
1742,2.8583805575e-03,4.1653476888e-02,3.7346623838e-02,1.8219665799e-04,2.4848864996e-04
1743,2.8497313995e-03,4.1527437861e-02,3.7779781967e-02,1.8358037050e-04,1.9118521595e-04
1744,2.8415582752e-03,4.1408335790e-02,3.6951530725e-02,1.8016512331e-04,2.6551538031e-04
1745,2.8340280936e-03,4.1298602941e-02,3.7751670927e-02,1.8295305199e-04,1.7174014647e-04
1746,2.8277995354e-03,4.1207837872e-02,3.6456536502e-02,1.7777419998e-04,2.9735593125e-04
1747,2.8229090851e-03,4.1136572254e-02,3.7858616561e-02,1.8290302251e-04,1.4489254681e-04
1748,2.8208735272e-03,4.1106909281e-02,3.5843521357e-02,1.7496154760e-04,3.5137723899e-04
1749,2.8191898897e-03,4.1082374635e-02,3.8075834513e-02,1.8349866150e-04,1.1715535220e-04
1750,2.8193152891e-03,4.1084202006e-02,3.5248480737e-02,1.7230352387e-04,4.1126861470e-04
1751,2.8102928247e-03,4.0952723008e-02,3.8054399192e-02,1.8368622113e-04,1.0614615894e-04
1752,2.7954390427e-03,4.0736267692e-02,3.5139285028e-02,1.7189135542e-04,3.8780691102e-04
1753,2.7709242074e-03,4.0379027603e-02,3.7200294435e-02,1.8057554553e-04,1.3729777129e-04
1754,2.7508029540e-03,4.0085812565e-02,3.5837516189e-02,1.7466244753e-04,2.5016718428e-04
1755,2.7411687029e-03,3.9945418364e-02,3.5812504590e-02,1.7395593750e-04,2.3933545162e-04
1756,2.7397983204e-03,3.9925448596e-02,3.6677040160e-02,1.7667611246e-04,1.4816473413e-04
1757,2.7385861631e-03,3.9907784550e-02,3.4901533276e-02,1.6850653628e-04,3.3211859409e-04
1758,2.7287181053e-03,3.9763983223e-02,3.6701612175e-02,1.7543643480e-04,1.3080067583e-04
1759,2.7131374268e-03,3.9536935277e-02,3.4953277558e-02,1.6795328702e-04,2.9041248490e-04
1760,2.6976771867e-03,3.9311642409e-02,3.5752549767e-02,1.7128819309e-04,1.8462106527e-04
1761,2.6888025461e-03,3.9182317560e-02,3.5602297634e-02,1.7072263290e-04,1.8727936549e-04
1762,2.6849178397e-03,3.9125708048e-02,3.4719124436e-02,1.6709744523e-04,2.7356093051e-04
1763,2.6795698177e-03,3.9047774510e-02,3.5888161510e-02,1.7205510812e-04,1.4390618890e-04
1764,2.6696999624e-03,3.8903946988e-02,3.4408692271e-02,1.6589858569e-04,2.8362689773e-04
1765,2.6565175631e-03,3.8711847737e-02,3.5327021033e-02,1.6973511083e-04,1.6874755966e-04
1766,2.6454548993e-03,3.8550638128e-02,3.4779895097e-02,1.6720306303e-04,2.0987122844e-04
1767,2.6383777039e-03,3.8447506377e-02,3.4434754401e-02,1.6532343579e-04,2.3595175298e-04
1768,2.6327295365e-03,3.8365198998e-02,3.5104215145e-02,1.6758263519e-04,1.5851574426e-04
1769,2.6252011204e-03,3.8255491876e-02,3.3979497850e-02,1.6236341617e-04,2.6523598353e-04
1770,2.6147438362e-03,3.8103104103e-02,3.4807845950e-02,1.6539955686e-04,1.6412624973e-04
1771,2.6040578101e-03,3.7947383011e-02,3.4116111696e-02,1.6222377599e-04,2.2090335551e-04
1772,2.5953637632e-03,3.7820689846e-02,3.4093700349e-02,1.6193829651e-04,2.1076064149e-04
1773,2.5885158131e-03,3.7720898748e-02,3.4370843321e-02,1.6299096751e-04,1.7201456649e-04
1774,2.5815579377e-03,3.7619505776e-02,3.3569607884e-02,1.5967534273e-04,2.4531444069e-04
1775,2.5729390251e-03,3.7493907497e-02,3.4225970507e-02,1.6246900486e-04,1.6432469420e-04
1776,2.5633372403e-03,3.7353986409e-02,3.3506695181e-02,1.5956498100e-04,2.2516412719e-04
1777,2.5542013356e-03,3.7220854312e-02,3.3683355898e-02,1.6031098494e-04,1.9343885651e-04
1778,2.5463506134e-03,3.7106450414e-02,3.3661257476e-02,1.6012156266e-04,1.8439772248e-04
1779,2.5391567263e-03,3.7001618184e-02,3.3162359148e-02,1.5784849529e-04,2.2607741994e-04
1780,2.5314656113e-03,3.6889540148e-02,3.3618256450e-02,1.5944674669e-04,1.6768163186e-04
1781,2.5229418527e-03,3.6765328492e-02,3.2963175327e-02,1.5642550716e-04,2.2378981521e-04
1782,2.5140995666e-03,3.6636475124e-02,3.3246461302e-02,1.5726395941e-04,1.8173742865e-04
1783,2.5057517443e-03,3.6514827283e-02,3.3009044826e-02,1.5598365280e-04,1.9459458417e-04
1784,2.4980811204e-03,3.6403047852e-02,3.2774649560e-02,1.5476546832e-04,2.0807437249e-04
1785,2.4906100876e-03,3.6294176942e-02,3.3005643636e-02,1.5551355318e-04,1.7333978030e-04
1786,2.4828158618e-03,3.6180596333e-02,3.2475318760e-02,1.5323783737e-04,2.1728992579e-04
1787,2.4745810644e-03,3.6060595536e-02,3.2766975462e-02,1.5436735703e-04,1.7499465321e-04
1788,2.4662815500e-03,3.5939651658e-02,3.2396744937e-02,1.5283591347e-04,2.0145474991e-04
1789,2.4582853686e-03,3.5823128070e-02,3.2371532172e-02,1.5270106087e-04,1.9245853764e-04
1790,2.4506440715e-03,3.5711776000e-02,3.2377496362e-02,1.5266226546e-04,1.8076569540e-04
1791,2.4431049904e-03,3.5601913463e-02,3.2025456429e-02,1.5113083646e-04,2.0651485829e-04
1792,2.4353961884e-03,3.5489577684e-02,3.2238252461e-02,1.5184395306e-04,1.7328857211e-04
1793,2.4274826825e-03,3.5374258878e-02,3.1842306256e-02,1.5006083413e-04,2.0313441928e-04
1794,2.4195287296e-03,3.5258350661e-02,3.1947184354e-02,1.5027627524e-04,1.8084034673e-04
1795,2.4117284084e-03,3.5144681227e-02,3.1770762056e-02,1.4934655337e-04,1.8804536376e-04
1796,2.4041286209e-03,3.5033934051e-02,3.1613215804e-02,1.4849833678e-04,1.9357349083e-04
1797,2.3966207918e-03,3.4924526932e-02,3.1678833067e-02,1.4856315101e-04,1.7600622959e-04
1798,2.3890659650e-03,3.4814434941e-02,3.1355626881e-02,1.4709854440e-04,1.9878226158e-04
1799,2.3814095771e-03,3.4702862962e-02,3.1482037157e-02,1.4745563385e-04,1.7462695541e-04
1800,2.3737151069e-03,3.4590736032e-02,3.1204260886e-02,1.4622208255e-04,1.9242543203e-04
1801,2.3660773328e-03,3.4479435300e-02,3.1201165169e-02,1.4608690981e-04,1.8174010620e-04
1802,2.3585490366e-03,3.4369729925e-02,3.1100356951e-02,1.4555967937e-04,1.8137761799e-04
1803,2.3511104301e-03,3.4261331544e-02,3.0918961391e-02,1.4470136375e-04,1.8953565450e-04
1804,2.3436929139e-03,3.4153240500e-02,3.0963581055e-02,1.4472374460e-04,1.7424220277e-04
1805,2.3362500334e-03,3.4044779837e-02,3.0699457973e-02,1.4351303980e-04,1.9101914950e-04
1806,2.3287751660e-03,3.3935853047e-02,3.0757768080e-02,1.4356609609e-04,1.7424239195e-04
1807,2.3213075124e-03,3.3827031380e-02,3.0546469614e-02,1.4255540736e-04,1.8550077220e-04
1808,2.3138887419e-03,3.3718922059e-02,3.0506003648e-02,1.4222119353e-04,1.7907064466e-04
1809,2.3065342730e-03,3.3611749765e-02,3.0417216942e-02,1.4170599752e-04,1.7774729349e-04
1810,2.2992292065e-03,3.3505297382e-02,3.0258495361e-02,1.4092950732e-04,1.8375070067e-04
1811,2.2919448468e-03,3.3399146749e-02,3.0264118686e-02,1.4080587425e-04,1.7269693490e-04
1812,2.2846622926e-03,3.3293022425e-02,3.0050532892e-02,1.3983670215e-04,1.8441225984e-04
1813,2.2773768464e-03,3.3186855959e-02,3.0067790300e-02,1.3977092749e-04,1.7213563842e-04
1814,2.2701035671e-03,3.3080866793e-02,2.9884178191e-02,1.3892291463e-04,1.8074593390e-04
1815,2.2628606371e-03,3.2975319889e-02,2.9841823503e-02,1.3861805201e-04,1.7473158368e-04
1816,2.2556570437e-03,3.2870346215e-02,2.9736304656e-02,1.3806043717e-04,1.7534372455e-04
1817,2.2484920999e-03,3.2765935757e-02,2.9615078121e-02,1.3743470481e-04,1.7765106168e-04
1818,2.2413542060e-03,3.2661919482e-02,2.9579453170e-02,1.3713352382e-04,1.7111310444e-04
1819,2.2342343747e-03,3.2558166422e-02,2.9409805313e-02,1.3631656475e-04,1.7851954908e-04
1820,2.2271248249e-03,3.2454563188e-02,2.9398800805e-02,1.3611359464e-04,1.6946264077e-04
1821,2.2200291515e-03,3.2351162168e-02,2.9230974615e-02,1.3531548029e-04,1.7670328089e-04
1822,2.2129519562e-03,3.2248030417e-02,2.9196966439e-02,1.3503902301e-04,1.7006737471e-04
1823,2.2059003648e-03,3.2145271776e-02,2.9069004580e-02,1.3441260671e-04,1.7321410996e-04
1824,2.1988780282e-03,3.2042939449e-02,2.8987260535e-02,1.3396912254e-04,1.7159877461e-04
1825,2.1918834525e-03,3.1941011664e-02,2.8909290209e-02,1.3354385737e-04,1.6962828522e-04
1826,2.1849129469e-03,3.1839434640e-02,2.8783893213e-02,1.3293948723e-04,1.7261465837e-04
1827,2.1779635156e-03,3.1738164718e-02,2.8740460053e-02,1.3264309382e-04,1.6712737852e-04
1828,2.1710326423e-03,3.1637165230e-02,2.8594987467e-02,1.3195570500e-04,1.7226206546e-04
1829,2.1641189607e-03,3.1536416267e-02,2.8558986261e-02,1.3167789439e-04,1.6606510326e-04
1830,2.1572244601e-03,3.1435946818e-02,2.8420310467e-02,1.3100981596e-04,1.7055381613e-04
1831,2.1503517608e-03,3.1335795065e-02,2.8368283063e-02,1.3066687097e-04,1.6608432634e-04
1832,2.1434998083e-03,3.1235945644e-02,2.8254123405e-02,1.3009049871e-04,1.6809171939e-04
1833,2.1366728047e-03,3.1136459787e-02,2.8174851090e-02,1.2964826601e-04,1.6651260376e-04
1834,2.1298674106e-03,3.1037288834e-02,2.8089467436e-02,1.2918749417e-04,1.6559465439e-04
1835,2.1230854555e-03,3.0938459444e-02,2.7984604239e-02,1.2865933240e-04,1.6672619677e-04
1836,2.1163257332e-03,3.0839954037e-02,2.7921415865e-02,1.2829134357e-04,1.6356247943e-04
1837,2.1095832026e-03,3.0741699156e-02,2.7800913900e-02,1.2771235197e-04,1.6636616783e-04
1838,2.1028632802e-03,3.0643773731e-02,2.7748083696e-02,1.2738807709e-04,1.6218093515e-04
1839,2.0961617080e-03,3.0546115711e-02,2.7624396607e-02,1.2680041254e-04,1.6537150077e-04
1840,2.0894791410e-03,3.0448734644e-02,2.7570316568e-02,1.2646889081e-04,1.6137291095e-04
1841,2.0828185191e-03,3.0351673369e-02,2.7453629300e-02,1.2590400001e-04,1.6390040400e-04
1842,2.0761765989e-03,3.0254884623e-02,2.7390243486e-02,1.2553401757e-04,1.6093009617e-04
1843,2.0695560166e-03,3.0158406822e-02,2.7286315337e-02,1.2501348101e-04,1.6219567624e-04
1844,2.0629572276e-03,3.0062246602e-02,2.7210216969e-02,1.2459616119e-04,1.6060679627e-04
1845,2.0563776357e-03,2.9966366128e-02,2.7120219544e-02,1.2412894284e-04,1.6048570978e-04
1846,2.0498182153e-03,2.9870779603e-02,2.7031842619e-02,1.2367019372e-04,1.6022349882e-04
1847,2.0432802926e-03,2.9775506351e-02,2.6953887194e-02,1.2325367425e-04,1.5890823852e-04
1848,2.0367623658e-03,2.9680524487e-02,2.6855953038e-02,1.2276657799e-04,1.5969056403e-04
1849,2.0302632925e-03,2.9585817363e-02,2.6786781847e-02,1.2238745694e-04,1.5751610044e-04
1850,2.0237831205e-03,2.9491385678e-02,2.6682788506e-02,1.2188349501e-04,1.5897622507e-04
1851,2.0173242945e-03,2.9397265054e-02,2.6618860662e-02,1.2152761337e-04,1.5631283168e-04
1852,2.0108854164e-03,2.9303435120e-02,2.6512250304e-02,1.2101681932e-04,1.5810165496e-04
1853,2.0044643771e-03,2.9209865141e-02,2.6450600475e-02,1.2066841009e-04,1.5525805065e-04
1854,1.9980631340e-03,2.9116583639e-02,2.6343850419e-02,1.2015673565e-04,1.5711659216e-04
1855,1.9916809281e-03,2.9023579555e-02,2.6282556355e-02,1.1980846466e-04,1.5429385530e-04
1856,1.9853188379e-03,2.8930868604e-02,2.6177046821e-02,1.1930146866e-04,1.5608071408e-04
1857,1.9789752337e-03,2.8838427039e-02,2.6115279645e-02,1.1895312491e-04,1.5336161596e-04
1858,1.9726513936e-03,2.8746273485e-02,2.6011269540e-02,1.1845373956e-04,1.5504665498e-04
1859,1.9663462632e-03,2.8654392576e-02,2.5949019939e-02,1.1810632714e-04,1.5243093367e-04
1860,1.9600600661e-03,2.8562787571e-02,2.5846321136e-02,1.1761648057e-04,1.5403016005e-04
1861,1.9537919955e-03,2.8471446713e-02,2.5783957914e-02,1.1727208039e-04,1.5147679369e-04
1862,1.9475447356e-03,2.8380409116e-02,2.5681894273e-02,1.1678804003e-04,1.5306344721e-04
1863,1.9413144917e-03,2.8289619484e-02,2.5620376691e-02,1.1644937331e-04,1.5047490888e-04
1864,1.9351039082e-03,2.8199116350e-02,2.5517802685e-02,1.1596699915e-04,1.5216437168e-04
1865,1.9289131607e-03,2.8108902276e-02,2.5458453223e-02,1.1563827138e-04,1.4940663823e-04
1866,1.9227394293e-03,2.8018936166e-02,2.5353798643e-02,1.1515064398e-04,1.5136311413e-04
1867,1.9165847031e-03,2.7929247008e-02,2.5298563763e-02,1.1483878916e-04,1.4822953381e-04
1868,1.9104486705e-03,2.7839830262e-02,2.5189405307e-02,1.1433666805e-04,1.5070583322e-04
1869,1.9043330173e-03,2.7750710491e-02,2.5141185150e-02,1.1405047553e-04,1.4690206444e-04
1870,1.8982348036e-03,2.7661844855e-02,2.5024224073e-02,1.1352277215e-04,1.5023929882e-04
1871,1.8921574964e-03,2.7573283878e-02,2.4986874312e-02,1.1327594257e-04,1.4536501840e-04
1872,1.8860987550e-03,2.7484993450e-02,2.4857312441e-02,1.1270661344e-04,1.5006148897e-04
1873,1.8800616632e-03,2.7397018508e-02,2.4836914614e-02,1.1252040713e-04,1.4348998957e-04
1874,1.8740456697e-03,2.7309351019e-02,2.4686966091e-02,1.1188450299e-04,1.5035398246e-04
1875,1.8680551044e-03,2.7222054079e-02,2.4693412706e-02,1.1179471767e-04,1.4106942399e-04
1876,1.8620918925e-03,2.7135155746e-02,2.4510461837e-02,1.1104601435e-04,1.5142337361e-04
1877,1.8561639830e-03,2.7048771852e-02,2.4560052902e-02,1.1110780179e-04,1.3776408741e-04
1878,1.8502827038e-03,2.6963067474e-02,2.4323070422e-02,1.1017618090e-04,1.5382352285e-04
1879,1.8444629859e-03,2.6878260192e-02,2.4443350732e-02,1.1048360466e-04,1.3300734281e-04
1880,1.8387386138e-03,2.6794842328e-02,2.4116542190e-02,1.0924662638e-04,1.5858338156e-04
1881,1.8331521035e-03,2.6713433443e-02,2.4354677647e-02,1.0996141646e-04,1.2591415725e-04
1882,1.8278094340e-03,2.6635577902e-02,2.3876838386e-02,1.0820855096e-04,1.6766539193e-04
1883,1.8228104565e-03,2.6562730782e-02,2.4313854054e-02,1.0961258522e-04,1.1527509196e-04
1884,1.8184823904e-03,2.6499660453e-02,2.3581497371e-02,1.0699252744e-04,1.8482378800e-04
1885,1.8150026179e-03,2.6448951801e-02,2.4352081120e-02,1.0955800099e-04,1.0012905841e-04
1886,1.8133049682e-03,2.6424212963e-02,2.3202700540e-02,1.0550887237e-04,2.1664238011e-04
1887,1.8131215784e-03,2.6421540533e-02,2.4501392618e-02,1.0995776393e-04,8.2057027612e-05
1888,1.8164561952e-03,2.6470133918e-02,2.2740617394e-02,1.0376937280e-04,2.6918228832e-04
1889,1.8189135913e-03,2.6505944086e-02,2.4712448940e-02,1.1080049444e-04,6.8549023126e-05
1890,1.8225089450e-03,2.6558337035e-02,2.2339416668e-02,1.0233961075e-04,3.1955243321e-04
1891,1.8133600826e-03,2.6425016113e-02,2.4651091546e-02,1.1110020569e-04,6.6292253905e-05
1892,1.7978432661e-03,2.6198898791e-02,2.2377738729e-02,1.0275287786e-04,2.7936312836e-04
1893,1.7743832736e-03,2.5857030298e-02,2.3899935186e-02,1.0868105164e-04,8.7028463895e-05
1894,1.7582646805e-03,2.5622143643e-02,2.3019572720e-02,1.0511351138e-04,1.5514358529e-04
1895,1.7542356094e-03,2.5563430390e-02,2.2833013907e-02,1.0391508840e-04,1.6912656429e-04
1896,1.7576190815e-03,2.5612735713e-02,2.3691101000e-02,1.0653044592e-04,8.5633022536e-05
1897,1.7595772244e-03,2.5641270564e-02,2.2209247574e-02,1.0045264935e-04,2.4274963653e-04
1898,1.7513263736e-03,2.5521035830e-02,2.3678643629e-02,1.0578177898e-04,7.8457436757e-05
1899,1.7376170162e-03,2.5321257534e-02,2.2326709703e-02,1.0073392332e-04,1.9872085250e-04
1900,1.7250048700e-03,2.5137468241e-02,2.2926613688e-02,1.0323134484e-04,1.1785411334e-04
1901,1.7197426152e-03,2.5060784537e-02,2.2871946916e-02,1.0324503819e-04,1.1563872977e-04
1902,1.7195706494e-03,2.5058278581e-02,2.2154344246e-02,1.0065410606e-04,1.8973932310e-04
1903,1.7174903424e-03,2.5027963507e-02,2.3118380457e-02,1.0445056978e-04,8.6507730884e-05
1904,1.7105092637e-03,2.4926232407e-02,2.1951189265e-02,9.9970638985e-05,1.9753367815e-04
1905,1.6999155636e-03,2.4771856726e-02,2.2708334029e-02,1.0282245785e-04,1.0352981189e-04
1906,1.6915284206e-03,2.4649635889e-02,2.2271789610e-02,1.0091438890e-04,1.3687023602e-04
1907,1.6874378202e-03,2.4590026005e-02,2.2039892152e-02,9.9689044873e-05,1.5532433463e-04
1908,1.6851071537e-03,2.4556062592e-02,2.2569034249e-02,1.0135453340e-04,9.7348303825e-05
1909,1.6809723954e-03,2.4495809223e-02,2.1694947034e-02,9.7762109363e-05,1.8232411821e-04
1910,1.6735676612e-03,2.4387904443e-02,2.2390430793e-02,1.0028698307e-04,9.9460383353e-05
1911,1.6655449731e-03,2.4270994589e-02,2.1805986762e-02,9.8081785836e-05,1.4841899974e-04
1912,1.6594046347e-03,2.4181515095e-02,2.1864380687e-02,9.8400429124e-05,1.3331302034e-04
1913,1.6554325234e-03,2.4123631883e-02,2.2040192038e-02,9.9202108686e-05,1.0914187442e-04
1914,1.6517346899e-03,2.4069745559e-02,2.1454788744e-02,9.7109747003e-05,1.6438592866e-04
1915,1.6464109377e-03,2.3992165690e-02,2.1993054077e-02,9.9276112451e-05,1.0063505033e-04
1916,1.6397734432e-03,2.3895441438e-02,2.1398993209e-02,9.7054267826e-05,1.5259055363e-04
1917,1.6332346977e-03,2.3800156196e-02,2.1622614935e-02,9.7864904092e-05,1.1988922051e-04
1918,1.6279800762e-03,2.3723583727e-02,2.1546669304e-02,9.7432726761e-05,1.2025871547e-04
1919,1.6236886905e-03,2.3661047919e-02,2.1228404716e-02,9.6018586191e-05,1.4724573703e-04
1920,1.6191638774e-03,2.3595110513e-02,2.1578172222e-02,9.7128198831e-05,1.0456563177e-04
1921,1.6137577611e-03,2.3516330402e-02,2.1062253043e-02,9.5008894277e-05,1.5039884602e-04
1922,1.6077357321e-03,2.3428574961e-02,2.1349217743e-02,9.5982693892e-05,1.1195303523e-04
1923,1.6019988656e-03,2.3344975023e-02,2.1104604006e-02,9.5028190117e-05,1.2900891306e-04
1924,1.5969817416e-03,2.3271863465e-02,2.1003041416e-02,9.4670882390e-05,1.3221132394e-04
1925,1.5923838474e-03,2.3204861092e-02,2.1146437153e-02,9.5274546766e-05,1.1056785297e-04
1926,1.5876045367e-03,2.3135215044e-02,2.0761581138e-02,9.3918060884e-05,1.4344532974e-04
1927,1.5823187630e-03,2.3058188614e-02,2.1020513028e-02,9.4971503131e-05,1.0879605543e-04
1928,1.5767849186e-03,2.2977547196e-02,2.0698543638e-02,9.3811417173e-05,1.3408894301e-04
1929,1.5714249934e-03,2.2899440199e-02,2.0752426237e-02,9.4010814792e-05,1.2069058721e-04
1930,1.5664520113e-03,2.2826971894e-02,2.0713590086e-02,9.3809067039e-05,1.1752911087e-04
1931,1.5617038287e-03,2.2757779458e-02,2.0493453369e-02,9.2889567895e-05,1.3354304247e-04
1932,1.5568634559e-03,2.2687243589e-02,2.0658604801e-02,9.3390939583e-05,1.0947293777e-04
1933,1.5517850822e-03,2.2613239475e-02,2.0350961015e-02,9.2139678600e-05,1.3408817176e-04
1934,1.5465564441e-03,2.2537045646e-02,2.0479228348e-02,9.2530783149e-05,1.1325094238e-04
1935,1.5414026486e-03,2.2461942455e-02,2.0308764651e-02,9.1845569841e-05,1.2347221491e-04
1936,1.5364499260e-03,2.2389769380e-02,2.0242376253e-02,9.1575988336e-05,1.2316332140e-04
1937,1.5316427105e-03,2.2319716692e-02,2.0271284506e-02,9.1682137281e-05,1.1316108430e-04
1938,1.5268340690e-03,2.2249643225e-02,2.0048033446e-02,9.0871915745e-05,1.2928906654e-04
1939,1.5219177392e-03,2.2178000479e-02,2.0160410553e-02,9.1301400971e-05,1.1045759311e-04
1940,1.5169099781e-03,2.2105025360e-02,1.9938144833e-02,9.0487723355e-05,1.2620033522e-04
1941,1.5119073937e-03,2.2032125678e-02,1.9975930452e-02,9.0611451014e-05,1.1500807159e-04
1942,1.5069953858e-03,2.1960545913e-02,1.9879210740e-02,9.0218847618e-05,1.1791467114e-04
1943,1.5021830655e-03,2.1890418837e-02,1.9776901230e-02,8.9787994511e-05,1.2156376033e-04
1944,1.4974141760e-03,2.1820924652e-02,1.9806575030e-02,8.9831308287e-05,1.1160365102e-04
1945,1.4926217997e-03,2.1751088207e-02,1.9619593397e-02,8.9084613137e-05,1.2406487076e-04
1946,1.4877799130e-03,2.1680530277e-02,1.9681030884e-02,8.9255408966e-05,1.1069453467e-04
1947,1.4829180545e-03,2.1609681309e-02,1.9516106695e-02,8.8617030997e-05,1.2074043480e-04
1948,1.4780806135e-03,2.1539188165e-02,1.9512258470e-02,8.8579770818e-05,1.1411319429e-04
1949,1.4732967971e-03,2.1469476458e-02,1.9437912852e-02,8.8297361799e-05,1.1485900177e-04
1950,1.4685661778e-03,2.1400539961e-02,1.9339263439e-02,8.7933702162e-05,1.1819395149e-04
1951,1.4638551349e-03,2.1331888740e-02,1.9345991313e-02,8.7951470050e-05,1.1063826969e-04
1952,1.4591380445e-03,2.1263149392e-02,1.9195009023e-02,8.7393265858e-05,1.1942077253e-04
1953,1.4544063228e-03,2.1194196830e-02,1.9220408052e-02,8.7465108663e-05,1.0991377349e-04
1954,1.4496721205e-03,2.1125208121e-02,1.9085539505e-02,8.6950451077e-05,1.1701641051e-04
1955,1.4449554296e-03,2.1056474594e-02,1.9068768248e-02,8.6855558038e-05,1.1191507656e-04
1956,1.4402703261e-03,2.0988201373e-02,1.8993455917e-02,8.6546424427e-05,1.1292812997e-04
1957,1.4356156798e-03,2.0920371986e-02,1.8913824111e-02,8.6222964455e-05,1.1443183030e-04
1958,1.4309826311e-03,2.0852857328e-02,1.8895056099e-02,8.6122781795e-05,1.0965734691e-04
1959,1.4263571917e-03,2.0785453555e-02,1.8775159493e-02,8.5667656094e-05,1.1536174861e-04
1960,1.4217330705e-03,2.0718068990e-02,1.8776504323e-02,8.5653089627e-05,1.0850338003e-04
1961,1.4171114617e-03,2.0650721039e-02,1.8658172339e-02,8.5217623564e-05,1.1403724784e-04
1962,1.4125011969e-03,2.0583538397e-02,1.8639739603e-02,8.5140374722e-05,1.0923951049e-04
1963,1.4079087031e-03,2.0516614721e-02,1.8555065617e-02,8.4826984676e-05,1.1132792861e-04
1964,1.4033369361e-03,2.0449993084e-02,1.8497152254e-02,8.4605439042e-05,1.1067864398e-04
1965,1.3987858999e-03,2.0383673545e-02,1.8452685326e-02,8.4427818365e-05,1.0867099627e-04
1966,1.3942502780e-03,2.0317578630e-02,1.8361421302e-02,8.4080784291e-05,1.1153494415e-04
1967,1.3897245183e-03,2.0251627429e-02,1.8341146410e-02,8.3982493379e-05,1.0706560715e-04
1968,1.3852072306e-03,2.0185799687e-02,1.8238678575e-02,8.3593047748e-05,1.1111906497e-04
1969,1.3806990141e-03,2.0120104135e-02,1.8218005076e-02,8.3494785940e-05,1.0671512428e-04
1970,1.3762030164e-03,2.0054586639e-02,1.8127188087e-02,8.3151979197e-05,1.0958787607e-04
1971,1.3717194852e-03,1.9989250810e-02,1.8087578937e-02,8.2994054537e-05,1.0717313853e-04
1972,1.3672540845e-03,1.9924179185e-02,1.8020585179e-02,8.2742735685e-05,1.0761665908e-04
1973,1.3628037865e-03,1.9859327644e-02,1.7956798896e-02,8.2504870079e-05,1.0774800467e-04
1974,1.3583683675e-03,1.9794692926e-02,1.7912436277e-02,8.2334860053e-05,1.0589080921e-04
1975,1.3539451394e-03,1.9730235857e-02,1.7831189558e-02,8.2035730884e-05,1.0786889470e-04
1976,1.3495335468e-03,1.9665948348e-02,1.7799066380e-02,8.1905360275e-05,1.0478283366e-04
1977,1.3451349840e-03,1.9601850712e-02,1.7712894827e-02,8.1584817963e-05,1.0731077055e-04
1978,1.3407461355e-03,1.9537894637e-02,1.7680190504e-02,8.1449266872e-05,1.0432113777e-04
1979,1.3363709796e-03,1.9474138098e-02,1.7600748688e-02,8.1151403720e-05,1.0618753731e-04
1980,1.3320077510e-03,1.9410555367e-02,1.7557976767e-02,8.0980847997e-05,1.0427700909e-04
1981,1.3276582711e-03,1.9347172987e-02,1.7491739243e-02,8.0731224443e-05,1.0481214849e-04
1982,1.3233235703e-03,1.9284005975e-02,1.7435461283e-02,8.0518693721e-05,1.0433577700e-04
1983,1.3190021149e-03,1.9221031980e-02,1.7382824793e-02,8.0320860434e-05,1.0349985678e-04
1984,1.3146928103e-03,1.9158235053e-02,1.7315166071e-02,8.0074743892e-05,1.0423215281e-04
1985,1.3103968510e-03,1.9095632597e-02,1.7271980643e-02,7.9912970250e-05,1.0245222074e-04
1986,1.3061132982e-03,1.9033210934e-02,1.7198408023e-02,7.9648176325e-05,1.0383211338e-04
1987,1.3018426433e-03,1.8970977224e-02,1.7158808187e-02,7.9499470303e-05,1.0171742906e-04
1988,1.2975844668e-03,1.8908925354e-02,1.7085151747e-02,7.9232660937e-05,1.0314469546e-04
1989,1.2933371470e-03,1.8847031693e-02,1.7043899745e-02,7.9075078247e-05,1.0123811808e-04
1990,1.2891029127e-03,1.8785328721e-02,1.6974622384e-02,7.8820819908e-05,1.0224981816e-04
1991,1.2848820357e-03,1.8723820394e-02,1.6928274184e-02,7.8644203313e-05,1.0091041622e-04
1992,1.2806729900e-03,1.8662484479e-02,1.6865681857e-02,7.8412391304e-05,1.0126787674e-04
1993,1.2764779805e-03,1.8601353106e-02,1.6812952235e-02,7.8216398833e-05,1.0062368528e-04
1994,1.2722946347e-03,1.8540391698e-02,1.6757195815e-02,7.8011784353e-05,1.0030780686e-04
1995,1.2681239789e-03,1.8479615217e-02,1.6698746011e-02,7.7799762948e-05,1.0028715042e-04
1996,1.2639667642e-03,1.8419034604e-02,1.6648517922e-02,7.7617478382e-05,9.9434189906e-05
1997,1.2598209815e-03,1.8358620582e-02,1.6586063430e-02,7.7394899563e-05,9.9860815681e-05
1998,1.2556884321e-03,1.8298399402e-02,1.6539460048e-02,7.7226301073e-05,9.8667631391e-05
1999,1.2515682932e-03,1.8238359073e-02,1.6475016251e-02,7.6997821452e-05,9.9336459243e-05
2000,1.2474604330e-03,1.8178497674e-02,1.6430191696e-02,7.6834541687e-05,9.7996053228e-05
